BEGIN TRANSACTION;
CREATE TABLE `how_describe` (            `howNo` INTEGER PRIMARY KEY AUTOINCREMENT NOT NULL,            `optionNo` INTEGER NOT NULL,            `sence` int(5) DEFAULT NULL,            `describe` varchar(255) DEFAULT NULL,            UNIQUE(sence, describe),            FOREIGN KEY (`optionNo`) REFERENCES `option` (`optionNo`) ON DELETE CASCADE ON UPDATE CASCADE        );
INSERT INTO "how_describe" VALUES(1,41,0,'有層次感');
INSERT INTO "how_describe" VALUES(2,41,0,'家鄉味');
INSERT INTO "how_describe" VALUES(3,41,0,'單調');
INSERT INTO "how_describe" VALUES(4,41,0,'樸實');
INSERT INTO "how_describe" VALUES(5,41,0,'豐富');
INSERT INTO "how_describe" VALUES(6,41,0,'苦');
INSERT INTO "how_describe" VALUES(7,41,0,'辣');
INSERT INTO "how_describe" VALUES(8,41,0,'酸');
INSERT INTO "how_describe" VALUES(9,41,0,'甜');
INSERT INTO "how_describe" VALUES(10,41,0,'鹹');
INSERT INTO "how_describe" VALUES(11,41,0,'奇妙');
INSERT INTO "how_describe" VALUES(12,41,0,'獨特');
INSERT INTO "how_describe" VALUES(13,41,0,'噁心');
INSERT INTO "how_describe" VALUES(14,42,1,'有層次感');
INSERT INTO "how_describe" VALUES(15,42,1,'樸素');
INSERT INTO "how_describe" VALUES(16,42,1,'精緻');
INSERT INTO "how_describe" VALUES(17,42,1,'怪異');
INSERT INTO "how_describe" VALUES(18,42,1,'特別');
INSERT INTO "how_describe" VALUES(19,43,2,'香');
INSERT INTO "how_describe" VALUES(20,43,2,'臭');
INSERT INTO "how_describe" VALUES(21,43,2,'濃厚');
INSERT INTO "how_describe" VALUES(22,43,2,'淡香');
INSERT INTO "how_describe" VALUES(23,43,2,'刺鼻');
INSERT INTO "how_describe" VALUES(24,44,0,'軟Q');
INSERT INTO "how_describe" VALUES(25,44,0,'順口');
INSERT INTO "how_describe" VALUES(26,44,0,'滑嫩');
INSERT INTO "how_describe" VALUES(27,44,0,'酥脆');
INSERT INTO "how_describe" VALUES(28,44,0,'嚼勁');
CREATE TABLE `option` (            `optionNo` INTEGER PRIMARY KEY AUTOINCREMENT NOT NULL ,            `questionClassNo` INTEGER DEFAULT NULL,            `optionClass` varchar(255) DEFAULT NULL,            FOREIGN KEY (`questionClassNo`) REFERENCES `questionclass` (`questionClassNo`) ON DELETE CASCADE ON UPDATE CASCADE,            UNIQUE(questionClassNo, optionClass)        );
INSERT INTO "option" VALUES(1,1,'日式料理');
INSERT INTO "option" VALUES(2,1,'韓式料理');
INSERT INTO "option" VALUES(3,1,'美式料理');
INSERT INTO "option" VALUES(4,1,'台式料理');
INSERT INTO "option" VALUES(5,1,'泰式料理');
INSERT INTO "option" VALUES(6,1,'義式料理');
INSERT INTO "option" VALUES(7,1,'東南亞料理');
INSERT INTO "option" VALUES(8,1,'中式料理');
INSERT INTO "option" VALUES(9,1,'港式料理');
INSERT INTO "option" VALUES(10,1,'其他料理');
INSERT INTO "option" VALUES(11,1,'無菜單料理');
INSERT INTO "option" VALUES(12,1,'飲料');
INSERT INTO "option" VALUES(13,1,'酒類');
INSERT INTO "option" VALUES(14,2,'沒為什麼');
INSERT INTO "option" VALUES(15,2,'餓了');
INSERT INTO "option" VALUES(16,2,'聚會');
INSERT INTO "option" VALUES(17,2,'慶祝');
INSERT INTO "option" VALUES(18,2,'合胃口');
INSERT INTO "option" VALUES(19,2,'嘴饞');
INSERT INTO "option" VALUES(20,2,'嚐鮮');
INSERT INTO "option" VALUES(21,3,'餐廳');
INSERT INTO "option" VALUES(22,3,'路邊攤');
INSERT INTO "option" VALUES(23,3,'小吃店');
INSERT INTO "option" VALUES(24,3,'夜市');
INSERT INTO "option" VALUES(25,3,'居酒屋');
INSERT INTO "option" VALUES(26,3,'速食店');
INSERT INTO "option" VALUES(27,3,'咖啡廳');
INSERT INTO "option" VALUES(28,3,'學校');
INSERT INTO "option" VALUES(29,3,'辦公室');
INSERT INTO "option" VALUES(30,4,'早上');
INSERT INTO "option" VALUES(31,4,'中午');
INSERT INTO "option" VALUES(32,4,'下午');
INSERT INTO "option" VALUES(33,4,'晚上');
INSERT INTO "option" VALUES(34,4,'深夜');
INSERT INTO "option" VALUES(35,5,'家人');
INSERT INTO "option" VALUES(36,5,'朋友');
INSERT INTO "option" VALUES(37,5,'情人');
INSERT INTO "option" VALUES(38,5,'曖昧對象');
INSERT INTO "option" VALUES(39,5,'自己');
INSERT INTO "option" VALUES(40,5,'同事');
INSERT INTO "option" VALUES(41,6,'味覺');
INSERT INTO "option" VALUES(42,6,'視覺');
INSERT INTO "option" VALUES(43,6,'嗅覺');
INSERT INTO "option" VALUES(44,6,'觸覺');
INSERT INTO "option" VALUES(45,7,'生活用品');
INSERT INTO "option" VALUES(46,7,'食物及食品');
INSERT INTO "option" VALUES(47,7,'家電及3C產品');
INSERT INTO "option" VALUES(48,7,'美妝護理品');
INSERT INTO "option" VALUES(49,7,'車用品');
INSERT INTO "option" VALUES(50,7,'服飾鞋包');
INSERT INTO "option" VALUES(51,8,'沒為什麼');
INSERT INTO "option" VALUES(52,8,'送禮');
INSERT INTO "option" VALUES(53,8,'想逛街');
INSERT INTO "option" VALUES(54,8,'有需求');
INSERT INTO "option" VALUES(55,8,'衝動性消費');
INSERT INTO "option" VALUES(56,8,'本來沒有要去');
INSERT INTO "option" VALUES(57,9,'大賣場');
INSERT INTO "option" VALUES(58,9,'百貨公司');
INSERT INTO "option" VALUES(59,9,'傳統市場');
INSERT INTO "option" VALUES(60,9,'商圈');
INSERT INTO "option" VALUES(61,9,'線上購物');
INSERT INTO "option" VALUES(62,10,'早上');
INSERT INTO "option" VALUES(63,10,'中午');
INSERT INTO "option" VALUES(64,10,'下午');
INSERT INTO "option" VALUES(65,10,'晚上');
INSERT INTO "option" VALUES(66,10,'深夜');
INSERT INTO "option" VALUES(67,11,'朋友');
INSERT INTO "option" VALUES(68,11,'家人');
INSERT INTO "option" VALUES(69,11,'另一半');
INSERT INTO "option" VALUES(70,11,'自己');
INSERT INTO "option" VALUES(71,11,'同事');
INSERT INTO "option" VALUES(72,37,'生活用品');
INSERT INTO "option" VALUES(73,37,'食物及食品');
INSERT INTO "option" VALUES(74,37,'家電及3C產品');
INSERT INTO "option" VALUES(75,37,'美妝護理品');
INSERT INTO "option" VALUES(76,37,'車用品');
INSERT INTO "option" VALUES(77,37,'服飾鞋包');
INSERT INTO "option" VALUES(78,38,'沒為什麼');
INSERT INTO "option" VALUES(79,38,'送禮');
INSERT INTO "option" VALUES(80,38,'想逛街');
INSERT INTO "option" VALUES(81,38,'有需求');
INSERT INTO "option" VALUES(82,38,'衝動性消費');
INSERT INTO "option" VALUES(83,38,'本來沒有要去');
INSERT INTO "option" VALUES(84,39,'大賣場');
INSERT INTO "option" VALUES(85,39,'百貨公司');
INSERT INTO "option" VALUES(86,39,'傳統市場');
INSERT INTO "option" VALUES(87,39,'商圈');
INSERT INTO "option" VALUES(88,39,'線上購物');
INSERT INTO "option" VALUES(89,40,'早上');
INSERT INTO "option" VALUES(90,40,'中午');
INSERT INTO "option" VALUES(91,40,'下午');
INSERT INTO "option" VALUES(92,40,'晚上');
INSERT INTO "option" VALUES(93,40,'深夜');
INSERT INTO "option" VALUES(94,41,'朋友');
INSERT INTO "option" VALUES(95,41,'家人');
INSERT INTO "option" VALUES(96,41,'另一半');
INSERT INTO "option" VALUES(97,41,'自己');
INSERT INTO "option" VALUES(98,41,'同事');
INSERT INTO "option" VALUES(99,49,'生活用品');
INSERT INTO "option" VALUES(100,49,'食物及食品');
INSERT INTO "option" VALUES(101,49,'家電及3C產品');
INSERT INTO "option" VALUES(102,49,'美妝護理品');
INSERT INTO "option" VALUES(103,49,'車用品');
INSERT INTO "option" VALUES(104,49,'服飾鞋包');
INSERT INTO "option" VALUES(105,50,'沒為什麼');
INSERT INTO "option" VALUES(106,50,'送禮');
INSERT INTO "option" VALUES(107,50,'想逛街');
INSERT INTO "option" VALUES(108,50,'有需求');
INSERT INTO "option" VALUES(109,50,'衝動性消費');
INSERT INTO "option" VALUES(110,50,'本來沒有要去');
INSERT INTO "option" VALUES(111,51,'大賣場');
INSERT INTO "option" VALUES(112,51,'百貨公司');
INSERT INTO "option" VALUES(113,51,'傳統市場');
INSERT INTO "option" VALUES(114,51,'商圈');
INSERT INTO "option" VALUES(115,51,'線上購物');
INSERT INTO "option" VALUES(116,52,'早上');
INSERT INTO "option" VALUES(117,52,'中午');
INSERT INTO "option" VALUES(118,52,'下午');
INSERT INTO "option" VALUES(119,52,'晚上');
INSERT INTO "option" VALUES(120,52,'深夜');
INSERT INTO "option" VALUES(121,53,'朋友');
INSERT INTO "option" VALUES(122,53,'家人');
INSERT INTO "option" VALUES(123,53,'另一半');
INSERT INTO "option" VALUES(124,53,'自己');
INSERT INTO "option" VALUES(125,53,'同事');
INSERT INTO "option" VALUES(126,55,'生活用品');
INSERT INTO "option" VALUES(127,55,'食物及食品');
INSERT INTO "option" VALUES(128,55,'家電及3C產品');
INSERT INTO "option" VALUES(129,55,'美妝護理品');
INSERT INTO "option" VALUES(130,55,'車用品');
INSERT INTO "option" VALUES(131,55,'服飾鞋包');
INSERT INTO "option" VALUES(132,56,'沒為什麼');
INSERT INTO "option" VALUES(133,56,'送禮');
INSERT INTO "option" VALUES(134,56,'想逛街');
INSERT INTO "option" VALUES(135,56,'有需求');
INSERT INTO "option" VALUES(136,56,'衝動性消費');
INSERT INTO "option" VALUES(137,56,'本來沒有要去');
INSERT INTO "option" VALUES(138,57,'大賣場');
INSERT INTO "option" VALUES(139,57,'百貨公司');
INSERT INTO "option" VALUES(140,57,'傳統市場');
INSERT INTO "option" VALUES(141,57,'商圈');
INSERT INTO "option" VALUES(142,57,'線上購物');
INSERT INTO "option" VALUES(143,58,'早上');
INSERT INTO "option" VALUES(144,58,'中午');
INSERT INTO "option" VALUES(145,58,'下午');
INSERT INTO "option" VALUES(146,58,'晚上');
INSERT INTO "option" VALUES(147,58,'深夜');
INSERT INTO "option" VALUES(148,59,'朋友');
INSERT INTO "option" VALUES(149,59,'家人');
INSERT INTO "option" VALUES(150,59,'另一半');
INSERT INTO "option" VALUES(151,59,'自己');
INSERT INTO "option" VALUES(152,59,'同事');
INSERT INTO "option" VALUES(153,61,'生活用品');
INSERT INTO "option" VALUES(154,61,'食物及食品');
INSERT INTO "option" VALUES(155,61,'家電及3C產品');
INSERT INTO "option" VALUES(156,61,'美妝護理品');
INSERT INTO "option" VALUES(157,61,'車用品');
INSERT INTO "option" VALUES(158,61,'服飾鞋包');
INSERT INTO "option" VALUES(159,62,'沒為什麼');
INSERT INTO "option" VALUES(160,62,'送禮');
INSERT INTO "option" VALUES(161,62,'想逛街');
INSERT INTO "option" VALUES(162,62,'有需求');
INSERT INTO "option" VALUES(163,62,'衝動性消費');
INSERT INTO "option" VALUES(164,62,'本來沒有要去');
INSERT INTO "option" VALUES(165,63,'大賣場');
INSERT INTO "option" VALUES(166,63,'百貨公司');
INSERT INTO "option" VALUES(167,63,'傳統市場');
INSERT INTO "option" VALUES(168,63,'商圈');
INSERT INTO "option" VALUES(169,63,'線上購物');
INSERT INTO "option" VALUES(170,64,'早上');
INSERT INTO "option" VALUES(171,64,'中午');
INSERT INTO "option" VALUES(172,64,'下午');
INSERT INTO "option" VALUES(173,64,'晚上');
INSERT INTO "option" VALUES(174,64,'深夜');
INSERT INTO "option" VALUES(175,65,'朋友');
INSERT INTO "option" VALUES(176,65,'家人');
INSERT INTO "option" VALUES(177,65,'另一半');
INSERT INTO "option" VALUES(178,65,'自己');
INSERT INTO "option" VALUES(179,65,'同事');
INSERT INTO "option" VALUES(180,19,'看電影');
INSERT INTO "option" VALUES(181,19,'運動');
INSERT INTO "option" VALUES(182,19,'聽歌');
INSERT INTO "option" VALUES(183,19,'唱歌');
INSERT INTO "option" VALUES(184,19,'追劇');
INSERT INTO "option" VALUES(185,19,'玩桌遊');
INSERT INTO "option" VALUES(186,19,'打電動');
INSERT INTO "option" VALUES(187,20,'沒為什麼');
INSERT INTO "option" VALUES(188,20,'無聊');
INSERT INTO "option" VALUES(189,20,'紓壓');
INSERT INTO "option" VALUES(190,20,'想瘦身');
INSERT INTO "option" VALUES(191,20,'打發時間');
INSERT INTO "option" VALUES(192,21,'電影院');
INSERT INTO "option" VALUES(193,21,'健身房');
INSERT INTO "option" VALUES(194,21,'家');
INSERT INTO "option" VALUES(195,21,'桌遊店');
INSERT INTO "option" VALUES(196,21,'KTV');
INSERT INTO "option" VALUES(197,21,'公園');
INSERT INTO "option" VALUES(198,21,'交通工具');
INSERT INTO "option" VALUES(199,22,'早上');
INSERT INTO "option" VALUES(200,22,'中午');
INSERT INTO "option" VALUES(201,22,'下午');
INSERT INTO "option" VALUES(202,22,'晚上');
INSERT INTO "option" VALUES(203,22,'深夜');
INSERT INTO "option" VALUES(204,23,'家人');
INSERT INTO "option" VALUES(205,23,'朋友');
INSERT INTO "option" VALUES(206,23,'另一半');
INSERT INTO "option" VALUES(207,23,'同學');
INSERT INTO "option" VALUES(208,23,'同事');
INSERT INTO "option" VALUES(209,23,'自己');
INSERT INTO "option" VALUES(210,67,'看電影');
INSERT INTO "option" VALUES(211,67,'運動');
INSERT INTO "option" VALUES(212,67,'聽歌');
INSERT INTO "option" VALUES(213,67,'唱歌');
INSERT INTO "option" VALUES(214,67,'追劇');
INSERT INTO "option" VALUES(215,67,'玩桌遊');
INSERT INTO "option" VALUES(216,67,'打電動');
INSERT INTO "option" VALUES(217,68,'沒為什麼');
INSERT INTO "option" VALUES(218,68,'無聊');
INSERT INTO "option" VALUES(219,68,'紓壓');
INSERT INTO "option" VALUES(220,68,'想瘦身');
INSERT INTO "option" VALUES(221,68,'打發時間');
INSERT INTO "option" VALUES(222,69,'電影院');
INSERT INTO "option" VALUES(223,69,'健身房');
INSERT INTO "option" VALUES(224,69,'家');
INSERT INTO "option" VALUES(225,69,'桌遊店');
INSERT INTO "option" VALUES(226,69,'KTV');
INSERT INTO "option" VALUES(227,69,'公園');
INSERT INTO "option" VALUES(228,69,'交通工具');
INSERT INTO "option" VALUES(229,70,'早上');
INSERT INTO "option" VALUES(230,70,'中午');
INSERT INTO "option" VALUES(231,70,'下午');
INSERT INTO "option" VALUES(232,70,'晚上');
INSERT INTO "option" VALUES(233,70,'深夜');
INSERT INTO "option" VALUES(234,71,'家人');
INSERT INTO "option" VALUES(235,71,'朋友');
INSERT INTO "option" VALUES(236,71,'另一半');
INSERT INTO "option" VALUES(237,71,'同學');
INSERT INTO "option" VALUES(238,71,'同事');
INSERT INTO "option" VALUES(239,71,'自己');
INSERT INTO "option" VALUES(240,73,'看電影');
INSERT INTO "option" VALUES(241,73,'運動');
INSERT INTO "option" VALUES(242,73,'聽歌');
INSERT INTO "option" VALUES(243,73,'唱歌');
INSERT INTO "option" VALUES(244,73,'追劇');
INSERT INTO "option" VALUES(245,73,'玩桌遊');
INSERT INTO "option" VALUES(246,73,'打電動');
INSERT INTO "option" VALUES(247,74,'沒為什麼');
INSERT INTO "option" VALUES(248,74,'無聊');
INSERT INTO "option" VALUES(249,74,'紓壓');
INSERT INTO "option" VALUES(250,74,'想瘦身');
INSERT INTO "option" VALUES(251,74,'打發時間');
INSERT INTO "option" VALUES(252,75,'電影院');
INSERT INTO "option" VALUES(253,75,'健身房');
INSERT INTO "option" VALUES(254,75,'家');
INSERT INTO "option" VALUES(255,75,'桌遊店');
INSERT INTO "option" VALUES(256,75,'KTV');
INSERT INTO "option" VALUES(257,75,'公園');
INSERT INTO "option" VALUES(258,75,'交通工具');
INSERT INTO "option" VALUES(259,76,'早上');
INSERT INTO "option" VALUES(260,76,'中午');
INSERT INTO "option" VALUES(261,76,'下午');
INSERT INTO "option" VALUES(262,76,'晚上');
INSERT INTO "option" VALUES(263,76,'深夜');
INSERT INTO "option" VALUES(264,77,'家人');
INSERT INTO "option" VALUES(265,77,'朋友');
INSERT INTO "option" VALUES(266,77,'另一半');
INSERT INTO "option" VALUES(267,77,'同學');
INSERT INTO "option" VALUES(268,77,'同事');
INSERT INTO "option" VALUES(269,77,'自己');
INSERT INTO "option" VALUES(270,79,'看電影');
INSERT INTO "option" VALUES(271,79,'運動');
INSERT INTO "option" VALUES(272,79,'聽歌');
INSERT INTO "option" VALUES(273,79,'唱歌');
INSERT INTO "option" VALUES(274,79,'追劇');
INSERT INTO "option" VALUES(275,79,'玩桌遊');
INSERT INTO "option" VALUES(276,79,'打電動');
INSERT INTO "option" VALUES(277,80,'沒為什麼');
INSERT INTO "option" VALUES(278,80,'無聊');
INSERT INTO "option" VALUES(279,80,'紓壓');
INSERT INTO "option" VALUES(280,80,'想瘦身');
INSERT INTO "option" VALUES(281,80,'打發時間');
INSERT INTO "option" VALUES(282,81,'電影院');
INSERT INTO "option" VALUES(283,81,'健身房');
INSERT INTO "option" VALUES(284,81,'家');
INSERT INTO "option" VALUES(285,81,'桌遊店');
INSERT INTO "option" VALUES(286,81,'KTV');
INSERT INTO "option" VALUES(287,81,'公園');
INSERT INTO "option" VALUES(288,81,'交通工具');
INSERT INTO "option" VALUES(289,82,'早上');
INSERT INTO "option" VALUES(290,82,'中午');
INSERT INTO "option" VALUES(291,82,'下午');
INSERT INTO "option" VALUES(292,82,'晚上');
INSERT INTO "option" VALUES(293,82,'深夜');
INSERT INTO "option" VALUES(294,83,'家人');
INSERT INTO "option" VALUES(295,83,'朋友');
INSERT INTO "option" VALUES(296,83,'另一半');
INSERT INTO "option" VALUES(297,83,'同學');
INSERT INTO "option" VALUES(298,83,'同事');
INSERT INTO "option" VALUES(299,83,'自己');
INSERT INTO "option" VALUES(300,85,'看電影');
INSERT INTO "option" VALUES(301,85,'運動');
INSERT INTO "option" VALUES(302,85,'聽歌');
INSERT INTO "option" VALUES(303,85,'唱歌');
INSERT INTO "option" VALUES(304,85,'玩桌遊');
INSERT INTO "option" VALUES(305,85,'打電動');
INSERT INTO "option" VALUES(306,86,'跟別人鬧不開心');
INSERT INTO "option" VALUES(307,86,'做事情不順');
INSERT INTO "option" VALUES(308,86,'考試考不好');
INSERT INTO "option" VALUES(309,86,'壓力過大');
INSERT INTO "option" VALUES(310,87,'電影院');
INSERT INTO "option" VALUES(311,87,'健身房');
INSERT INTO "option" VALUES(312,87,'家');
INSERT INTO "option" VALUES(313,87,'桌遊店');
INSERT INTO "option" VALUES(314,87,'KTV');
INSERT INTO "option" VALUES(315,87,'公園');
INSERT INTO "option" VALUES(316,87,'交通工具');
INSERT INTO "option" VALUES(317,88,'早上');
INSERT INTO "option" VALUES(318,88,'中午');
INSERT INTO "option" VALUES(319,88,'下午');
INSERT INTO "option" VALUES(320,88,'晚上');
INSERT INTO "option" VALUES(321,88,'深夜');
INSERT INTO "option" VALUES(322,89,'家人');
INSERT INTO "option" VALUES(323,89,'朋友');
INSERT INTO "option" VALUES(324,89,'另一半');
INSERT INTO "option" VALUES(325,89,'同學');
INSERT INTO "option" VALUES(326,89,'同事');
INSERT INTO "option" VALUES(327,89,'自己');
INSERT INTO "option" VALUES(328,25,'約會');
INSERT INTO "option" VALUES(329,25,'看電影');
INSERT INTO "option" VALUES(330,25,'吃飯');
INSERT INTO "option" VALUES(331,25,'運動');
INSERT INTO "option" VALUES(332,25,'唱歌');
INSERT INTO "option" VALUES(333,25,'逛街');
INSERT INTO "option" VALUES(334,26,'慶祝節日');
INSERT INTO "option" VALUES(335,26,'一時興起');
INSERT INTO "option" VALUES(336,26,'預定好的行程');
INSERT INTO "option" VALUES(337,26,'情侶日常');
INSERT INTO "option" VALUES(338,27,'家裡');
INSERT INTO "option" VALUES(339,27,'公園');
INSERT INTO "option" VALUES(340,27,'餐廳');
INSERT INTO "option" VALUES(341,27,'賣場(超市)');
INSERT INTO "option" VALUES(342,27,'百貨公司');
INSERT INTO "option" VALUES(343,27,'商圈');
INSERT INTO "option" VALUES(344,27,'夜市');
INSERT INTO "option" VALUES(345,28,'早上');
INSERT INTO "option" VALUES(346,28,'中午');
INSERT INTO "option" VALUES(347,28,'晚上');
INSERT INTO "option" VALUES(348,28,'下午');
INSERT INTO "option" VALUES(349,28,'深夜');
INSERT INTO "option" VALUES(350,29,'寵物');
INSERT INTO "option" VALUES(351,29,'家人');
INSERT INTO "option" VALUES(352,29,'朋友');
INSERT INTO "option" VALUES(353,29,'兩個人單獨');
INSERT INTO "option" VALUES(354,91,'約會');
INSERT INTO "option" VALUES(355,91,'看電影');
INSERT INTO "option" VALUES(356,91,'吃飯');
INSERT INTO "option" VALUES(357,91,'運動');
INSERT INTO "option" VALUES(358,91,'唱歌');
INSERT INTO "option" VALUES(359,91,'逛街');
INSERT INTO "option" VALUES(360,92,'慶祝節日');
INSERT INTO "option" VALUES(361,92,'一時興起');
INSERT INTO "option" VALUES(362,92,'預定好的行程');
INSERT INTO "option" VALUES(363,92,'情侶日常');
INSERT INTO "option" VALUES(364,93,'家裡');
INSERT INTO "option" VALUES(365,93,'公園');
INSERT INTO "option" VALUES(366,93,'餐廳');
INSERT INTO "option" VALUES(367,93,'賣場(超市)');
INSERT INTO "option" VALUES(368,93,'百貨公司');
INSERT INTO "option" VALUES(369,93,'商圈');
INSERT INTO "option" VALUES(370,93,'夜市');
INSERT INTO "option" VALUES(371,94,'早上');
INSERT INTO "option" VALUES(372,94,'中午');
INSERT INTO "option" VALUES(373,94,'晚上');
INSERT INTO "option" VALUES(374,94,'下午');
INSERT INTO "option" VALUES(375,94,'深夜');
INSERT INTO "option" VALUES(376,95,'寵物');
INSERT INTO "option" VALUES(377,95,'家人');
INSERT INTO "option" VALUES(378,95,'朋友');
INSERT INTO "option" VALUES(379,95,'兩個人單獨');
INSERT INTO "option" VALUES(380,96,'約會');
INSERT INTO "option" VALUES(381,96,'看電影');
INSERT INTO "option" VALUES(382,96,'吃飯');
INSERT INTO "option" VALUES(383,96,'運動');
INSERT INTO "option" VALUES(384,96,'唱歌');
INSERT INTO "option" VALUES(385,96,'逛街');
INSERT INTO "option" VALUES(386,97,'慶祝節日');
INSERT INTO "option" VALUES(387,97,'一時興起');
INSERT INTO "option" VALUES(388,97,'預定好的行程');
INSERT INTO "option" VALUES(389,97,'情侶日常');
INSERT INTO "option" VALUES(390,98,'家裡');
INSERT INTO "option" VALUES(391,98,'公園');
INSERT INTO "option" VALUES(392,98,'餐廳');
INSERT INTO "option" VALUES(393,98,'賣場(超市)');
INSERT INTO "option" VALUES(394,98,'百貨公司');
INSERT INTO "option" VALUES(395,98,'商圈');
INSERT INTO "option" VALUES(396,98,'夜市');
INSERT INTO "option" VALUES(397,99,'早上');
INSERT INTO "option" VALUES(398,99,'中午');
INSERT INTO "option" VALUES(399,99,'晚上');
INSERT INTO "option" VALUES(400,99,'下午');
INSERT INTO "option" VALUES(401,99,'深夜');
INSERT INTO "option" VALUES(402,100,'寵物');
INSERT INTO "option" VALUES(403,100,'家人');
INSERT INTO "option" VALUES(404,100,'朋友');
INSERT INTO "option" VALUES(405,100,'兩個人單獨');
INSERT INTO "option" VALUES(406,101,'約會');
INSERT INTO "option" VALUES(407,101,'看電影');
INSERT INTO "option" VALUES(408,101,'吃飯');
INSERT INTO "option" VALUES(409,101,'運動');
INSERT INTO "option" VALUES(410,101,'唱歌');
INSERT INTO "option" VALUES(411,101,'逛街');
INSERT INTO "option" VALUES(412,102,'慶祝節日');
INSERT INTO "option" VALUES(413,102,'一時興起');
INSERT INTO "option" VALUES(414,102,'預定好的行程');
INSERT INTO "option" VALUES(415,102,'情侶日常');
INSERT INTO "option" VALUES(416,103,'家裡');
INSERT INTO "option" VALUES(417,103,'公園');
INSERT INTO "option" VALUES(418,103,'餐廳');
INSERT INTO "option" VALUES(419,103,'賣場(超市)');
INSERT INTO "option" VALUES(420,103,'百貨公司');
INSERT INTO "option" VALUES(421,103,'商圈');
INSERT INTO "option" VALUES(422,103,'夜市');
INSERT INTO "option" VALUES(423,104,'早上');
INSERT INTO "option" VALUES(424,104,'中午');
INSERT INTO "option" VALUES(425,104,'晚上');
INSERT INTO "option" VALUES(426,104,'下午');
INSERT INTO "option" VALUES(427,104,'深夜');
INSERT INTO "option" VALUES(428,105,'寵物');
INSERT INTO "option" VALUES(429,105,'家人');
INSERT INTO "option" VALUES(430,105,'朋友');
INSERT INTO "option" VALUES(431,105,'兩個人單獨');
INSERT INTO "option" VALUES(432,106,'吵架');
INSERT INTO "option" VALUES(433,106,'冷戰');
INSERT INTO "option" VALUES(434,106,'打架');
INSERT INTO "option" VALUES(435,106,'分手');
INSERT INTO "option" VALUES(436,107,'意見不合');
INSERT INTO "option" VALUES(437,107,'價值觀不同');
INSERT INTO "option" VALUES(438,107,'失去新鮮感');
INSERT INTO "option" VALUES(439,107,'遠距離');
INSERT INTO "option" VALUES(440,107,'不想忍耐了');
INSERT INTO "option" VALUES(441,108,'家裡');
INSERT INTO "option" VALUES(442,108,'公園');
INSERT INTO "option" VALUES(443,108,'餐廳');
INSERT INTO "option" VALUES(444,108,'賣場(超市)');
INSERT INTO "option" VALUES(445,108,'百貨公司');
INSERT INTO "option" VALUES(446,108,'商圈');
INSERT INTO "option" VALUES(447,108,'夜市');
INSERT INTO "option" VALUES(448,109,'早上');
INSERT INTO "option" VALUES(449,109,'中午');
INSERT INTO "option" VALUES(450,109,'晚上');
INSERT INTO "option" VALUES(451,109,'下午');
INSERT INTO "option" VALUES(452,109,'深夜');
INSERT INTO "option" VALUES(453,110,'寵物');
INSERT INTO "option" VALUES(454,110,'家人');
INSERT INTO "option" VALUES(455,110,'朋友');
INSERT INTO "option" VALUES(456,110,'兩個人單獨');
CREATE TABLE `pattern_index` (            `optionNo` INTEGER NOT NULL,            `sentencePatternNo` INTEGER NOT NULL,            PRIMARY KEY (`optionNo`,`sentencePatternNo`),            FOREIGN KEY (`optionNo`) REFERENCES `option` (`optionNo`),            FOREIGN KEY (`sentencePatternNo`) REFERENCES `sentence_pattern` (`sentencePatternNo`)        );
INSERT INTO "pattern_index" VALUES(1,1);
INSERT INTO "pattern_index" VALUES(2,1);
INSERT INTO "pattern_index" VALUES(3,1);
INSERT INTO "pattern_index" VALUES(4,1);
INSERT INTO "pattern_index" VALUES(5,1);
INSERT INTO "pattern_index" VALUES(6,1);
INSERT INTO "pattern_index" VALUES(7,1);
INSERT INTO "pattern_index" VALUES(8,1);
INSERT INTO "pattern_index" VALUES(9,1);
INSERT INTO "pattern_index" VALUES(10,1);
INSERT INTO "pattern_index" VALUES(11,1);
INSERT INTO "pattern_index" VALUES(1,2);
INSERT INTO "pattern_index" VALUES(2,2);
INSERT INTO "pattern_index" VALUES(3,2);
INSERT INTO "pattern_index" VALUES(4,2);
INSERT INTO "pattern_index" VALUES(5,2);
INSERT INTO "pattern_index" VALUES(6,2);
INSERT INTO "pattern_index" VALUES(7,2);
INSERT INTO "pattern_index" VALUES(8,2);
INSERT INTO "pattern_index" VALUES(9,2);
INSERT INTO "pattern_index" VALUES(10,2);
INSERT INTO "pattern_index" VALUES(11,2);
INSERT INTO "pattern_index" VALUES(12,3);
INSERT INTO "pattern_index" VALUES(13,3);
INSERT INTO "pattern_index" VALUES(13,4);
INSERT INTO "pattern_index" VALUES(14,5);
INSERT INTO "pattern_index" VALUES(14,6);
INSERT INTO "pattern_index" VALUES(15,7);
INSERT INTO "pattern_index" VALUES(19,7);
INSERT INTO "pattern_index" VALUES(15,8);
INSERT INTO "pattern_index" VALUES(16,9);
INSERT INTO "pattern_index" VALUES(16,10);
INSERT INTO "pattern_index" VALUES(17,10);
INSERT INTO "pattern_index" VALUES(17,11);
INSERT INTO "pattern_index" VALUES(18,12);
INSERT INTO "pattern_index" VALUES(19,13);
INSERT INTO "pattern_index" VALUES(17,14);
INSERT INTO "pattern_index" VALUES(20,14);
INSERT INTO "pattern_index" VALUES(21,15);
INSERT INTO "pattern_index" VALUES(23,15);
INSERT INTO "pattern_index" VALUES(25,15);
INSERT INTO "pattern_index" VALUES(26,15);
INSERT INTO "pattern_index" VALUES(27,15);
INSERT INTO "pattern_index" VALUES(21,16);
INSERT INTO "pattern_index" VALUES(22,16);
INSERT INTO "pattern_index" VALUES(23,16);
INSERT INTO "pattern_index" VALUES(24,16);
INSERT INTO "pattern_index" VALUES(25,16);
INSERT INTO "pattern_index" VALUES(26,16);
INSERT INTO "pattern_index" VALUES(27,16);
INSERT INTO "pattern_index" VALUES(28,16);
INSERT INTO "pattern_index" VALUES(29,16);
INSERT INTO "pattern_index" VALUES(21,17);
INSERT INTO "pattern_index" VALUES(22,17);
INSERT INTO "pattern_index" VALUES(23,17);
INSERT INTO "pattern_index" VALUES(24,17);
INSERT INTO "pattern_index" VALUES(25,17);
INSERT INTO "pattern_index" VALUES(26,17);
INSERT INTO "pattern_index" VALUES(27,17);
INSERT INTO "pattern_index" VALUES(28,18);
INSERT INTO "pattern_index" VALUES(29,18);
INSERT INTO "pattern_index" VALUES(30,19);
INSERT INTO "pattern_index" VALUES(31,19);
INSERT INTO "pattern_index" VALUES(32,19);
INSERT INTO "pattern_index" VALUES(33,19);
INSERT INTO "pattern_index" VALUES(30,20);
INSERT INTO "pattern_index" VALUES(33,21);
INSERT INTO "pattern_index" VALUES(34,22);
INSERT INTO "pattern_index" VALUES(35,23);
INSERT INTO "pattern_index" VALUES(36,23);
INSERT INTO "pattern_index" VALUES(37,23);
INSERT INTO "pattern_index" VALUES(38,23);
INSERT INTO "pattern_index" VALUES(40,23);
INSERT INTO "pattern_index" VALUES(35,24);
INSERT INTO "pattern_index" VALUES(36,24);
INSERT INTO "pattern_index" VALUES(37,24);
INSERT INTO "pattern_index" VALUES(38,24);
INSERT INTO "pattern_index" VALUES(35,25);
INSERT INTO "pattern_index" VALUES(36,25);
INSERT INTO "pattern_index" VALUES(37,25);
INSERT INTO "pattern_index" VALUES(38,25);
INSERT INTO "pattern_index" VALUES(40,25);
INSERT INTO "pattern_index" VALUES(35,26);
INSERT INTO "pattern_index" VALUES(36,26);
INSERT INTO "pattern_index" VALUES(37,26);
INSERT INTO "pattern_index" VALUES(38,26);
INSERT INTO "pattern_index" VALUES(40,26);
INSERT INTO "pattern_index" VALUES(39,27);
INSERT INTO "pattern_index" VALUES(39,28);
INSERT INTO "pattern_index" VALUES(41,29);
INSERT INTO "pattern_index" VALUES(42,30);
INSERT INTO "pattern_index" VALUES(43,31);
INSERT INTO "pattern_index" VALUES(44,32);
INSERT INTO "pattern_index" VALUES(62,33);
INSERT INTO "pattern_index" VALUES(67,34);
INSERT INTO "pattern_index" VALUES(51,35);
INSERT INTO "pattern_index" VALUES(57,36);
INSERT INTO "pattern_index" VALUES(45,37);
INSERT INTO "pattern_index" VALUES(57,38);
INSERT INTO "pattern_index" VALUES(45,39);
INSERT INTO "pattern_index" VALUES(51,40);
INSERT INTO "pattern_index" VALUES(57,41);
INSERT INTO "pattern_index" VALUES(45,42);
INSERT INTO "pattern_index" VALUES(89,43);
INSERT INTO "pattern_index" VALUES(94,44);
INSERT INTO "pattern_index" VALUES(78,45);
INSERT INTO "pattern_index" VALUES(84,46);
INSERT INTO "pattern_index" VALUES(72,47);
INSERT INTO "pattern_index" VALUES(84,48);
INSERT INTO "pattern_index" VALUES(72,49);
INSERT INTO "pattern_index" VALUES(78,50);
INSERT INTO "pattern_index" VALUES(84,51);
INSERT INTO "pattern_index" VALUES(72,52);
INSERT INTO "pattern_index" VALUES(45,53);
INSERT INTO "pattern_index" VALUES(45,54);
INSERT INTO "pattern_index" VALUES(45,55);
INSERT INTO "pattern_index" VALUES(45,56);
INSERT INTO "pattern_index" VALUES(45,57);
INSERT INTO "pattern_index" VALUES(49,58);
INSERT INTO "pattern_index" VALUES(49,59);
INSERT INTO "pattern_index" VALUES(45,60);
INSERT INTO "pattern_index" VALUES(345,61);
INSERT INTO "pattern_index" VALUES(351,62);
INSERT INTO "pattern_index" VALUES(340,63);
INSERT INTO "pattern_index" VALUES(328,64);
INSERT INTO "pattern_index" VALUES(334,65);
INSERT INTO "pattern_index" VALUES(340,66);
INSERT INTO "pattern_index" VALUES(340,67);
INSERT INTO "pattern_index" VALUES(328,68);
INSERT INTO "pattern_index" VALUES(334,69);
INSERT INTO "pattern_index" VALUES(328,70);
INSERT INTO "pattern_index" VALUES(334,71);
INSERT INTO "pattern_index" VALUES(353,72);
INSERT INTO "pattern_index" VALUES(338,73);
INSERT INTO "pattern_index" VALUES(335,74);
INSERT INTO "pattern_index" VALUES(336,75);
INSERT INTO "pattern_index" VALUES(341,76);
INSERT INTO "pattern_index" VALUES(333,77);
INSERT INTO "pattern_index" VALUES(335,78);
INSERT INTO "pattern_index" VALUES(335,79);
INSERT INTO "pattern_index" VALUES(328,80);
INSERT INTO "pattern_index" VALUES(328,81);
INSERT INTO "pattern_index" VALUES(328,82);
INSERT INTO "pattern_index" VALUES(328,83);
INSERT INTO "pattern_index" VALUES(336,84);
INSERT INTO "pattern_index" VALUES(340,85);
INSERT INTO "pattern_index" VALUES(340,86);
INSERT INTO "pattern_index" VALUES(340,87);
INSERT INTO "pattern_index" VALUES(340,88);
INSERT INTO "pattern_index" VALUES(331,89);
INSERT INTO "pattern_index" VALUES(336,90);
INSERT INTO "pattern_index" VALUES(340,91);
INSERT INTO "pattern_index" VALUES(371,92);
INSERT INTO "pattern_index" VALUES(377,93);
INSERT INTO "pattern_index" VALUES(366,94);
INSERT INTO "pattern_index" VALUES(354,95);
INSERT INTO "pattern_index" VALUES(360,96);
INSERT INTO "pattern_index" VALUES(366,97);
INSERT INTO "pattern_index" VALUES(366,98);
INSERT INTO "pattern_index" VALUES(354,99);
INSERT INTO "pattern_index" VALUES(360,100);
INSERT INTO "pattern_index" VALUES(354,101);
INSERT INTO "pattern_index" VALUES(360,102);
INSERT INTO "pattern_index" VALUES(379,103);
INSERT INTO "pattern_index" VALUES(364,104);
INSERT INTO "pattern_index" VALUES(361,105);
INSERT INTO "pattern_index" VALUES(362,106);
INSERT INTO "pattern_index" VALUES(367,107);
INSERT INTO "pattern_index" VALUES(359,108);
INSERT INTO "pattern_index" VALUES(361,109);
INSERT INTO "pattern_index" VALUES(361,110);
INSERT INTO "pattern_index" VALUES(354,111);
INSERT INTO "pattern_index" VALUES(354,112);
INSERT INTO "pattern_index" VALUES(354,113);
INSERT INTO "pattern_index" VALUES(354,114);
INSERT INTO "pattern_index" VALUES(362,115);
INSERT INTO "pattern_index" VALUES(366,116);
INSERT INTO "pattern_index" VALUES(366,117);
INSERT INTO "pattern_index" VALUES(366,118);
INSERT INTO "pattern_index" VALUES(366,119);
INSERT INTO "pattern_index" VALUES(357,120);
INSERT INTO "pattern_index" VALUES(362,121);
INSERT INTO "pattern_index" VALUES(366,122);
INSERT INTO "pattern_index" VALUES(397,123);
INSERT INTO "pattern_index" VALUES(403,124);
INSERT INTO "pattern_index" VALUES(392,125);
INSERT INTO "pattern_index" VALUES(380,126);
INSERT INTO "pattern_index" VALUES(386,127);
INSERT INTO "pattern_index" VALUES(392,128);
INSERT INTO "pattern_index" VALUES(392,129);
INSERT INTO "pattern_index" VALUES(380,130);
INSERT INTO "pattern_index" VALUES(386,131);
INSERT INTO "pattern_index" VALUES(380,132);
INSERT INTO "pattern_index" VALUES(386,133);
INSERT INTO "pattern_index" VALUES(405,134);
INSERT INTO "pattern_index" VALUES(390,135);
INSERT INTO "pattern_index" VALUES(387,136);
INSERT INTO "pattern_index" VALUES(388,137);
INSERT INTO "pattern_index" VALUES(393,138);
INSERT INTO "pattern_index" VALUES(385,139);
INSERT INTO "pattern_index" VALUES(387,140);
INSERT INTO "pattern_index" VALUES(387,141);
INSERT INTO "pattern_index" VALUES(380,142);
INSERT INTO "pattern_index" VALUES(380,143);
INSERT INTO "pattern_index" VALUES(380,144);
INSERT INTO "pattern_index" VALUES(380,145);
INSERT INTO "pattern_index" VALUES(388,146);
INSERT INTO "pattern_index" VALUES(392,147);
INSERT INTO "pattern_index" VALUES(392,148);
INSERT INTO "pattern_index" VALUES(392,149);
INSERT INTO "pattern_index" VALUES(392,150);
INSERT INTO "pattern_index" VALUES(383,151);
INSERT INTO "pattern_index" VALUES(388,152);
INSERT INTO "pattern_index" VALUES(392,153);
INSERT INTO "pattern_index" VALUES(423,154);
INSERT INTO "pattern_index" VALUES(429,155);
INSERT INTO "pattern_index" VALUES(418,156);
INSERT INTO "pattern_index" VALUES(406,157);
INSERT INTO "pattern_index" VALUES(412,158);
INSERT INTO "pattern_index" VALUES(418,159);
INSERT INTO "pattern_index" VALUES(418,160);
INSERT INTO "pattern_index" VALUES(406,161);
INSERT INTO "pattern_index" VALUES(412,162);
INSERT INTO "pattern_index" VALUES(406,163);
INSERT INTO "pattern_index" VALUES(412,164);
INSERT INTO "pattern_index" VALUES(431,165);
INSERT INTO "pattern_index" VALUES(416,166);
INSERT INTO "pattern_index" VALUES(413,167);
INSERT INTO "pattern_index" VALUES(414,168);
INSERT INTO "pattern_index" VALUES(419,169);
INSERT INTO "pattern_index" VALUES(411,170);
INSERT INTO "pattern_index" VALUES(413,171);
INSERT INTO "pattern_index" VALUES(413,172);
INSERT INTO "pattern_index" VALUES(406,173);
INSERT INTO "pattern_index" VALUES(406,174);
INSERT INTO "pattern_index" VALUES(406,175);
INSERT INTO "pattern_index" VALUES(406,176);
INSERT INTO "pattern_index" VALUES(414,177);
INSERT INTO "pattern_index" VALUES(418,178);
INSERT INTO "pattern_index" VALUES(418,179);
INSERT INTO "pattern_index" VALUES(418,180);
INSERT INTO "pattern_index" VALUES(418,181);
INSERT INTO "pattern_index" VALUES(409,182);
INSERT INTO "pattern_index" VALUES(414,183);
INSERT INTO "pattern_index" VALUES(418,184);
INSERT INTO "pattern_index" VALUES(199,185);
INSERT INTO "pattern_index" VALUES(204,186);
INSERT INTO "pattern_index" VALUES(187,187);
INSERT INTO "pattern_index" VALUES(192,188);
INSERT INTO "pattern_index" VALUES(180,189);
INSERT INTO "pattern_index" VALUES(199,190);
INSERT INTO "pattern_index" VALUES(192,191);
INSERT INTO "pattern_index" VALUES(192,192);
INSERT INTO "pattern_index" VALUES(187,193);
INSERT INTO "pattern_index" VALUES(192,194);
INSERT INTO "pattern_index" VALUES(180,195);
INSERT INTO "pattern_index" VALUES(184,196);
INSERT INTO "pattern_index" VALUES(180,197);
INSERT INTO "pattern_index" VALUES(198,198);
INSERT INTO "pattern_index" VALUES(198,199);
INSERT INTO "pattern_index" VALUES(198,200);
INSERT INTO "pattern_index" VALUES(198,201);
INSERT INTO "pattern_index" VALUES(180,202);
INSERT INTO "pattern_index" VALUES(209,203);
INSERT INTO "pattern_index" VALUES(229,204);
INSERT INTO "pattern_index" VALUES(234,205);
INSERT INTO "pattern_index" VALUES(217,206);
INSERT INTO "pattern_index" VALUES(222,207);
INSERT INTO "pattern_index" VALUES(210,208);
INSERT INTO "pattern_index" VALUES(229,209);
INSERT INTO "pattern_index" VALUES(222,210);
INSERT INTO "pattern_index" VALUES(217,211);
INSERT INTO "pattern_index" VALUES(222,212);
INSERT INTO "pattern_index" VALUES(210,213);
INSERT INTO "pattern_index" VALUES(259,214);
INSERT INTO "pattern_index" VALUES(264,215);
INSERT INTO "pattern_index" VALUES(247,216);
INSERT INTO "pattern_index" VALUES(252,217);
INSERT INTO "pattern_index" VALUES(240,218);
INSERT INTO "pattern_index" VALUES(259,219);
INSERT INTO "pattern_index" VALUES(252,220);
INSERT INTO "pattern_index" VALUES(247,221);
INSERT INTO "pattern_index" VALUES(252,222);
INSERT INTO "pattern_index" VALUES(240,223);
INSERT INTO "pattern_index" VALUES(289,224);
INSERT INTO "pattern_index" VALUES(294,225);
INSERT INTO "pattern_index" VALUES(277,226);
INSERT INTO "pattern_index" VALUES(282,227);
INSERT INTO "pattern_index" VALUES(270,228);
INSERT INTO "pattern_index" VALUES(289,229);
INSERT INTO "pattern_index" VALUES(282,230);
INSERT INTO "pattern_index" VALUES(277,231);
INSERT INTO "pattern_index" VALUES(282,232);
INSERT INTO "pattern_index" VALUES(270,233);
INSERT INTO "pattern_index" VALUES(317,234);
INSERT INTO "pattern_index" VALUES(322,235);
INSERT INTO "pattern_index" VALUES(306,236);
INSERT INTO "pattern_index" VALUES(310,237);
INSERT INTO "pattern_index" VALUES(300,238);
INSERT INTO "pattern_index" VALUES(317,239);
INSERT INTO "pattern_index" VALUES(310,240);
INSERT INTO "pattern_index" VALUES(306,241);
INSERT INTO "pattern_index" VALUES(310,242);
INSERT INTO "pattern_index" VALUES(300,243);
CREATE TABLE `pattern_link` (            `sentencePatternNo` INTEGER NOT NULL,            `nextPattern` varchar(255) NOT NULL,            `punctuationMark` INTEGER NOT NULL,            PRIMARY KEY (`sentencePatternNo`,`nextPattern`,`punctuationMark`),            FOREIGN KEY (`sentencePatternNo`) REFERENCES `sentence_pattern` (`sentencePatternNo`)        );
INSERT INTO "pattern_link" VALUES(1,'10',1);
INSERT INTO "pattern_link" VALUES(1,'12',1);
INSERT INTO "pattern_link" VALUES(1,'14',1);
INSERT INTO "pattern_link" VALUES(1,'29',1);
INSERT INTO "pattern_link" VALUES(1,'30',1);
INSERT INTO "pattern_link" VALUES(1,'31',1);
INSERT INTO "pattern_link" VALUES(1,'32',1);
INSERT INTO "pattern_link" VALUES(1,'7',1);
INSERT INTO "pattern_link" VALUES(1,'8',1);
INSERT INTO "pattern_link" VALUES(1,'9',1);
INSERT INTO "pattern_link" VALUES(2,'10',1);
INSERT INTO "pattern_link" VALUES(2,'12',1);
INSERT INTO "pattern_link" VALUES(2,'14',1);
INSERT INTO "pattern_link" VALUES(2,'29',1);
INSERT INTO "pattern_link" VALUES(2,'30',1);
INSERT INTO "pattern_link" VALUES(2,'31',1);
INSERT INTO "pattern_link" VALUES(2,'32',1);
INSERT INTO "pattern_link" VALUES(2,'7',1);
INSERT INTO "pattern_link" VALUES(2,'8',1);
INSERT INTO "pattern_link" VALUES(2,'9',1);
INSERT INTO "pattern_link" VALUES(3,'10',1);
INSERT INTO "pattern_link" VALUES(3,'12',1);
INSERT INTO "pattern_link" VALUES(3,'14',1);
INSERT INTO "pattern_link" VALUES(3,'29',1);
INSERT INTO "pattern_link" VALUES(3,'30',1);
INSERT INTO "pattern_link" VALUES(3,'31',1);
INSERT INTO "pattern_link" VALUES(3,'32',1);
INSERT INTO "pattern_link" VALUES(3,'7',1);
INSERT INTO "pattern_link" VALUES(3,'8',1);
INSERT INTO "pattern_link" VALUES(3,'9',1);
INSERT INTO "pattern_link" VALUES(4,'10',1);
INSERT INTO "pattern_link" VALUES(4,'12',1);
INSERT INTO "pattern_link" VALUES(4,'14',1);
INSERT INTO "pattern_link" VALUES(4,'29',1);
INSERT INTO "pattern_link" VALUES(4,'30',1);
INSERT INTO "pattern_link" VALUES(4,'31',1);
INSERT INTO "pattern_link" VALUES(4,'32',1);
INSERT INTO "pattern_link" VALUES(4,'7',1);
INSERT INTO "pattern_link" VALUES(4,'8',1);
INSERT INTO "pattern_link" VALUES(4,'9',1);
INSERT INTO "pattern_link" VALUES(5,'1',1);
INSERT INTO "pattern_link" VALUES(5,'15',1);
INSERT INTO "pattern_link" VALUES(5,'16',1);
INSERT INTO "pattern_link" VALUES(5,'17',1);
INSERT INTO "pattern_link" VALUES(5,'18',1);
INSERT INTO "pattern_link" VALUES(5,'2',1);
INSERT INTO "pattern_link" VALUES(5,'3',1);
INSERT INTO "pattern_link" VALUES(5,'4',1);
INSERT INTO "pattern_link" VALUES(6,'1',1);
INSERT INTO "pattern_link" VALUES(6,'15',1);
INSERT INTO "pattern_link" VALUES(6,'16',1);
INSERT INTO "pattern_link" VALUES(6,'17',1);
INSERT INTO "pattern_link" VALUES(6,'18',1);
INSERT INTO "pattern_link" VALUES(6,'2',1);
INSERT INTO "pattern_link" VALUES(6,'3',1);
INSERT INTO "pattern_link" VALUES(6,'4',1);
INSERT INTO "pattern_link" VALUES(7,'1',1);
INSERT INTO "pattern_link" VALUES(7,'15',1);
INSERT INTO "pattern_link" VALUES(7,'16',1);
INSERT INTO "pattern_link" VALUES(7,'17',1);
INSERT INTO "pattern_link" VALUES(7,'18',1);
INSERT INTO "pattern_link" VALUES(7,'2',1);
INSERT INTO "pattern_link" VALUES(7,'3',1);
INSERT INTO "pattern_link" VALUES(7,'4',1);
INSERT INTO "pattern_link" VALUES(8,'1',1);
INSERT INTO "pattern_link" VALUES(8,'15',1);
INSERT INTO "pattern_link" VALUES(8,'16',1);
INSERT INTO "pattern_link" VALUES(8,'17',1);
INSERT INTO "pattern_link" VALUES(8,'18',1);
INSERT INTO "pattern_link" VALUES(8,'2',1);
INSERT INTO "pattern_link" VALUES(8,'3',1);
INSERT INTO "pattern_link" VALUES(8,'4',1);
INSERT INTO "pattern_link" VALUES(9,'1',1);
INSERT INTO "pattern_link" VALUES(9,'15',1);
INSERT INTO "pattern_link" VALUES(9,'16',1);
INSERT INTO "pattern_link" VALUES(9,'17',1);
INSERT INTO "pattern_link" VALUES(9,'18',1);
INSERT INTO "pattern_link" VALUES(9,'2',1);
INSERT INTO "pattern_link" VALUES(9,'3',1);
INSERT INTO "pattern_link" VALUES(9,'4',1);
INSERT INTO "pattern_link" VALUES(10,'1',1);
INSERT INTO "pattern_link" VALUES(10,'15',1);
INSERT INTO "pattern_link" VALUES(10,'16',1);
INSERT INTO "pattern_link" VALUES(10,'17',1);
INSERT INTO "pattern_link" VALUES(10,'18',1);
INSERT INTO "pattern_link" VALUES(10,'2',1);
INSERT INTO "pattern_link" VALUES(10,'3',1);
INSERT INTO "pattern_link" VALUES(10,'4',1);
INSERT INTO "pattern_link" VALUES(11,'1',1);
INSERT INTO "pattern_link" VALUES(11,'15',1);
INSERT INTO "pattern_link" VALUES(11,'16',1);
INSERT INTO "pattern_link" VALUES(11,'17',1);
INSERT INTO "pattern_link" VALUES(11,'18',1);
INSERT INTO "pattern_link" VALUES(11,'2',1);
INSERT INTO "pattern_link" VALUES(11,'3',1);
INSERT INTO "pattern_link" VALUES(11,'4',1);
INSERT INTO "pattern_link" VALUES(12,'1',1);
INSERT INTO "pattern_link" VALUES(12,'15',1);
INSERT INTO "pattern_link" VALUES(12,'16',1);
INSERT INTO "pattern_link" VALUES(12,'17',1);
INSERT INTO "pattern_link" VALUES(12,'18',1);
INSERT INTO "pattern_link" VALUES(12,'2',1);
INSERT INTO "pattern_link" VALUES(12,'3',1);
INSERT INTO "pattern_link" VALUES(12,'4',1);
INSERT INTO "pattern_link" VALUES(13,'1',1);
INSERT INTO "pattern_link" VALUES(13,'15',1);
INSERT INTO "pattern_link" VALUES(13,'16',1);
INSERT INTO "pattern_link" VALUES(13,'17',1);
INSERT INTO "pattern_link" VALUES(13,'18',1);
INSERT INTO "pattern_link" VALUES(13,'2',1);
INSERT INTO "pattern_link" VALUES(13,'3',1);
INSERT INTO "pattern_link" VALUES(13,'4',1);
INSERT INTO "pattern_link" VALUES(14,'1',1);
INSERT INTO "pattern_link" VALUES(14,'15',1);
INSERT INTO "pattern_link" VALUES(14,'16',1);
INSERT INTO "pattern_link" VALUES(14,'17',1);
INSERT INTO "pattern_link" VALUES(14,'18',1);
INSERT INTO "pattern_link" VALUES(14,'2',1);
INSERT INTO "pattern_link" VALUES(14,'3',1);
INSERT INTO "pattern_link" VALUES(14,'4',1);
INSERT INTO "pattern_link" VALUES(15,'1',1);
INSERT INTO "pattern_link" VALUES(15,'1',0);
INSERT INTO "pattern_link" VALUES(15,'10',1);
INSERT INTO "pattern_link" VALUES(15,'11',1);
INSERT INTO "pattern_link" VALUES(15,'12',1);
INSERT INTO "pattern_link" VALUES(15,'13',1);
INSERT INTO "pattern_link" VALUES(15,'14',1);
INSERT INTO "pattern_link" VALUES(15,'2',1);
INSERT INTO "pattern_link" VALUES(15,'3',1);
INSERT INTO "pattern_link" VALUES(15,'4',1);
INSERT INTO "pattern_link" VALUES(15,'2',0);
INSERT INTO "pattern_link" VALUES(15,'3',0);
INSERT INTO "pattern_link" VALUES(15,'4',0);
INSERT INTO "pattern_link" VALUES(15,'5',1);
INSERT INTO "pattern_link" VALUES(15,'6',1);
INSERT INTO "pattern_link" VALUES(15,'7',1);
INSERT INTO "pattern_link" VALUES(15,'8',1);
INSERT INTO "pattern_link" VALUES(15,'9',1);
INSERT INTO "pattern_link" VALUES(16,'1',1);
INSERT INTO "pattern_link" VALUES(16,'1',0);
INSERT INTO "pattern_link" VALUES(16,'10',1);
INSERT INTO "pattern_link" VALUES(16,'11',1);
INSERT INTO "pattern_link" VALUES(16,'12',1);
INSERT INTO "pattern_link" VALUES(16,'13',1);
INSERT INTO "pattern_link" VALUES(16,'14',1);
INSERT INTO "pattern_link" VALUES(16,'2',1);
INSERT INTO "pattern_link" VALUES(16,'3',1);
INSERT INTO "pattern_link" VALUES(16,'4',1);
INSERT INTO "pattern_link" VALUES(16,'2',0);
INSERT INTO "pattern_link" VALUES(16,'3',0);
INSERT INTO "pattern_link" VALUES(16,'4',0);
INSERT INTO "pattern_link" VALUES(16,'5',1);
INSERT INTO "pattern_link" VALUES(16,'6',1);
INSERT INTO "pattern_link" VALUES(16,'7',1);
INSERT INTO "pattern_link" VALUES(16,'8',1);
INSERT INTO "pattern_link" VALUES(16,'9',1);
INSERT INTO "pattern_link" VALUES(17,'1',1);
INSERT INTO "pattern_link" VALUES(17,'1',0);
INSERT INTO "pattern_link" VALUES(17,'10',1);
INSERT INTO "pattern_link" VALUES(17,'11',1);
INSERT INTO "pattern_link" VALUES(17,'12',1);
INSERT INTO "pattern_link" VALUES(17,'13',1);
INSERT INTO "pattern_link" VALUES(17,'14',1);
INSERT INTO "pattern_link" VALUES(17,'2',1);
INSERT INTO "pattern_link" VALUES(17,'3',1);
INSERT INTO "pattern_link" VALUES(17,'4',1);
INSERT INTO "pattern_link" VALUES(17,'2',0);
INSERT INTO "pattern_link" VALUES(17,'3',0);
INSERT INTO "pattern_link" VALUES(17,'4',0);
INSERT INTO "pattern_link" VALUES(17,'5',1);
INSERT INTO "pattern_link" VALUES(17,'6',1);
INSERT INTO "pattern_link" VALUES(17,'7',1);
INSERT INTO "pattern_link" VALUES(17,'8',1);
INSERT INTO "pattern_link" VALUES(17,'9',1);
INSERT INTO "pattern_link" VALUES(18,'1',1);
INSERT INTO "pattern_link" VALUES(18,'1',0);
INSERT INTO "pattern_link" VALUES(18,'10',1);
INSERT INTO "pattern_link" VALUES(18,'11',1);
INSERT INTO "pattern_link" VALUES(18,'12',1);
INSERT INTO "pattern_link" VALUES(18,'13',1);
INSERT INTO "pattern_link" VALUES(18,'14',1);
INSERT INTO "pattern_link" VALUES(18,'2',1);
INSERT INTO "pattern_link" VALUES(18,'3',1);
INSERT INTO "pattern_link" VALUES(18,'4',1);
INSERT INTO "pattern_link" VALUES(18,'2',0);
INSERT INTO "pattern_link" VALUES(18,'3',0);
INSERT INTO "pattern_link" VALUES(18,'4',0);
INSERT INTO "pattern_link" VALUES(18,'5',1);
INSERT INTO "pattern_link" VALUES(18,'6',1);
INSERT INTO "pattern_link" VALUES(18,'7',1);
INSERT INTO "pattern_link" VALUES(18,'8',1);
INSERT INTO "pattern_link" VALUES(18,'9',1);
INSERT INTO "pattern_link" VALUES(19,'1',1);
INSERT INTO "pattern_link" VALUES(19,'10',1);
INSERT INTO "pattern_link" VALUES(19,'11',1);
INSERT INTO "pattern_link" VALUES(19,'13',1);
INSERT INTO "pattern_link" VALUES(19,'14',1);
INSERT INTO "pattern_link" VALUES(19,'15',1);
INSERT INTO "pattern_link" VALUES(19,'16',1);
INSERT INTO "pattern_link" VALUES(19,'17',1);
INSERT INTO "pattern_link" VALUES(19,'18',1);
INSERT INTO "pattern_link" VALUES(19,'2',1);
INSERT INTO "pattern_link" VALUES(19,'23',1);
INSERT INTO "pattern_link" VALUES(19,'25',1);
INSERT INTO "pattern_link" VALUES(19,'26',1);
INSERT INTO "pattern_link" VALUES(19,'27',1);
INSERT INTO "pattern_link" VALUES(19,'28',1);
INSERT INTO "pattern_link" VALUES(19,'3',1);
INSERT INTO "pattern_link" VALUES(19,'4',1);
INSERT INTO "pattern_link" VALUES(19,'5',1);
INSERT INTO "pattern_link" VALUES(19,'7',1);
INSERT INTO "pattern_link" VALUES(19,'8',1);
INSERT INTO "pattern_link" VALUES(19,'9',1);
INSERT INTO "pattern_link" VALUES(19,'1',0);
INSERT INTO "pattern_link" VALUES(19,'10',0);
INSERT INTO "pattern_link" VALUES(19,'11',0);
INSERT INTO "pattern_link" VALUES(19,'13',0);
INSERT INTO "pattern_link" VALUES(19,'14',0);
INSERT INTO "pattern_link" VALUES(19,'15',0);
INSERT INTO "pattern_link" VALUES(19,'16',0);
INSERT INTO "pattern_link" VALUES(19,'17',0);
INSERT INTO "pattern_link" VALUES(19,'18',0);
INSERT INTO "pattern_link" VALUES(19,'2',0);
INSERT INTO "pattern_link" VALUES(19,'23',0);
INSERT INTO "pattern_link" VALUES(19,'25',0);
INSERT INTO "pattern_link" VALUES(19,'26',0);
INSERT INTO "pattern_link" VALUES(19,'27',0);
INSERT INTO "pattern_link" VALUES(19,'28',0);
INSERT INTO "pattern_link" VALUES(19,'3',0);
INSERT INTO "pattern_link" VALUES(19,'4',0);
INSERT INTO "pattern_link" VALUES(19,'5',0);
INSERT INTO "pattern_link" VALUES(19,'7',0);
INSERT INTO "pattern_link" VALUES(19,'8',0);
INSERT INTO "pattern_link" VALUES(19,'9',0);
INSERT INTO "pattern_link" VALUES(20,'1',1);
INSERT INTO "pattern_link" VALUES(20,'10',1);
INSERT INTO "pattern_link" VALUES(20,'11',1);
INSERT INTO "pattern_link" VALUES(20,'13',1);
INSERT INTO "pattern_link" VALUES(20,'14',1);
INSERT INTO "pattern_link" VALUES(20,'15',1);
INSERT INTO "pattern_link" VALUES(20,'16',1);
INSERT INTO "pattern_link" VALUES(20,'17',1);
INSERT INTO "pattern_link" VALUES(20,'18',1);
INSERT INTO "pattern_link" VALUES(20,'2',1);
INSERT INTO "pattern_link" VALUES(20,'23',1);
INSERT INTO "pattern_link" VALUES(20,'25',1);
INSERT INTO "pattern_link" VALUES(20,'26',1);
INSERT INTO "pattern_link" VALUES(20,'27',1);
INSERT INTO "pattern_link" VALUES(20,'28',1);
INSERT INTO "pattern_link" VALUES(20,'3',1);
INSERT INTO "pattern_link" VALUES(20,'4',1);
INSERT INTO "pattern_link" VALUES(20,'5',1);
INSERT INTO "pattern_link" VALUES(20,'7',1);
INSERT INTO "pattern_link" VALUES(20,'8',1);
INSERT INTO "pattern_link" VALUES(20,'9',1);
INSERT INTO "pattern_link" VALUES(20,'1',0);
INSERT INTO "pattern_link" VALUES(20,'10',0);
INSERT INTO "pattern_link" VALUES(20,'11',0);
INSERT INTO "pattern_link" VALUES(20,'13',0);
INSERT INTO "pattern_link" VALUES(20,'14',0);
INSERT INTO "pattern_link" VALUES(20,'15',0);
INSERT INTO "pattern_link" VALUES(20,'16',0);
INSERT INTO "pattern_link" VALUES(20,'17',0);
INSERT INTO "pattern_link" VALUES(20,'18',0);
INSERT INTO "pattern_link" VALUES(20,'2',0);
INSERT INTO "pattern_link" VALUES(20,'23',0);
INSERT INTO "pattern_link" VALUES(20,'25',0);
INSERT INTO "pattern_link" VALUES(20,'26',0);
INSERT INTO "pattern_link" VALUES(20,'27',0);
INSERT INTO "pattern_link" VALUES(20,'28',0);
INSERT INTO "pattern_link" VALUES(20,'3',0);
INSERT INTO "pattern_link" VALUES(20,'4',0);
INSERT INTO "pattern_link" VALUES(20,'5',0);
INSERT INTO "pattern_link" VALUES(20,'7',0);
INSERT INTO "pattern_link" VALUES(20,'8',0);
INSERT INTO "pattern_link" VALUES(20,'9',0);
INSERT INTO "pattern_link" VALUES(21,'1',1);
INSERT INTO "pattern_link" VALUES(21,'10',1);
INSERT INTO "pattern_link" VALUES(21,'11',1);
INSERT INTO "pattern_link" VALUES(21,'13',1);
INSERT INTO "pattern_link" VALUES(21,'14',1);
INSERT INTO "pattern_link" VALUES(21,'15',1);
INSERT INTO "pattern_link" VALUES(21,'16',1);
INSERT INTO "pattern_link" VALUES(21,'17',1);
INSERT INTO "pattern_link" VALUES(21,'18',1);
INSERT INTO "pattern_link" VALUES(21,'2',1);
INSERT INTO "pattern_link" VALUES(21,'23',1);
INSERT INTO "pattern_link" VALUES(21,'25',1);
INSERT INTO "pattern_link" VALUES(21,'26',1);
INSERT INTO "pattern_link" VALUES(21,'27',1);
INSERT INTO "pattern_link" VALUES(21,'28',1);
INSERT INTO "pattern_link" VALUES(21,'3',1);
INSERT INTO "pattern_link" VALUES(21,'4',1);
INSERT INTO "pattern_link" VALUES(21,'5',1);
INSERT INTO "pattern_link" VALUES(21,'7',1);
INSERT INTO "pattern_link" VALUES(21,'8',1);
INSERT INTO "pattern_link" VALUES(21,'9',1);
INSERT INTO "pattern_link" VALUES(21,'1',0);
INSERT INTO "pattern_link" VALUES(21,'10',0);
INSERT INTO "pattern_link" VALUES(21,'11',0);
INSERT INTO "pattern_link" VALUES(21,'13',0);
INSERT INTO "pattern_link" VALUES(21,'14',0);
INSERT INTO "pattern_link" VALUES(21,'15',0);
INSERT INTO "pattern_link" VALUES(21,'16',0);
INSERT INTO "pattern_link" VALUES(21,'17',0);
INSERT INTO "pattern_link" VALUES(21,'18',0);
INSERT INTO "pattern_link" VALUES(21,'2',0);
INSERT INTO "pattern_link" VALUES(21,'23',0);
INSERT INTO "pattern_link" VALUES(21,'25',0);
INSERT INTO "pattern_link" VALUES(21,'26',0);
INSERT INTO "pattern_link" VALUES(21,'27',0);
INSERT INTO "pattern_link" VALUES(21,'28',0);
INSERT INTO "pattern_link" VALUES(21,'3',0);
INSERT INTO "pattern_link" VALUES(21,'4',0);
INSERT INTO "pattern_link" VALUES(21,'5',0);
INSERT INTO "pattern_link" VALUES(21,'7',0);
INSERT INTO "pattern_link" VALUES(21,'8',0);
INSERT INTO "pattern_link" VALUES(21,'9',0);
INSERT INTO "pattern_link" VALUES(22,'1',1);
INSERT INTO "pattern_link" VALUES(22,'10',1);
INSERT INTO "pattern_link" VALUES(22,'11',1);
INSERT INTO "pattern_link" VALUES(22,'13',1);
INSERT INTO "pattern_link" VALUES(22,'14',1);
INSERT INTO "pattern_link" VALUES(22,'15',1);
INSERT INTO "pattern_link" VALUES(22,'16',1);
INSERT INTO "pattern_link" VALUES(22,'17',1);
INSERT INTO "pattern_link" VALUES(22,'18',1);
INSERT INTO "pattern_link" VALUES(22,'2',1);
INSERT INTO "pattern_link" VALUES(22,'23',1);
INSERT INTO "pattern_link" VALUES(22,'25',1);
INSERT INTO "pattern_link" VALUES(22,'26',1);
INSERT INTO "pattern_link" VALUES(22,'27',1);
INSERT INTO "pattern_link" VALUES(22,'28',1);
INSERT INTO "pattern_link" VALUES(22,'3',1);
INSERT INTO "pattern_link" VALUES(22,'4',1);
INSERT INTO "pattern_link" VALUES(22,'5',1);
INSERT INTO "pattern_link" VALUES(22,'7',1);
INSERT INTO "pattern_link" VALUES(22,'8',1);
INSERT INTO "pattern_link" VALUES(22,'9',1);
INSERT INTO "pattern_link" VALUES(22,'1',0);
INSERT INTO "pattern_link" VALUES(22,'10',0);
INSERT INTO "pattern_link" VALUES(22,'11',0);
INSERT INTO "pattern_link" VALUES(22,'13',0);
INSERT INTO "pattern_link" VALUES(22,'14',0);
INSERT INTO "pattern_link" VALUES(22,'15',0);
INSERT INTO "pattern_link" VALUES(22,'16',0);
INSERT INTO "pattern_link" VALUES(22,'17',0);
INSERT INTO "pattern_link" VALUES(22,'18',0);
INSERT INTO "pattern_link" VALUES(22,'2',0);
INSERT INTO "pattern_link" VALUES(22,'23',0);
INSERT INTO "pattern_link" VALUES(22,'25',0);
INSERT INTO "pattern_link" VALUES(22,'26',0);
INSERT INTO "pattern_link" VALUES(22,'27',0);
INSERT INTO "pattern_link" VALUES(22,'28',0);
INSERT INTO "pattern_link" VALUES(22,'3',0);
INSERT INTO "pattern_link" VALUES(22,'4',0);
INSERT INTO "pattern_link" VALUES(22,'5',0);
INSERT INTO "pattern_link" VALUES(22,'7',0);
INSERT INTO "pattern_link" VALUES(22,'8',0);
INSERT INTO "pattern_link" VALUES(22,'9',0);
INSERT INTO "pattern_link" VALUES(23,'1',1);
INSERT INTO "pattern_link" VALUES(23,'10',1);
INSERT INTO "pattern_link" VALUES(23,'11',1);
INSERT INTO "pattern_link" VALUES(23,'12',1);
INSERT INTO "pattern_link" VALUES(23,'13',1);
INSERT INTO "pattern_link" VALUES(23,'14',1);
INSERT INTO "pattern_link" VALUES(23,'2',1);
INSERT INTO "pattern_link" VALUES(23,'3',1);
INSERT INTO "pattern_link" VALUES(23,'4',1);
INSERT INTO "pattern_link" VALUES(23,'5',1);
INSERT INTO "pattern_link" VALUES(23,'6',1);
INSERT INTO "pattern_link" VALUES(23,'7',1);
INSERT INTO "pattern_link" VALUES(23,'8',1);
INSERT INTO "pattern_link" VALUES(23,'9',1);
INSERT INTO "pattern_link" VALUES(25,'1',0);
INSERT INTO "pattern_link" VALUES(25,'10',1);
INSERT INTO "pattern_link" VALUES(25,'11',1);
INSERT INTO "pattern_link" VALUES(25,'12',1);
INSERT INTO "pattern_link" VALUES(25,'13',1);
INSERT INTO "pattern_link" VALUES(25,'14',1);
INSERT INTO "pattern_link" VALUES(25,'15',0);
INSERT INTO "pattern_link" VALUES(25,'16',0);
INSERT INTO "pattern_link" VALUES(25,'17',0);
INSERT INTO "pattern_link" VALUES(25,'18',0);
INSERT INTO "pattern_link" VALUES(25,'2',0);
INSERT INTO "pattern_link" VALUES(25,'3',0);
INSERT INTO "pattern_link" VALUES(25,'4',0);
INSERT INTO "pattern_link" VALUES(25,'5',1);
INSERT INTO "pattern_link" VALUES(25,'6',1);
INSERT INTO "pattern_link" VALUES(25,'7',1);
INSERT INTO "pattern_link" VALUES(25,'8',1);
INSERT INTO "pattern_link" VALUES(25,'9',1);
INSERT INTO "pattern_link" VALUES(26,'1',0);
INSERT INTO "pattern_link" VALUES(26,'10',1);
INSERT INTO "pattern_link" VALUES(26,'11',1);
INSERT INTO "pattern_link" VALUES(26,'12',1);
INSERT INTO "pattern_link" VALUES(26,'13',1);
INSERT INTO "pattern_link" VALUES(26,'14',1);
INSERT INTO "pattern_link" VALUES(26,'15',0);
INSERT INTO "pattern_link" VALUES(26,'16',0);
INSERT INTO "pattern_link" VALUES(26,'17',0);
INSERT INTO "pattern_link" VALUES(26,'18',0);
INSERT INTO "pattern_link" VALUES(26,'2',0);
INSERT INTO "pattern_link" VALUES(26,'3',0);
INSERT INTO "pattern_link" VALUES(26,'4',0);
INSERT INTO "pattern_link" VALUES(26,'5',1);
INSERT INTO "pattern_link" VALUES(26,'6',1);
INSERT INTO "pattern_link" VALUES(26,'7',1);
INSERT INTO "pattern_link" VALUES(26,'8',1);
INSERT INTO "pattern_link" VALUES(26,'9',1);
INSERT INTO "pattern_link" VALUES(27,'1',0);
INSERT INTO "pattern_link" VALUES(27,'10',1);
INSERT INTO "pattern_link" VALUES(27,'11',1);
INSERT INTO "pattern_link" VALUES(27,'12',1);
INSERT INTO "pattern_link" VALUES(27,'13',1);
INSERT INTO "pattern_link" VALUES(27,'14',1);
INSERT INTO "pattern_link" VALUES(27,'15',0);
INSERT INTO "pattern_link" VALUES(27,'16',0);
INSERT INTO "pattern_link" VALUES(27,'17',0);
INSERT INTO "pattern_link" VALUES(27,'18',0);
INSERT INTO "pattern_link" VALUES(27,'2',0);
INSERT INTO "pattern_link" VALUES(27,'3',0);
INSERT INTO "pattern_link" VALUES(27,'4',0);
INSERT INTO "pattern_link" VALUES(27,'5',1);
INSERT INTO "pattern_link" VALUES(27,'6',1);
INSERT INTO "pattern_link" VALUES(27,'7',1);
INSERT INTO "pattern_link" VALUES(27,'8',1);
INSERT INTO "pattern_link" VALUES(27,'9',1);
INSERT INTO "pattern_link" VALUES(28,'1',0);
INSERT INTO "pattern_link" VALUES(28,'10',1);
INSERT INTO "pattern_link" VALUES(28,'11',1);
INSERT INTO "pattern_link" VALUES(28,'12',1);
INSERT INTO "pattern_link" VALUES(28,'13',1);
INSERT INTO "pattern_link" VALUES(28,'14',1);
INSERT INTO "pattern_link" VALUES(28,'15',0);
INSERT INTO "pattern_link" VALUES(28,'16',0);
INSERT INTO "pattern_link" VALUES(28,'17',0);
INSERT INTO "pattern_link" VALUES(28,'18',0);
INSERT INTO "pattern_link" VALUES(28,'2',0);
INSERT INTO "pattern_link" VALUES(28,'3',0);
INSERT INTO "pattern_link" VALUES(28,'4',0);
INSERT INTO "pattern_link" VALUES(28,'5',1);
INSERT INTO "pattern_link" VALUES(28,'6',1);
INSERT INTO "pattern_link" VALUES(28,'7',1);
INSERT INTO "pattern_link" VALUES(28,'8',1);
INSERT INTO "pattern_link" VALUES(28,'9',1);
INSERT INTO "pattern_link" VALUES(29,'30',1);
INSERT INTO "pattern_link" VALUES(29,'31',1);
INSERT INTO "pattern_link" VALUES(29,'32',1);
INSERT INTO "pattern_link" VALUES(30,'29',1);
INSERT INTO "pattern_link" VALUES(30,'31',1);
INSERT INTO "pattern_link" VALUES(30,'32',1);
INSERT INTO "pattern_link" VALUES(31,'29',1);
INSERT INTO "pattern_link" VALUES(31,'30',1);
INSERT INTO "pattern_link" VALUES(31,'32',1);
INSERT INTO "pattern_link" VALUES(32,'29',1);
INSERT INTO "pattern_link" VALUES(32,'30',1);
INSERT INTO "pattern_link" VALUES(32,'31',1);
INSERT INTO "pattern_link" VALUES(33,'34',1);
INSERT INTO "pattern_link" VALUES(34,'35',0);
INSERT INTO "pattern_link" VALUES(35,'36',1);
INSERT INTO "pattern_link" VALUES(36,'37',0);
INSERT INTO "pattern_link" VALUES(33,'35',1);
INSERT INTO "pattern_link" VALUES(34,'38',0);
INSERT INTO "pattern_link" VALUES(38,'37',0);
INSERT INTO "pattern_link" VALUES(35,'39',1);
INSERT INTO "pattern_link" VALUES(40,'36',1);
INSERT INTO "pattern_link" VALUES(33,'38',1);
INSERT INTO "pattern_link" VALUES(34,'37',0);
INSERT INTO "pattern_link" VALUES(41,'37',0);
INSERT INTO "pattern_link" VALUES(33,'39',1);
INSERT INTO "pattern_link" VALUES(43,'44',1);
INSERT INTO "pattern_link" VALUES(44,'45',0);
INSERT INTO "pattern_link" VALUES(45,'46',1);
INSERT INTO "pattern_link" VALUES(46,'47',0);
INSERT INTO "pattern_link" VALUES(43,'45',1);
INSERT INTO "pattern_link" VALUES(44,'48',0);
INSERT INTO "pattern_link" VALUES(48,'47',0);
INSERT INTO "pattern_link" VALUES(45,'49',1);
INSERT INTO "pattern_link" VALUES(50,'46',1);
INSERT INTO "pattern_link" VALUES(43,'48',1);
INSERT INTO "pattern_link" VALUES(44,'47',0);
INSERT INTO "pattern_link" VALUES(51,'47',0);
INSERT INTO "pattern_link" VALUES(43,'49',1);
INSERT INTO "pattern_link" VALUES(36,'58',0);
INSERT INTO "pattern_link" VALUES(38,'58',0);
INSERT INTO "pattern_link" VALUES(35,'59',1);
INSERT INTO "pattern_link" VALUES(34,'58',0);
INSERT INTO "pattern_link" VALUES(41,'58',0);
INSERT INTO "pattern_link" VALUES(33,'59',1);
INSERT INTO "pattern_link" VALUES(61,'62',1);
INSERT INTO "pattern_link" VALUES(62,'63',0);
INSERT INTO "pattern_link" VALUES(63,'64',0);
INSERT INTO "pattern_link" VALUES(64,'65',1);
INSERT INTO "pattern_link" VALUES(63,'65',1);
INSERT INTO "pattern_link" VALUES(62,'64',0);
INSERT INTO "pattern_link" VALUES(62,'65',1);
INSERT INTO "pattern_link" VALUES(61,'66',1);
INSERT INTO "pattern_link" VALUES(66,'65',1);
INSERT INTO "pattern_link" VALUES(61,'67',1);
INSERT INTO "pattern_link" VALUES(67,'68',0);
INSERT INTO "pattern_link" VALUES(68,'69',0);
INSERT INTO "pattern_link" VALUES(61,'70',1);
INSERT INTO "pattern_link" VALUES(70,'65',1);
INSERT INTO "pattern_link" VALUES(61,'71',1);
INSERT INTO "pattern_link" VALUES(61,'72',1);
INSERT INTO "pattern_link" VALUES(72,'63',0);
INSERT INTO "pattern_link" VALUES(72,'64',0);
INSERT INTO "pattern_link" VALUES(72,'65',1);
INSERT INTO "pattern_link" VALUES(62,'73',0);
INSERT INTO "pattern_link" VALUES(73,'64',0);
INSERT INTO "pattern_link" VALUES(73,'65',1);
INSERT INTO "pattern_link" VALUES(72,'73',0);
INSERT INTO "pattern_link" VALUES(64,'74',1);
INSERT INTO "pattern_link" VALUES(73,'74',1);
INSERT INTO "pattern_link" VALUES(62,'74',1);
INSERT INTO "pattern_link" VALUES(72,'74',1);
INSERT INTO "pattern_link" VALUES(64,'75',1);
INSERT INTO "pattern_link" VALUES(73,'75',1);
INSERT INTO "pattern_link" VALUES(62,'75',1);
INSERT INTO "pattern_link" VALUES(72,'75',1);
INSERT INTO "pattern_link" VALUES(62,'76',0);
INSERT INTO "pattern_link" VALUES(76,'77',0);
INSERT INTO "pattern_link" VALUES(77,'78',1);
INSERT INTO "pattern_link" VALUES(76,'79',1);
INSERT INTO "pattern_link" VALUES(72,'76',0);
INSERT INTO "pattern_link" VALUES(67,'80',0);
INSERT INTO "pattern_link" VALUES(80,'69',0);
INSERT INTO "pattern_link" VALUES(67,'81',0);
INSERT INTO "pattern_link" VALUES(81,'69',0);
INSERT INTO "pattern_link" VALUES(67,'82',0);
INSERT INTO "pattern_link" VALUES(82,'69',0);
INSERT INTO "pattern_link" VALUES(67,'83',0);
INSERT INTO "pattern_link" VALUES(83,'69',0);
INSERT INTO "pattern_link" VALUES(63,'74',1);
INSERT INTO "pattern_link" VALUES(66,'74',1);
INSERT INTO "pattern_link" VALUES(70,'74',1);
INSERT INTO "pattern_link" VALUES(83,'84',0);
INSERT INTO "pattern_link" VALUES(68,'84',0);
INSERT INTO "pattern_link" VALUES(61,'85',1);
INSERT INTO "pattern_link" VALUES(85,'74',1);
INSERT INTO "pattern_link" VALUES(81,'84',0);
INSERT INTO "pattern_link" VALUES(61,'86',1);
INSERT INTO "pattern_link" VALUES(86,'74',1);
INSERT INTO "pattern_link" VALUES(82,'84',0);
INSERT INTO "pattern_link" VALUES(61,'87',1);
INSERT INTO "pattern_link" VALUES(87,'74',1);
INSERT INTO "pattern_link" VALUES(61,'88',1);
INSERT INTO "pattern_link" VALUES(88,'74',1);
INSERT INTO "pattern_link" VALUES(67,'89',0);
INSERT INTO "pattern_link" VALUES(89,'90',0);
INSERT INTO "pattern_link" VALUES(61,'91',1);
INSERT INTO "pattern_link" VALUES(91,'74',1);
INSERT INTO "pattern_link" VALUES(80,'90',0);
INSERT INTO "pattern_link" VALUES(92,'93',1);
INSERT INTO "pattern_link" VALUES(93,'94',0);
INSERT INTO "pattern_link" VALUES(94,'95',0);
INSERT INTO "pattern_link" VALUES(95,'96',1);
INSERT INTO "pattern_link" VALUES(94,'96',1);
INSERT INTO "pattern_link" VALUES(93,'95',0);
INSERT INTO "pattern_link" VALUES(93,'96',1);
INSERT INTO "pattern_link" VALUES(92,'97',1);
INSERT INTO "pattern_link" VALUES(97,'96',1);
INSERT INTO "pattern_link" VALUES(92,'98',1);
INSERT INTO "pattern_link" VALUES(98,'99',0);
INSERT INTO "pattern_link" VALUES(99,'100',0);
INSERT INTO "pattern_link" VALUES(92,'101',1);
INSERT INTO "pattern_link" VALUES(101,'96',1);
INSERT INTO "pattern_link" VALUES(92,'102',1);
INSERT INTO "pattern_link" VALUES(92,'103',1);
INSERT INTO "pattern_link" VALUES(103,'94',0);
INSERT INTO "pattern_link" VALUES(103,'95',0);
INSERT INTO "pattern_link" VALUES(103,'96',1);
INSERT INTO "pattern_link" VALUES(93,'104',0);
INSERT INTO "pattern_link" VALUES(104,'95',0);
INSERT INTO "pattern_link" VALUES(104,'96',1);
INSERT INTO "pattern_link" VALUES(103,'104',0);
INSERT INTO "pattern_link" VALUES(95,'105',1);
INSERT INTO "pattern_link" VALUES(104,'105',1);
INSERT INTO "pattern_link" VALUES(93,'105',1);
INSERT INTO "pattern_link" VALUES(103,'105',1);
INSERT INTO "pattern_link" VALUES(95,'106',1);
INSERT INTO "pattern_link" VALUES(104,'106',1);
INSERT INTO "pattern_link" VALUES(93,'106',1);
INSERT INTO "pattern_link" VALUES(103,'106',1);
INSERT INTO "pattern_link" VALUES(93,'107',0);
INSERT INTO "pattern_link" VALUES(107,'108',0);
INSERT INTO "pattern_link" VALUES(108,'109',1);
INSERT INTO "pattern_link" VALUES(107,'110',1);
INSERT INTO "pattern_link" VALUES(103,'107',0);
INSERT INTO "pattern_link" VALUES(98,'111',0);
INSERT INTO "pattern_link" VALUES(111,'100',0);
INSERT INTO "pattern_link" VALUES(98,'112',0);
INSERT INTO "pattern_link" VALUES(112,'100',0);
INSERT INTO "pattern_link" VALUES(98,'113',0);
INSERT INTO "pattern_link" VALUES(113,'100',0);
INSERT INTO "pattern_link" VALUES(98,'114',0);
INSERT INTO "pattern_link" VALUES(114,'100',0);
INSERT INTO "pattern_link" VALUES(94,'105',1);
INSERT INTO "pattern_link" VALUES(97,'105',1);
INSERT INTO "pattern_link" VALUES(101,'105',1);
INSERT INTO "pattern_link" VALUES(114,'115',0);
INSERT INTO "pattern_link" VALUES(99,'115',0);
INSERT INTO "pattern_link" VALUES(92,'116',1);
INSERT INTO "pattern_link" VALUES(116,'105',1);
INSERT INTO "pattern_link" VALUES(112,'115',0);
INSERT INTO "pattern_link" VALUES(92,'117',1);
INSERT INTO "pattern_link" VALUES(117,'105',1);
INSERT INTO "pattern_link" VALUES(113,'115',0);
INSERT INTO "pattern_link" VALUES(92,'118',1);
INSERT INTO "pattern_link" VALUES(118,'105',1);
INSERT INTO "pattern_link" VALUES(92,'119',1);
INSERT INTO "pattern_link" VALUES(119,'105',1);
INSERT INTO "pattern_link" VALUES(98,'120',0);
INSERT INTO "pattern_link" VALUES(120,'121',0);
INSERT INTO "pattern_link" VALUES(92,'122',1);
INSERT INTO "pattern_link" VALUES(122,'105',1);
INSERT INTO "pattern_link" VALUES(111,'121',0);
INSERT INTO "pattern_link" VALUES(123,'124',1);
INSERT INTO "pattern_link" VALUES(124,'125',0);
INSERT INTO "pattern_link" VALUES(125,'126',0);
INSERT INTO "pattern_link" VALUES(126,'127',1);
INSERT INTO "pattern_link" VALUES(125,'127',1);
INSERT INTO "pattern_link" VALUES(124,'126',0);
INSERT INTO "pattern_link" VALUES(124,'127',1);
INSERT INTO "pattern_link" VALUES(123,'128',1);
INSERT INTO "pattern_link" VALUES(128,'127',1);
INSERT INTO "pattern_link" VALUES(123,'129',1);
INSERT INTO "pattern_link" VALUES(129,'130',0);
INSERT INTO "pattern_link" VALUES(130,'131',0);
INSERT INTO "pattern_link" VALUES(123,'132',1);
INSERT INTO "pattern_link" VALUES(132,'127',1);
INSERT INTO "pattern_link" VALUES(123,'133',1);
INSERT INTO "pattern_link" VALUES(123,'134',1);
INSERT INTO "pattern_link" VALUES(134,'125',0);
INSERT INTO "pattern_link" VALUES(134,'126',0);
INSERT INTO "pattern_link" VALUES(134,'127',1);
INSERT INTO "pattern_link" VALUES(124,'135',0);
INSERT INTO "pattern_link" VALUES(135,'126',0);
INSERT INTO "pattern_link" VALUES(135,'127',1);
INSERT INTO "pattern_link" VALUES(134,'135',0);
INSERT INTO "pattern_link" VALUES(126,'136',1);
INSERT INTO "pattern_link" VALUES(135,'136',1);
INSERT INTO "pattern_link" VALUES(124,'136',1);
INSERT INTO "pattern_link" VALUES(134,'136',1);
INSERT INTO "pattern_link" VALUES(126,'137',1);
INSERT INTO "pattern_link" VALUES(135,'137',1);
INSERT INTO "pattern_link" VALUES(124,'137',1);
INSERT INTO "pattern_link" VALUES(134,'137',1);
INSERT INTO "pattern_link" VALUES(124,'138',0);
INSERT INTO "pattern_link" VALUES(138,'139',0);
INSERT INTO "pattern_link" VALUES(139,'140',1);
INSERT INTO "pattern_link" VALUES(138,'141',1);
INSERT INTO "pattern_link" VALUES(134,'138',0);
INSERT INTO "pattern_link" VALUES(129,'142',0);
INSERT INTO "pattern_link" VALUES(142,'131',0);
INSERT INTO "pattern_link" VALUES(129,'143',0);
INSERT INTO "pattern_link" VALUES(143,'131',0);
INSERT INTO "pattern_link" VALUES(129,'144',0);
INSERT INTO "pattern_link" VALUES(144,'131',0);
INSERT INTO "pattern_link" VALUES(129,'145',0);
INSERT INTO "pattern_link" VALUES(145,'131',0);
INSERT INTO "pattern_link" VALUES(125,'136',1);
INSERT INTO "pattern_link" VALUES(128,'136',1);
INSERT INTO "pattern_link" VALUES(132,'136',1);
INSERT INTO "pattern_link" VALUES(145,'146',0);
INSERT INTO "pattern_link" VALUES(130,'146',0);
INSERT INTO "pattern_link" VALUES(123,'147',1);
INSERT INTO "pattern_link" VALUES(147,'136',1);
INSERT INTO "pattern_link" VALUES(143,'146',0);
INSERT INTO "pattern_link" VALUES(123,'148',1);
INSERT INTO "pattern_link" VALUES(148,'136',1);
INSERT INTO "pattern_link" VALUES(144,'146',0);
INSERT INTO "pattern_link" VALUES(123,'149',1);
INSERT INTO "pattern_link" VALUES(149,'136',1);
INSERT INTO "pattern_link" VALUES(123,'150',1);
INSERT INTO "pattern_link" VALUES(150,'136',1);
INSERT INTO "pattern_link" VALUES(129,'151',0);
INSERT INTO "pattern_link" VALUES(151,'152',0);
INSERT INTO "pattern_link" VALUES(123,'153',1);
INSERT INTO "pattern_link" VALUES(153,'136',1);
INSERT INTO "pattern_link" VALUES(142,'152',0);
INSERT INTO "pattern_link" VALUES(154,'155',1);
INSERT INTO "pattern_link" VALUES(155,'156',0);
INSERT INTO "pattern_link" VALUES(156,'157',0);
INSERT INTO "pattern_link" VALUES(157,'158',1);
INSERT INTO "pattern_link" VALUES(156,'158',1);
INSERT INTO "pattern_link" VALUES(155,'157',0);
INSERT INTO "pattern_link" VALUES(155,'158',1);
INSERT INTO "pattern_link" VALUES(154,'159',1);
INSERT INTO "pattern_link" VALUES(159,'158',1);
INSERT INTO "pattern_link" VALUES(154,'160',1);
INSERT INTO "pattern_link" VALUES(160,'161',0);
INSERT INTO "pattern_link" VALUES(161,'162',0);
INSERT INTO "pattern_link" VALUES(154,'163',1);
INSERT INTO "pattern_link" VALUES(163,'158',1);
INSERT INTO "pattern_link" VALUES(154,'164',1);
INSERT INTO "pattern_link" VALUES(154,'165',1);
INSERT INTO "pattern_link" VALUES(165,'156',0);
INSERT INTO "pattern_link" VALUES(165,'157',0);
INSERT INTO "pattern_link" VALUES(165,'158',1);
INSERT INTO "pattern_link" VALUES(155,'166',0);
INSERT INTO "pattern_link" VALUES(166,'157',0);
INSERT INTO "pattern_link" VALUES(166,'158',1);
INSERT INTO "pattern_link" VALUES(165,'166',0);
INSERT INTO "pattern_link" VALUES(157,'167',1);
INSERT INTO "pattern_link" VALUES(166,'167',1);
INSERT INTO "pattern_link" VALUES(155,'167',1);
INSERT INTO "pattern_link" VALUES(165,'167',1);
INSERT INTO "pattern_link" VALUES(157,'168',1);
INSERT INTO "pattern_link" VALUES(166,'168',1);
INSERT INTO "pattern_link" VALUES(155,'168',1);
INSERT INTO "pattern_link" VALUES(165,'168',1);
INSERT INTO "pattern_link" VALUES(155,'169',0);
INSERT INTO "pattern_link" VALUES(169,'170',0);
INSERT INTO "pattern_link" VALUES(170,'171',1);
INSERT INTO "pattern_link" VALUES(169,'172',1);
INSERT INTO "pattern_link" VALUES(165,'169',0);
INSERT INTO "pattern_link" VALUES(160,'173',0);
INSERT INTO "pattern_link" VALUES(173,'162',0);
INSERT INTO "pattern_link" VALUES(160,'174',0);
INSERT INTO "pattern_link" VALUES(174,'162',0);
INSERT INTO "pattern_link" VALUES(160,'175',0);
INSERT INTO "pattern_link" VALUES(175,'162',0);
INSERT INTO "pattern_link" VALUES(160,'176',0);
INSERT INTO "pattern_link" VALUES(176,'162',0);
INSERT INTO "pattern_link" VALUES(156,'167',1);
INSERT INTO "pattern_link" VALUES(159,'167',1);
INSERT INTO "pattern_link" VALUES(163,'167',1);
INSERT INTO "pattern_link" VALUES(176,'177',0);
INSERT INTO "pattern_link" VALUES(161,'177',0);
INSERT INTO "pattern_link" VALUES(154,'178',1);
INSERT INTO "pattern_link" VALUES(178,'167',1);
INSERT INTO "pattern_link" VALUES(174,'177',0);
INSERT INTO "pattern_link" VALUES(154,'179',1);
INSERT INTO "pattern_link" VALUES(179,'167',1);
INSERT INTO "pattern_link" VALUES(175,'177',0);
INSERT INTO "pattern_link" VALUES(154,'180',1);
INSERT INTO "pattern_link" VALUES(180,'167',1);
INSERT INTO "pattern_link" VALUES(154,'181',1);
INSERT INTO "pattern_link" VALUES(181,'167',1);
INSERT INTO "pattern_link" VALUES(160,'182',0);
INSERT INTO "pattern_link" VALUES(182,'183',0);
INSERT INTO "pattern_link" VALUES(154,'184',1);
INSERT INTO "pattern_link" VALUES(184,'167',1);
INSERT INTO "pattern_link" VALUES(173,'183',0);
INSERT INTO "pattern_link" VALUES(185,'186',1);
INSERT INTO "pattern_link" VALUES(186,'187',0);
INSERT INTO "pattern_link" VALUES(187,'188',1);
INSERT INTO "pattern_link" VALUES(188,'189',0);
INSERT INTO "pattern_link" VALUES(190,'187',1);
INSERT INTO "pattern_link" VALUES(187,'191',1);
INSERT INTO "pattern_link" VALUES(191,'189',0);
INSERT INTO "pattern_link" VALUES(190,'186',1);
INSERT INTO "pattern_link" VALUES(186,'192',0);
INSERT INTO "pattern_link" VALUES(192,'189',0);
INSERT INTO "pattern_link" VALUES(187,'189',0);
INSERT INTO "pattern_link" VALUES(193,'188',1);
INSERT INTO "pattern_link" VALUES(190,'192',1);
INSERT INTO "pattern_link" VALUES(186,'189',0);
INSERT INTO "pattern_link" VALUES(194,'189',0);
INSERT INTO "pattern_link" VALUES(190,'189',1);
INSERT INTO "pattern_link" VALUES(198,'189',0);
INSERT INTO "pattern_link" VALUES(190,'189',0);
INSERT INTO "pattern_link" VALUES(187,'199',1);
INSERT INTO "pattern_link" VALUES(199,'189',0);
INSERT INTO "pattern_link" VALUES(186,'200',0);
INSERT INTO "pattern_link" VALUES(200,'189',0);
INSERT INTO "pattern_link" VALUES(193,'199',1);
INSERT INTO "pattern_link" VALUES(190,'200',1);
INSERT INTO "pattern_link" VALUES(187,'201',1);
INSERT INTO "pattern_link" VALUES(201,'189',0);
INSERT INTO "pattern_link" VALUES(187,'202',0);
INSERT INTO "pattern_link" VALUES(185,'203',1);
INSERT INTO "pattern_link" VALUES(203,'187',0);
INSERT INTO "pattern_link" VALUES(190,'203',1);
INSERT INTO "pattern_link" VALUES(203,'192',0);
INSERT INTO "pattern_link" VALUES(203,'189',0);
INSERT INTO "pattern_link" VALUES(203,'200',0);
INSERT INTO "pattern_link" VALUES(204,'205',1);
INSERT INTO "pattern_link" VALUES(205,'206',0);
INSERT INTO "pattern_link" VALUES(206,'207',1);
INSERT INTO "pattern_link" VALUES(207,'208',0);
INSERT INTO "pattern_link" VALUES(209,'206',1);
INSERT INTO "pattern_link" VALUES(209,'205',1);
INSERT INTO "pattern_link" VALUES(205,'210',0);
INSERT INTO "pattern_link" VALUES(210,'208',0);
INSERT INTO "pattern_link" VALUES(206,'208',0);
INSERT INTO "pattern_link" VALUES(211,'207',1);
INSERT INTO "pattern_link" VALUES(209,'210',1);
INSERT INTO "pattern_link" VALUES(205,'208',0);
INSERT INTO "pattern_link" VALUES(212,'208',0);
INSERT INTO "pattern_link" VALUES(209,'208',1);
INSERT INTO "pattern_link" VALUES(214,'215',1);
INSERT INTO "pattern_link" VALUES(215,'216',0);
INSERT INTO "pattern_link" VALUES(216,'217',1);
INSERT INTO "pattern_link" VALUES(217,'218',0);
INSERT INTO "pattern_link" VALUES(219,'216',1);
INSERT INTO "pattern_link" VALUES(219,'215',1);
INSERT INTO "pattern_link" VALUES(215,'220',0);
INSERT INTO "pattern_link" VALUES(220,'218',0);
INSERT INTO "pattern_link" VALUES(216,'218',0);
INSERT INTO "pattern_link" VALUES(221,'217',1);
INSERT INTO "pattern_link" VALUES(219,'220',1);
INSERT INTO "pattern_link" VALUES(215,'218',0);
INSERT INTO "pattern_link" VALUES(222,'218',0);
INSERT INTO "pattern_link" VALUES(219,'218',1);
INSERT INTO "pattern_link" VALUES(224,'225',1);
INSERT INTO "pattern_link" VALUES(225,'226',0);
INSERT INTO "pattern_link" VALUES(226,'227',1);
INSERT INTO "pattern_link" VALUES(227,'228',0);
INSERT INTO "pattern_link" VALUES(229,'226',1);
INSERT INTO "pattern_link" VALUES(229,'225',1);
INSERT INTO "pattern_link" VALUES(225,'230',0);
INSERT INTO "pattern_link" VALUES(230,'228',0);
INSERT INTO "pattern_link" VALUES(226,'228',0);
INSERT INTO "pattern_link" VALUES(231,'227',1);
INSERT INTO "pattern_link" VALUES(229,'230',1);
INSERT INTO "pattern_link" VALUES(225,'228',0);
INSERT INTO "pattern_link" VALUES(232,'228',0);
INSERT INTO "pattern_link" VALUES(229,'228',1);
INSERT INTO "pattern_link" VALUES(234,'235',1);
INSERT INTO "pattern_link" VALUES(235,'236',0);
INSERT INTO "pattern_link" VALUES(236,'237',1);
INSERT INTO "pattern_link" VALUES(237,'238',0);
INSERT INTO "pattern_link" VALUES(239,'236',1);
INSERT INTO "pattern_link" VALUES(239,'235',1);
INSERT INTO "pattern_link" VALUES(235,'240',0);
INSERT INTO "pattern_link" VALUES(240,'238',0);
INSERT INTO "pattern_link" VALUES(236,'238',0);
INSERT INTO "pattern_link" VALUES(241,'237',1);
INSERT INTO "pattern_link" VALUES(239,'240',1);
INSERT INTO "pattern_link" VALUES(235,'238',0);
INSERT INTO "pattern_link" VALUES(242,'238',0);
INSERT INTO "pattern_link" VALUES(239,'238',1);
CREATE TABLE `question` (            `questionNo` INTEGER PRIMARY KEY AUTOINCREMENT NOT NULL ,            `mood` varchar(50) DEFAULT NULL,            `tag` varchar(50) DEFAULT NULL        );
INSERT INTO "question" VALUES(1,'心情1','美食');
INSERT INTO "question" VALUES(2,'心情1','購物');
INSERT INTO "question" VALUES(3,'心情1','旅遊');
INSERT INTO "question" VALUES(4,'心情1','休閒娛樂');
INSERT INTO "question" VALUES(5,'心情1','戀愛');
INSERT INTO "question" VALUES(6,'心情2','美食');
INSERT INTO "question" VALUES(7,'心情2','購物');
INSERT INTO "question" VALUES(8,'心情2','旅遊');
INSERT INTO "question" VALUES(9,'心情2','休閒娛樂');
INSERT INTO "question" VALUES(10,'心情2','戀愛');
INSERT INTO "question" VALUES(11,'心情3','美食');
INSERT INTO "question" VALUES(12,'心情3','購物');
INSERT INTO "question" VALUES(13,'心情3','旅遊');
INSERT INTO "question" VALUES(14,'心情3','休閒娛樂');
INSERT INTO "question" VALUES(15,'心情3','戀愛');
INSERT INTO "question" VALUES(16,'心情4','美食');
INSERT INTO "question" VALUES(17,'心情4','購物');
INSERT INTO "question" VALUES(18,'心情4','旅遊');
INSERT INTO "question" VALUES(19,'心情4','休閒娛樂');
INSERT INTO "question" VALUES(20,'心情4','戀愛');
INSERT INTO "question" VALUES(21,'心情5','美食');
INSERT INTO "question" VALUES(22,'心情5','購物');
INSERT INTO "question" VALUES(23,'心情5','旅遊');
INSERT INTO "question" VALUES(24,'心情5','休閒娛樂');
INSERT INTO "question" VALUES(25,'心情5','戀愛');
CREATE TABLE `questionclass` (            `questionClassNo` INTEGER PRIMARY KEY AUTOINCREMENT NOT NULL ,            `questionNo` INTEGER DEFAULT NULL,            `questionClass` varchar(50) DEFAULT NULL,            FOREIGN KEY (`questionNo`) REFERENCES `question` (`questionNo`) ON DELETE CASCADE ON UPDATE CASCADE        );
INSERT INTO "questionclass" VALUES(1,1,'what');
INSERT INTO "questionclass" VALUES(2,1,'why');
INSERT INTO "questionclass" VALUES(3,1,'where');
INSERT INTO "questionclass" VALUES(4,1,'when');
INSERT INTO "questionclass" VALUES(5,1,'who');
INSERT INTO "questionclass" VALUES(6,1,'how');
INSERT INTO "questionclass" VALUES(7,2,'what');
INSERT INTO "questionclass" VALUES(8,2,'why');
INSERT INTO "questionclass" VALUES(9,2,'where');
INSERT INTO "questionclass" VALUES(10,2,'when');
INSERT INTO "questionclass" VALUES(11,2,'who');
INSERT INTO "questionclass" VALUES(12,2,'how');
INSERT INTO "questionclass" VALUES(13,3,'what');
INSERT INTO "questionclass" VALUES(14,3,'why');
INSERT INTO "questionclass" VALUES(15,3,'where');
INSERT INTO "questionclass" VALUES(16,3,'when');
INSERT INTO "questionclass" VALUES(17,3,'who');
INSERT INTO "questionclass" VALUES(18,3,'how');
INSERT INTO "questionclass" VALUES(19,4,'what');
INSERT INTO "questionclass" VALUES(20,4,'why');
INSERT INTO "questionclass" VALUES(21,4,'where');
INSERT INTO "questionclass" VALUES(22,4,'when');
INSERT INTO "questionclass" VALUES(23,4,'who');
INSERT INTO "questionclass" VALUES(24,4,'how');
INSERT INTO "questionclass" VALUES(25,5,'what');
INSERT INTO "questionclass" VALUES(26,5,'why');
INSERT INTO "questionclass" VALUES(27,5,'where');
INSERT INTO "questionclass" VALUES(28,5,'when');
INSERT INTO "questionclass" VALUES(29,5,'who');
INSERT INTO "questionclass" VALUES(30,5,'how');
INSERT INTO "questionclass" VALUES(31,6,'what');
INSERT INTO "questionclass" VALUES(32,6,'why');
INSERT INTO "questionclass" VALUES(33,6,'where');
INSERT INTO "questionclass" VALUES(34,6,'when');
INSERT INTO "questionclass" VALUES(35,6,'who');
INSERT INTO "questionclass" VALUES(36,6,'how');
INSERT INTO "questionclass" VALUES(37,7,'what');
INSERT INTO "questionclass" VALUES(38,7,'why');
INSERT INTO "questionclass" VALUES(39,7,'where');
INSERT INTO "questionclass" VALUES(40,7,'when');
INSERT INTO "questionclass" VALUES(41,7,'who');
INSERT INTO "questionclass" VALUES(42,7,'how');
INSERT INTO "questionclass" VALUES(43,8,'what');
INSERT INTO "questionclass" VALUES(44,8,'why');
INSERT INTO "questionclass" VALUES(45,8,'where');
INSERT INTO "questionclass" VALUES(46,8,'when');
INSERT INTO "questionclass" VALUES(47,8,'who');
INSERT INTO "questionclass" VALUES(48,8,'how');
INSERT INTO "questionclass" VALUES(49,12,'what');
INSERT INTO "questionclass" VALUES(50,12,'why');
INSERT INTO "questionclass" VALUES(51,12,'where');
INSERT INTO "questionclass" VALUES(52,12,'when');
INSERT INTO "questionclass" VALUES(53,12,'who');
INSERT INTO "questionclass" VALUES(54,12,'how');
INSERT INTO "questionclass" VALUES(55,17,'what');
INSERT INTO "questionclass" VALUES(56,17,'why');
INSERT INTO "questionclass" VALUES(57,17,'where');
INSERT INTO "questionclass" VALUES(58,17,'when');
INSERT INTO "questionclass" VALUES(59,17,'who');
INSERT INTO "questionclass" VALUES(60,17,'how');
INSERT INTO "questionclass" VALUES(61,22,'what');
INSERT INTO "questionclass" VALUES(62,22,'why');
INSERT INTO "questionclass" VALUES(63,22,'where');
INSERT INTO "questionclass" VALUES(64,22,'when');
INSERT INTO "questionclass" VALUES(65,22,'who');
INSERT INTO "questionclass" VALUES(66,22,'how');
INSERT INTO "questionclass" VALUES(67,9,'what');
INSERT INTO "questionclass" VALUES(68,9,'why');
INSERT INTO "questionclass" VALUES(69,9,'where');
INSERT INTO "questionclass" VALUES(70,9,'when');
INSERT INTO "questionclass" VALUES(71,9,'who');
INSERT INTO "questionclass" VALUES(72,9,'how');
INSERT INTO "questionclass" VALUES(73,14,'what');
INSERT INTO "questionclass" VALUES(74,14,'why');
INSERT INTO "questionclass" VALUES(75,14,'where');
INSERT INTO "questionclass" VALUES(76,14,'when');
INSERT INTO "questionclass" VALUES(77,14,'who');
INSERT INTO "questionclass" VALUES(78,14,'how');
INSERT INTO "questionclass" VALUES(79,19,'what');
INSERT INTO "questionclass" VALUES(80,19,'why');
INSERT INTO "questionclass" VALUES(81,19,'where');
INSERT INTO "questionclass" VALUES(82,19,'when');
INSERT INTO "questionclass" VALUES(83,19,'who');
INSERT INTO "questionclass" VALUES(84,19,'how');
INSERT INTO "questionclass" VALUES(85,24,'what');
INSERT INTO "questionclass" VALUES(86,24,'why');
INSERT INTO "questionclass" VALUES(87,24,'where');
INSERT INTO "questionclass" VALUES(88,24,'when');
INSERT INTO "questionclass" VALUES(89,24,'who');
INSERT INTO "questionclass" VALUES(90,24,'how');
INSERT INTO "questionclass" VALUES(91,10,'what');
INSERT INTO "questionclass" VALUES(92,10,'why');
INSERT INTO "questionclass" VALUES(93,10,'where');
INSERT INTO "questionclass" VALUES(94,10,'when');
INSERT INTO "questionclass" VALUES(95,10,'who');
INSERT INTO "questionclass" VALUES(96,15,'what');
INSERT INTO "questionclass" VALUES(97,15,'why');
INSERT INTO "questionclass" VALUES(98,15,'where');
INSERT INTO "questionclass" VALUES(99,15,'when');
INSERT INTO "questionclass" VALUES(100,15,'who');
INSERT INTO "questionclass" VALUES(101,20,'what');
INSERT INTO "questionclass" VALUES(102,20,'why');
INSERT INTO "questionclass" VALUES(103,20,'where');
INSERT INTO "questionclass" VALUES(104,20,'when');
INSERT INTO "questionclass" VALUES(105,20,'who');
INSERT INTO "questionclass" VALUES(106,25,'what');
INSERT INTO "questionclass" VALUES(107,25,'why');
INSERT INTO "questionclass" VALUES(108,25,'where');
INSERT INTO "questionclass" VALUES(109,25,'when');
INSERT INTO "questionclass" VALUES(110,25,'who');
CREATE TABLE `questioncontent` (            `questionContentNo` INTEGER PRIMARY KEY AUTOINCREMENT NOT NULL ,            `questionClassNo` INTEGER DEFAULT NULL,            `questionContent` varchar(255) DEFAULT NULL,            FOREIGN KEY (`questionClassNo`) REFERENCES `questionclass` (`questionClassNo`) ON DELETE CASCADE ON UPDATE CASCADE,            UNIQUE(questionClassNo, questionContent)        );
INSERT INTO "questioncontent" VALUES(1,1,'今天吃了甚麼呀~心情很好喔');
INSERT INTO "questioncontent" VALUES(2,1,'吃了什麼美食讓你心情這麼好?');
INSERT INTO "questioncontent" VALUES(3,1,'讓你心情這麼好的美食是什麼呢?');
INSERT INTO "questioncontent" VALUES(4,2,'為甚麼會想去吃這個美食');
INSERT INTO "questioncontent" VALUES(5,2,'心情不錯的時候都會去吃嗎');
INSERT INTO "questioncontent" VALUES(6,2,'吃了這個美食會讓你有好心情嗎');
INSERT INTO "questioncontent" VALUES(7,3,'你在哪裡吃的呢?');
INSERT INTO "questioncontent" VALUES(8,3,'這個美食位於哪裡呢?');
INSERT INTO "questioncontent" VALUES(9,3,'賣這個食物的地點在哪裡~');
INSERT INTO "questioncontent" VALUES(10,4,'甚麼時候去吃的~');
INSERT INTO "questioncontent" VALUES(11,4,'是晚餐的時候去吃的嗎?還是其他時間?');
INSERT INTO "questioncontent" VALUES(12,4,'吃了多久呢~');
INSERT INTO "questioncontent" VALUES(13,5,'跟誰去吃呢~跟朋友嗎?');
INSERT INTO "questioncontent" VALUES(14,5,'自己去吃嗎?');
INSERT INTO "questioncontent" VALUES(15,5,'下次想自己吃還是跟其他人去吃呢?');
INSERT INTO "questioncontent" VALUES(16,6,'你對於這份美食的感受?');
INSERT INTO "questioncontent" VALUES(17,6,'這份美食給你的感覺如何呀？');
INSERT INTO "questioncontent" VALUES(18,7,'今天去買了什麼呢?');
INSERT INTO "questioncontent" VALUES(19,7,'你今天買了什麼呢~');
INSERT INTO "questioncontent" VALUES(20,7,'今天買了什麼呢');
INSERT INTO "questioncontent" VALUES(21,8,'為甚麼會想買這個~');
INSERT INTO "questioncontent" VALUES(22,8,'買這個的原因是什麼呢?');
INSERT INTO "questioncontent" VALUES(23,8,'為甚麼想買這個呢~');
INSERT INTO "questioncontent" VALUES(24,9,'去哪裡買這個呢?');
INSERT INTO "questioncontent" VALUES(25,9,'你今天去哪裡買呢~');
INSERT INTO "questioncontent" VALUES(26,9,'這是在哪裡買的呢');
INSERT INTO "questioncontent" VALUES(27,10,'什麼時候去買的呢~');
INSERT INTO "questioncontent" VALUES(28,10,'什麼時間去買的呢?');
INSERT INTO "questioncontent" VALUES(29,10,'大概什麼時候買的?');
INSERT INTO "questioncontent" VALUES(30,11,'有誰和你一起去買呢?');
INSERT INTO "questioncontent" VALUES(31,11,'有邀請誰與你同行呢?');
INSERT INTO "questioncontent" VALUES(32,11,'有找人一起去買嗎?');
INSERT INTO "questioncontent" VALUES(33,12,'買這個感覺如何呢?');
INSERT INTO "questioncontent" VALUES(34,12,'今天買東西感覺如何?');
INSERT INTO "questioncontent" VALUES(35,12,'買完後了感覺如何?');
INSERT INTO "questioncontent" VALUES(36,37,'今天去買了什麼呢?');
INSERT INTO "questioncontent" VALUES(37,37,'你今天買了什麼呢~');
INSERT INTO "questioncontent" VALUES(38,37,'今天買了什麼呢');
INSERT INTO "questioncontent" VALUES(39,38,'為甚麼會想買這個~');
INSERT INTO "questioncontent" VALUES(40,38,'買這個的原因是什麼呢?');
INSERT INTO "questioncontent" VALUES(41,38,'為甚麼想買這個呢~');
INSERT INTO "questioncontent" VALUES(42,39,'去哪裡買這個呢?');
INSERT INTO "questioncontent" VALUES(43,39,'你今天去哪裡買呢~');
INSERT INTO "questioncontent" VALUES(44,39,'這是在哪裡買的呢');
INSERT INTO "questioncontent" VALUES(45,40,'什麼時候去買的呢~');
INSERT INTO "questioncontent" VALUES(46,40,'什麼時間去買的呢?');
INSERT INTO "questioncontent" VALUES(47,40,'大概什麼時候買的?');
INSERT INTO "questioncontent" VALUES(48,41,'有誰和你一起去買呢?');
INSERT INTO "questioncontent" VALUES(49,41,'有邀請誰與你同行呢?');
INSERT INTO "questioncontent" VALUES(50,41,'有找人一起去買嗎?');
INSERT INTO "questioncontent" VALUES(51,42,'買這個感覺如何呢?');
INSERT INTO "questioncontent" VALUES(52,42,'今天買東西感覺如何?');
INSERT INTO "questioncontent" VALUES(53,42,'買完後了感覺如何?');
INSERT INTO "questioncontent" VALUES(54,49,'今天去買了什麼呢?');
INSERT INTO "questioncontent" VALUES(55,49,'你今天買了什麼呢~');
INSERT INTO "questioncontent" VALUES(56,49,'今天買了什麼呢');
INSERT INTO "questioncontent" VALUES(57,50,'為甚麼會想買這個~');
INSERT INTO "questioncontent" VALUES(58,50,'買這個的原因是什麼呢?');
INSERT INTO "questioncontent" VALUES(59,50,'為甚麼想買這個呢~');
INSERT INTO "questioncontent" VALUES(60,51,'去哪裡買這個呢?');
INSERT INTO "questioncontent" VALUES(61,51,'你今天去哪裡買呢~');
INSERT INTO "questioncontent" VALUES(62,51,'這是在哪裡買的呢');
INSERT INTO "questioncontent" VALUES(63,52,'什麼時候去買的呢~');
INSERT INTO "questioncontent" VALUES(64,52,'什麼時間去買的呢?');
INSERT INTO "questioncontent" VALUES(65,52,'大概什麼時候買的?');
INSERT INTO "questioncontent" VALUES(66,53,'有誰和你一起去買呢?');
INSERT INTO "questioncontent" VALUES(67,53,'有邀請誰與你同行呢?');
INSERT INTO "questioncontent" VALUES(68,53,'有找人一起去買嗎?');
INSERT INTO "questioncontent" VALUES(69,54,'心情普通的你覺得如何?');
INSERT INTO "questioncontent" VALUES(70,54,'今天買東西感覺如何?');
INSERT INTO "questioncontent" VALUES(71,54,'買完後了感覺如何?');
INSERT INTO "questioncontent" VALUES(72,55,'今天去買了什麼呢?');
INSERT INTO "questioncontent" VALUES(73,55,'你今天買了什麼呢~');
INSERT INTO "questioncontent" VALUES(74,55,'今天買了什麼呢');
INSERT INTO "questioncontent" VALUES(75,56,'為甚麼會想買這個~');
INSERT INTO "questioncontent" VALUES(76,56,'買這個的原因是什麼呢?');
INSERT INTO "questioncontent" VALUES(77,56,'為甚麼想買這個呢~');
INSERT INTO "questioncontent" VALUES(78,57,'去哪裡買這個呢?');
INSERT INTO "questioncontent" VALUES(79,57,'你今天去哪裡買呢~');
INSERT INTO "questioncontent" VALUES(80,57,'這是在哪裡買的呢');
INSERT INTO "questioncontent" VALUES(81,58,'什麼時候去買的呢~');
INSERT INTO "questioncontent" VALUES(82,58,'什麼時間去買的呢?');
INSERT INTO "questioncontent" VALUES(83,58,'大概什麼時候買的?');
INSERT INTO "questioncontent" VALUES(84,59,'有誰和你一起去買呢?');
INSERT INTO "questioncontent" VALUES(85,59,'有邀請誰與你同行呢?');
INSERT INTO "questioncontent" VALUES(86,59,'有找人一起去買嗎?');
INSERT INTO "questioncontent" VALUES(87,60,'買這個感覺如何呢?');
INSERT INTO "questioncontent" VALUES(88,60,'今天買東西感覺如何?');
INSERT INTO "questioncontent" VALUES(89,60,'買完後了感覺如何?');
INSERT INTO "questioncontent" VALUES(90,61,'今天去買了什麼呢?');
INSERT INTO "questioncontent" VALUES(91,61,'你今天買了什麼呢~');
INSERT INTO "questioncontent" VALUES(92,61,'今天買了什麼呢');
INSERT INTO "questioncontent" VALUES(93,62,'為甚麼會想買這個~');
INSERT INTO "questioncontent" VALUES(94,62,'買這個的原因是什麼呢?');
INSERT INTO "questioncontent" VALUES(95,62,'為甚麼想買這個呢~');
INSERT INTO "questioncontent" VALUES(96,63,'去哪裡買這個呢?');
INSERT INTO "questioncontent" VALUES(97,63,'你今天去哪裡買呢~');
INSERT INTO "questioncontent" VALUES(98,63,'這是在哪裡買的呢');
INSERT INTO "questioncontent" VALUES(99,64,'什麼時候去買的呢~');
INSERT INTO "questioncontent" VALUES(100,64,'什麼時間去買的呢?');
INSERT INTO "questioncontent" VALUES(101,64,'大概什麼時候買的?');
INSERT INTO "questioncontent" VALUES(102,65,'有誰和你一起去買呢?');
INSERT INTO "questioncontent" VALUES(103,65,'有邀請誰與你同行呢?');
INSERT INTO "questioncontent" VALUES(104,65,'有找人一起去買嗎?');
INSERT INTO "questioncontent" VALUES(105,66,'買這個感覺如何呢?');
INSERT INTO "questioncontent" VALUES(106,66,'今天買東西感覺如何?');
INSERT INTO "questioncontent" VALUES(107,66,'買完後了感覺如何?');
INSERT INTO "questioncontent" VALUES(108,19,'你今天做了什麼呢心情那麼好？');
INSERT INTO "questioncontent" VALUES(109,19,'哇～心情很好耶！做了什麼事呀？');
INSERT INTO "questioncontent" VALUES(110,19,'做了什麼事呀？讓你心情很好');
INSERT INTO "questioncontent" VALUES(111,20,'為什麼會想做這個活動呀？');
INSERT INTO "questioncontent" VALUES(112,20,'是什麼原因讓你想做這個事呢？');
INSERT INTO "questioncontent" VALUES(113,20,'怎麼會選擇做這項活動呀？');
INSERT INTO "questioncontent" VALUES(114,21,'去哪邊做這個休閒娛樂呢？');
INSERT INTO "questioncontent" VALUES(115,21,'在哪裡做這件事呢？');
INSERT INTO "questioncontent" VALUES(116,21,'在哪個地點做這個活動？');
INSERT INTO "questioncontent" VALUES(117,22,'什麼時候做這個事呢？');
INSERT INTO "questioncontent" VALUES(118,22,'做這件事是什麼時候呀？');
INSERT INTO "questioncontent" VALUES(119,23,'跟誰一起做了這個事情呀？');
INSERT INTO "questioncontent" VALUES(120,23,'是自己一個人嗎？還是有和誰一起呢？');
INSERT INTO "questioncontent" VALUES(121,24,'這項活動你覺得怎麼樣呢？');
INSERT INTO "questioncontent" VALUES(122,24,'做這個活動時感覺如何呀？');
INSERT INTO "questioncontent" VALUES(123,67,'你今天做了什麼呢心情那麼好？');
INSERT INTO "questioncontent" VALUES(124,67,'哇～心情不錯呦！做了什麼事呀？');
INSERT INTO "questioncontent" VALUES(125,67,'做了什麼事呀？讓你心情蠻好的');
INSERT INTO "questioncontent" VALUES(126,68,'為什麼會想做這個活動呀？');
INSERT INTO "questioncontent" VALUES(127,68,'是什麼原因讓你想做這個事呢？');
INSERT INTO "questioncontent" VALUES(128,68,'怎麼會選擇做這項活動呀？');
INSERT INTO "questioncontent" VALUES(129,69,'去哪邊做這個休閒娛樂呢？');
INSERT INTO "questioncontent" VALUES(130,69,'在哪裡做這件事呢？');
INSERT INTO "questioncontent" VALUES(131,69,'在哪個地點做這個活動？');
INSERT INTO "questioncontent" VALUES(132,70,'什麼時候做這個事呢？');
INSERT INTO "questioncontent" VALUES(133,70,'做這件事是什麼時候呀？');
INSERT INTO "questioncontent" VALUES(134,71,'跟誰一起做了這個事情呀？');
INSERT INTO "questioncontent" VALUES(135,71,'是自己一個人嗎？還是有和誰一起呢？');
INSERT INTO "questioncontent" VALUES(136,72,'這項活動你覺得怎麼樣呢？');
INSERT INTO "questioncontent" VALUES(137,72,'做這個活動時感覺如何呀？');
INSERT INTO "questioncontent" VALUES(138,73,'你今天做了什麼呢心情那麼好？');
INSERT INTO "questioncontent" VALUES(139,73,'心情還行呦，是做了什麼事呀？');
INSERT INTO "questioncontent" VALUES(140,73,'做了什麼事呀？讓你心情普通');
INSERT INTO "questioncontent" VALUES(141,74,'為什麼會想做這個活動呀？');
INSERT INTO "questioncontent" VALUES(142,74,'是什麼原因讓你想做這個事呢？');
INSERT INTO "questioncontent" VALUES(143,74,'怎麼會選擇做這項活動呀？');
INSERT INTO "questioncontent" VALUES(144,75,'去哪邊做這個休閒娛樂呢？');
INSERT INTO "questioncontent" VALUES(145,75,'在哪裡做這件事呢？');
INSERT INTO "questioncontent" VALUES(146,75,'在哪個地點做這個活動？');
INSERT INTO "questioncontent" VALUES(147,76,'什麼時候做這個事呢？');
INSERT INTO "questioncontent" VALUES(148,76,'做這件事是什麼時候呀？');
INSERT INTO "questioncontent" VALUES(149,77,'跟誰一起做了這個事情呀？');
INSERT INTO "questioncontent" VALUES(150,77,'是自己一個人嗎？還是有和誰一起呢？');
INSERT INTO "questioncontent" VALUES(151,78,'這項活動你覺得怎麼樣呢？');
INSERT INTO "questioncontent" VALUES(152,78,'做這個活動時感覺如何呀？');
INSERT INTO "questioncontent" VALUES(153,79,'你今天做了什麼呢心情那麼好？');
INSERT INTO "questioncontent" VALUES(154,79,'心情不太好誒..是做了什麼事嗎？');
INSERT INTO "questioncontent" VALUES(155,79,'做了什麼事呀？讓你心情不太好');
INSERT INTO "questioncontent" VALUES(156,80,'為什麼會想做這個活動呀？');
INSERT INTO "questioncontent" VALUES(157,80,'是什麼原因讓你想做這個事呢？');
INSERT INTO "questioncontent" VALUES(158,80,'怎麼會選擇做這項活動呀？');
INSERT INTO "questioncontent" VALUES(159,81,'去哪邊做這個休閒娛樂呢？');
INSERT INTO "questioncontent" VALUES(160,81,'在哪裡做這件事呢？');
INSERT INTO "questioncontent" VALUES(161,81,'在哪個地點做這個活動？');
INSERT INTO "questioncontent" VALUES(162,82,'什麼時候做這個事呢？');
INSERT INTO "questioncontent" VALUES(163,82,'做這件事是什麼時候呀？');
INSERT INTO "questioncontent" VALUES(164,83,'跟誰一起做了這個事情呀？');
INSERT INTO "questioncontent" VALUES(165,83,'是自己一個人嗎？還是有和誰一起呢？');
INSERT INTO "questioncontent" VALUES(166,84,'這項活動你覺得怎麼樣呢？');
INSERT INTO "questioncontent" VALUES(167,84,'做這個活動時感覺如何呀？');
INSERT INTO "questioncontent" VALUES(168,85,'你今天做了什麼呢心情那麼好？');
INSERT INTO "questioncontent" VALUES(169,85,'怎麼心情不好了呢，是做了什麼事呀？');
INSERT INTO "questioncontent" VALUES(170,85,'做了什麼事呀？讓你心情那麼不好');
INSERT INTO "questioncontent" VALUES(171,86,'為什麼會想做這個活動呀？');
INSERT INTO "questioncontent" VALUES(172,86,'是什麼原因讓你想做這個事呢？');
INSERT INTO "questioncontent" VALUES(173,86,'怎麼會選擇做這項活動呀？');
INSERT INTO "questioncontent" VALUES(174,87,'去哪邊做這個休閒娛樂呢？');
INSERT INTO "questioncontent" VALUES(175,87,'在哪裡做這件事呢？');
INSERT INTO "questioncontent" VALUES(176,87,'在哪個地點做這個活動？');
INSERT INTO "questioncontent" VALUES(177,88,'什麼時候做這個事呢？');
INSERT INTO "questioncontent" VALUES(178,88,'做這件事是什麼時候呀？');
INSERT INTO "questioncontent" VALUES(179,89,'跟誰一起做了這個事情呀？');
INSERT INTO "questioncontent" VALUES(180,89,'是自己一個人嗎？還是有和誰一起呢？');
INSERT INTO "questioncontent" VALUES(181,90,'這項活動你覺得怎麼樣呢？');
INSERT INTO "questioncontent" VALUES(182,90,'做這個活動時感覺如何呀？');
INSERT INTO "questioncontent" VALUES(183,25,'今天去做了什麼事呢?');
INSERT INTO "questioncontent" VALUES(184,25,'你們今天做了什麼事~');
INSERT INTO "questioncontent" VALUES(185,25,'今天做了哪些事呢');
INSERT INTO "questioncontent" VALUES(186,26,'為甚麼會想做這件事~');
INSERT INTO "questioncontent" VALUES(187,26,'做這件事的原因是什麼呢?');
INSERT INTO "questioncontent" VALUES(188,26,'為甚麼想做這件事呢~');
INSERT INTO "questioncontent" VALUES(189,27,'去哪裡做這件事呢?');
INSERT INTO "questioncontent" VALUES(190,27,'你們今天去哪裡~');
INSERT INTO "questioncontent" VALUES(191,27,'這是在哪裡呢');
INSERT INTO "questioncontent" VALUES(192,28,'什麼時候去的呢~');
INSERT INTO "questioncontent" VALUES(193,28,'什麼時間去的呢?');
INSERT INTO "questioncontent" VALUES(194,28,'大概什麼時候呢?');
INSERT INTO "questioncontent" VALUES(195,29,'有誰和你們一起去呢?');
INSERT INTO "questioncontent" VALUES(196,29,'有邀請誰與你們同行呢?');
INSERT INTO "questioncontent" VALUES(197,29,'有找人一起去嗎?');
INSERT INTO "questioncontent" VALUES(198,91,'今天去做了什麼事呢?');
INSERT INTO "questioncontent" VALUES(199,91,'你們今天做了什麼事~');
INSERT INTO "questioncontent" VALUES(200,91,'今天做了哪些事呢');
INSERT INTO "questioncontent" VALUES(201,92,'為甚麼會想做這件事~');
INSERT INTO "questioncontent" VALUES(202,92,'做這件事的原因是什麼呢?');
INSERT INTO "questioncontent" VALUES(203,92,'為甚麼想做這件事呢~');
INSERT INTO "questioncontent" VALUES(204,93,'去哪裡做這件事呢?');
INSERT INTO "questioncontent" VALUES(205,93,'你們今天去哪裡~');
INSERT INTO "questioncontent" VALUES(206,93,'這是在哪裡呢');
INSERT INTO "questioncontent" VALUES(207,94,'什麼時候去的呢~');
INSERT INTO "questioncontent" VALUES(208,94,'什麼時間去的呢?');
INSERT INTO "questioncontent" VALUES(209,94,'大概什麼時候呢?');
INSERT INTO "questioncontent" VALUES(210,95,'有誰和你們一起去呢?');
INSERT INTO "questioncontent" VALUES(211,95,'有邀請誰與你們同行呢?');
INSERT INTO "questioncontent" VALUES(212,95,'有找人一起去嗎?');
INSERT INTO "questioncontent" VALUES(213,96,'今天去做了什麼事呢?');
INSERT INTO "questioncontent" VALUES(214,96,'你們今天做了什麼事~');
INSERT INTO "questioncontent" VALUES(215,96,'今天做了哪些事呢');
INSERT INTO "questioncontent" VALUES(216,97,'為甚麼會想做這件事~');
INSERT INTO "questioncontent" VALUES(217,97,'做這件事的原因是什麼呢?');
INSERT INTO "questioncontent" VALUES(218,97,'為甚麼想做這件事呢~');
INSERT INTO "questioncontent" VALUES(219,98,'去哪裡做這件事呢?');
INSERT INTO "questioncontent" VALUES(220,98,'你們今天去哪裡~');
INSERT INTO "questioncontent" VALUES(221,98,'這是在哪裡呢');
INSERT INTO "questioncontent" VALUES(222,99,'什麼時候去的呢~');
INSERT INTO "questioncontent" VALUES(223,99,'什麼時間去的呢?');
INSERT INTO "questioncontent" VALUES(224,99,'大概什麼時候呢?');
INSERT INTO "questioncontent" VALUES(225,100,'有誰和你們一起去呢?');
INSERT INTO "questioncontent" VALUES(226,100,'有邀請誰與你們同行呢?');
INSERT INTO "questioncontent" VALUES(227,100,'有找人一起去嗎?');
INSERT INTO "questioncontent" VALUES(228,101,'今天去做了什麼事呢?');
INSERT INTO "questioncontent" VALUES(229,101,'你們今天做了什麼事~');
INSERT INTO "questioncontent" VALUES(230,101,'今天做了哪些事呢');
INSERT INTO "questioncontent" VALUES(231,102,'為甚麼會想做這件事~');
INSERT INTO "questioncontent" VALUES(232,102,'做這件事的原因是什麼呢?');
INSERT INTO "questioncontent" VALUES(233,102,'為甚麼想做這件事呢~');
INSERT INTO "questioncontent" VALUES(234,103,'去哪裡做這件事呢?');
INSERT INTO "questioncontent" VALUES(235,103,'你們今天去哪裡~');
INSERT INTO "questioncontent" VALUES(236,103,'這是在哪裡呢');
INSERT INTO "questioncontent" VALUES(237,104,'什麼時候去的呢~');
INSERT INTO "questioncontent" VALUES(238,104,'什麼時間去的呢?');
INSERT INTO "questioncontent" VALUES(239,104,'大概什麼時候呢?');
INSERT INTO "questioncontent" VALUES(240,105,'有誰和你們一起去呢?');
INSERT INTO "questioncontent" VALUES(241,105,'有邀請誰與你們同行呢?');
INSERT INTO "questioncontent" VALUES(242,105,'有找人一起去嗎?');
INSERT INTO "questioncontent" VALUES(243,106,'你們之間發生什麼事了?');
INSERT INTO "questioncontent" VALUES(244,106,'有甚麼事情發生嗎?');
INSERT INTO "questioncontent" VALUES(245,106,'發生什麼事情?');
INSERT INTO "questioncontent" VALUES(246,107,'為什麼會這樣 :(');
INSERT INTO "questioncontent" VALUES(247,107,'怎麼會這樣  :(');
INSERT INTO "questioncontent" VALUES(248,107,'怎麼了?');
INSERT INTO "questioncontent" VALUES(249,108,'在哪裡發生的?');
INSERT INTO "questioncontent" VALUES(250,108,'什麼地方發生的?');
INSERT INTO "questioncontent" VALUES(251,109,'什麼時候發生的?');
INSERT INTO "questioncontent" VALUES(252,110,'有向誰訴說心情嗎?');
INSERT INTO "questioncontent" VALUES(253,110,'有試著與誰分享嗎?');
INSERT INTO "questioncontent" VALUES(254,110,'有找人討論問題所在嗎~');
CREATE TABLE `sentence_pattern` (            `sentencePatternNo` INTEGER PRIMARY KEY AUTOINCREMENT NOT NULL,            `pattern` varchar(255) NOT NULL,            `questionClassNo` INTEGER NOT NULL,            FOREIGN KEY (`questionClassNo`) REFERENCES `questionclass` (`questionClassNo`)        );
INSERT INTO "sentence_pattern" VALUES(1,'吃了一份_option_',1);
INSERT INTO "sentence_pattern" VALUES(2,'享用了_option_',1);
INSERT INTO "sentence_pattern" VALUES(3,'喝了_option_',1);
INSERT INTO "sentence_pattern" VALUES(4,'小酌了_option_',1);
INSERT INTO "sentence_pattern" VALUES(5,'沒什麼特別原因',2);
INSERT INTO "sentence_pattern" VALUES(6,'沒為什麼',2);
INSERT INTO "sentence_pattern" VALUES(7,'因為_option_',2);
INSERT INTO "sentence_pattern" VALUES(8,'因為肚子餓了',2);
INSERT INTO "sentence_pattern" VALUES(9,'因為有_option_要參加',2);
INSERT INTO "sentence_pattern" VALUES(10,'因為要_option_',2);
INSERT INTO "sentence_pattern" VALUES(11,'為了_option_',2);
INSERT INTO "sentence_pattern" VALUES(12,'因為這道料理很_option_',2);
INSERT INTO "sentence_pattern" VALUES(13,'為了要解饞',2);
INSERT INTO "sentence_pattern" VALUES(14,'因為想_option_',2);
INSERT INTO "sentence_pattern" VALUES(15,'去了一家_option_',3);
INSERT INTO "sentence_pattern" VALUES(16,'在_option_',3);
INSERT INTO "sentence_pattern" VALUES(17,'去_option_',3);
INSERT INTO "sentence_pattern" VALUES(18,'待在_option_',3);
INSERT INTO "sentence_pattern" VALUES(19,'在_option_的時候',4);
INSERT INTO "sentence_pattern" VALUES(20,'早晨時',4);
INSERT INTO "sentence_pattern" VALUES(21,'日落後',4);
INSERT INTO "sentence_pattern" VALUES(22,'半夜時',4);
INSERT INTO "sentence_pattern" VALUES(23,'跟_option_在一起',5);
INSERT INTO "sentence_pattern" VALUES(24,'過程中有_opotion_的陪伴',5);
INSERT INTO "sentence_pattern" VALUES(25,'和_option_',5);
INSERT INTO "sentence_pattern" VALUES(26,'和_option_一起',5);
INSERT INTO "sentence_pattern" VALUES(27,'自己一個人',5);
INSERT INTO "sentence_pattern" VALUES(28,'一個人',5);
INSERT INTO "sentence_pattern" VALUES(29,'嚐起來_multiOption_',6);
INSERT INTO "sentence_pattern" VALUES(30,'看起來_multiOption_',6);
INSERT INTO "sentence_pattern" VALUES(31,'可以聞到_multiOption_的味道',6);
INSERT INTO "sentence_pattern" VALUES(32,'有_multiOption_的口感',6);
INSERT INTO "sentence_pattern" VALUES(33,'今天_option_的時候',10);
INSERT INTO "sentence_pattern" VALUES(34,'我和_option_',11);
INSERT INTO "sentence_pattern" VALUES(35,'因為_option_',8);
INSERT INTO "sentence_pattern" VALUES(36,'所以到_option_',9);
INSERT INTO "sentence_pattern" VALUES(37,'買_option_',7);
INSERT INTO "sentence_pattern" VALUES(38,'到_option_',9);
INSERT INTO "sentence_pattern" VALUES(39,'去買_option_',7);
INSERT INTO "sentence_pattern" VALUES(40,'今天_option_',8);
INSERT INTO "sentence_pattern" VALUES(41,'今天到_option_',9);
INSERT INTO "sentence_pattern" VALUES(42,'今天去買_option_',7);
INSERT INTO "sentence_pattern" VALUES(43,'今天_option_的時候',40);
INSERT INTO "sentence_pattern" VALUES(44,'我和_option_',41);
INSERT INTO "sentence_pattern" VALUES(45,'因為_option_',38);
INSERT INTO "sentence_pattern" VALUES(46,'所以到_option_',39);
INSERT INTO "sentence_pattern" VALUES(47,'買_option_',37);
INSERT INTO "sentence_pattern" VALUES(48,'到_option_',39);
INSERT INTO "sentence_pattern" VALUES(49,'去買_option_',37);
INSERT INTO "sentence_pattern" VALUES(50,'今天_option_',38);
INSERT INTO "sentence_pattern" VALUES(51,'今天到_option_',39);
INSERT INTO "sentence_pattern" VALUES(52,'今天去買_option_',37);
INSERT INTO "sentence_pattern" VALUES(53,'今天去買食物及食品',7);
INSERT INTO "sentence_pattern" VALUES(54,'今天去買家電及3C產品',7);
INSERT INTO "sentence_pattern" VALUES(55,'今天去買美妝護理品',7);
INSERT INTO "sentence_pattern" VALUES(56,'今天去買車用品',7);
INSERT INTO "sentence_pattern" VALUES(57,'今天去買服飾鞋包',7);
INSERT INTO "sentence_pattern" VALUES(58,'生活用品',7);
INSERT INTO "sentence_pattern" VALUES(59,'去生活用品',7);
INSERT INTO "sentence_pattern" VALUES(60,'今天去_option_',7);
INSERT INTO "sentence_pattern" VALUES(61,'_option_的時候',28);
INSERT INTO "sentence_pattern" VALUES(62,'我和情人及_option_',29);
INSERT INTO "sentence_pattern" VALUES(63,'去_option_',27);
INSERT INTO "sentence_pattern" VALUES(64,'_option_',25);
INSERT INTO "sentence_pattern" VALUES(65,'因為我們要_option_',26);
INSERT INTO "sentence_pattern" VALUES(66,'我和情人去_option_',27);
INSERT INTO "sentence_pattern" VALUES(67,'我和情人及家人',27);
INSERT INTO "sentence_pattern" VALUES(68,'去餐廳',25);
INSERT INTO "sentence_pattern" VALUES(69,'約會',26);
INSERT INTO "sentence_pattern" VALUES(70,'我和情人_option_',25);
INSERT INTO "sentence_pattern" VALUES(71,'我和情人',26);
INSERT INTO "sentence_pattern" VALUES(72,'我和情人_option_',29);
INSERT INTO "sentence_pattern" VALUES(73,'在_option_',27);
INSERT INTO "sentence_pattern" VALUES(74,'因為我們_option_',26);
INSERT INTO "sentence_pattern" VALUES(75,'因為是我們_option_',26);
INSERT INTO "sentence_pattern" VALUES(76,'在賣場',27);
INSERT INTO "sentence_pattern" VALUES(77,'超市',25);
INSERT INTO "sentence_pattern" VALUES(78,'逛街',26);
INSERT INTO "sentence_pattern" VALUES(79,'超市',26);
INSERT INTO "sentence_pattern" VALUES(80,'去公園',25);
INSERT INTO "sentence_pattern" VALUES(81,'去百貨公司',25);
INSERT INTO "sentence_pattern" VALUES(82,'去商圈',25);
INSERT INTO "sentence_pattern" VALUES(83,'去夜市',25);
INSERT INTO "sentence_pattern" VALUES(84,'吃飯',26);
INSERT INTO "sentence_pattern" VALUES(85,'我和情人去百貨公司',27);
INSERT INTO "sentence_pattern" VALUES(86,'我和情人去商圈',27);
INSERT INTO "sentence_pattern" VALUES(87,'我和情人去夜市',27);
INSERT INTO "sentence_pattern" VALUES(88,'我和情人去家裡',27);
INSERT INTO "sentence_pattern" VALUES(89,'去家裡',25);
INSERT INTO "sentence_pattern" VALUES(90,'運動',26);
INSERT INTO "sentence_pattern" VALUES(91,'我和情人去公園',27);
INSERT INTO "sentence_pattern" VALUES(92,'_option_的時候',94);
INSERT INTO "sentence_pattern" VALUES(93,'我和情人及_option_',95);
INSERT INTO "sentence_pattern" VALUES(94,'去_option_',93);
INSERT INTO "sentence_pattern" VALUES(95,'_option_',91);
INSERT INTO "sentence_pattern" VALUES(96,'因為我們要_option_',92);
INSERT INTO "sentence_pattern" VALUES(97,'我和情人去_option_',93);
INSERT INTO "sentence_pattern" VALUES(98,'我和情人及家人',93);
INSERT INTO "sentence_pattern" VALUES(99,'去餐廳',91);
INSERT INTO "sentence_pattern" VALUES(100,'約會',92);
INSERT INTO "sentence_pattern" VALUES(101,'我和情人_option_',91);
INSERT INTO "sentence_pattern" VALUES(102,'我和情人',92);
INSERT INTO "sentence_pattern" VALUES(103,'我和情人_option_',95);
INSERT INTO "sentence_pattern" VALUES(104,'在_option_',93);
INSERT INTO "sentence_pattern" VALUES(105,'因為我們_option_',92);
INSERT INTO "sentence_pattern" VALUES(106,'因為是我們_option_',92);
INSERT INTO "sentence_pattern" VALUES(107,'在賣場',93);
INSERT INTO "sentence_pattern" VALUES(108,'超市',91);
INSERT INTO "sentence_pattern" VALUES(109,'逛街',92);
INSERT INTO "sentence_pattern" VALUES(110,'超市',92);
INSERT INTO "sentence_pattern" VALUES(111,'去公園',91);
INSERT INTO "sentence_pattern" VALUES(112,'去百貨公司',91);
INSERT INTO "sentence_pattern" VALUES(113,'去商圈',91);
INSERT INTO "sentence_pattern" VALUES(114,'去夜市',91);
INSERT INTO "sentence_pattern" VALUES(115,'吃飯',92);
INSERT INTO "sentence_pattern" VALUES(116,'我和情人去百貨公司',93);
INSERT INTO "sentence_pattern" VALUES(117,'我和情人去商圈',93);
INSERT INTO "sentence_pattern" VALUES(118,'我和情人去夜市',93);
INSERT INTO "sentence_pattern" VALUES(119,'我和情人去家裡',93);
INSERT INTO "sentence_pattern" VALUES(120,'去家裡',91);
INSERT INTO "sentence_pattern" VALUES(121,'運動',92);
INSERT INTO "sentence_pattern" VALUES(122,'我和情人去公園',93);
INSERT INTO "sentence_pattern" VALUES(123,'_option_的時候',99);
INSERT INTO "sentence_pattern" VALUES(124,'我和情人及_option_',100);
INSERT INTO "sentence_pattern" VALUES(125,'去_option_',98);
INSERT INTO "sentence_pattern" VALUES(126,'_option_',96);
INSERT INTO "sentence_pattern" VALUES(127,'因為我們要_option_',97);
INSERT INTO "sentence_pattern" VALUES(128,'我和情人去_option_',98);
INSERT INTO "sentence_pattern" VALUES(129,'我和情人及家人',98);
INSERT INTO "sentence_pattern" VALUES(130,'去餐廳',96);
INSERT INTO "sentence_pattern" VALUES(131,'約會',97);
INSERT INTO "sentence_pattern" VALUES(132,'我和情人_option_',96);
INSERT INTO "sentence_pattern" VALUES(133,'我和情人',97);
INSERT INTO "sentence_pattern" VALUES(134,'我和情人_option_',100);
INSERT INTO "sentence_pattern" VALUES(135,'在_option_',98);
INSERT INTO "sentence_pattern" VALUES(136,'因為我們_option_',97);
INSERT INTO "sentence_pattern" VALUES(137,'因為是我們_option_',97);
INSERT INTO "sentence_pattern" VALUES(138,'在賣場',98);
INSERT INTO "sentence_pattern" VALUES(139,'超市',96);
INSERT INTO "sentence_pattern" VALUES(140,'逛街',97);
INSERT INTO "sentence_pattern" VALUES(141,'超市',97);
INSERT INTO "sentence_pattern" VALUES(142,'去公園',96);
INSERT INTO "sentence_pattern" VALUES(143,'去百貨公司',96);
INSERT INTO "sentence_pattern" VALUES(144,'去商圈',96);
INSERT INTO "sentence_pattern" VALUES(145,'去夜市',96);
INSERT INTO "sentence_pattern" VALUES(146,'吃飯',97);
INSERT INTO "sentence_pattern" VALUES(147,'我和情人去百貨公司',98);
INSERT INTO "sentence_pattern" VALUES(148,'我和情人去商圈',98);
INSERT INTO "sentence_pattern" VALUES(149,'我和情人去夜市',98);
INSERT INTO "sentence_pattern" VALUES(150,'我和情人去家裡',98);
INSERT INTO "sentence_pattern" VALUES(151,'去家裡',96);
INSERT INTO "sentence_pattern" VALUES(152,'運動',97);
INSERT INTO "sentence_pattern" VALUES(153,'我和情人去公園',98);
INSERT INTO "sentence_pattern" VALUES(154,'_option_的時候',104);
INSERT INTO "sentence_pattern" VALUES(155,'我和情人及_option_',105);
INSERT INTO "sentence_pattern" VALUES(156,'去_option_',103);
INSERT INTO "sentence_pattern" VALUES(157,'_option_',101);
INSERT INTO "sentence_pattern" VALUES(158,'因為我們要_option_',102);
INSERT INTO "sentence_pattern" VALUES(159,'我和情人去_option_',103);
INSERT INTO "sentence_pattern" VALUES(160,'我和情人及家人',103);
INSERT INTO "sentence_pattern" VALUES(161,'去餐廳',101);
INSERT INTO "sentence_pattern" VALUES(162,'約會',102);
INSERT INTO "sentence_pattern" VALUES(163,'我和情人_option_',101);
INSERT INTO "sentence_pattern" VALUES(164,'我和情人',102);
INSERT INTO "sentence_pattern" VALUES(165,'我和情人_option_',105);
INSERT INTO "sentence_pattern" VALUES(166,'在_option_',103);
INSERT INTO "sentence_pattern" VALUES(167,'因為我們_option_',102);
INSERT INTO "sentence_pattern" VALUES(168,'因為是我們_option_',102);
INSERT INTO "sentence_pattern" VALUES(169,'在賣場',103);
INSERT INTO "sentence_pattern" VALUES(170,'超市',101);
INSERT INTO "sentence_pattern" VALUES(171,'逛街',102);
INSERT INTO "sentence_pattern" VALUES(172,'超市',102);
INSERT INTO "sentence_pattern" VALUES(173,'去公園',101);
INSERT INTO "sentence_pattern" VALUES(174,'去百貨公司',101);
INSERT INTO "sentence_pattern" VALUES(175,'去商圈',101);
INSERT INTO "sentence_pattern" VALUES(176,'去夜市',101);
INSERT INTO "sentence_pattern" VALUES(177,'吃飯',102);
INSERT INTO "sentence_pattern" VALUES(178,'我和情人去百貨公司',103);
INSERT INTO "sentence_pattern" VALUES(179,'我和情人去商圈',103);
INSERT INTO "sentence_pattern" VALUES(180,'我和情人去夜市',103);
INSERT INTO "sentence_pattern" VALUES(181,'我和情人去家裡',103);
INSERT INTO "sentence_pattern" VALUES(182,'去家裡',101);
INSERT INTO "sentence_pattern" VALUES(183,'運動',102);
INSERT INTO "sentence_pattern" VALUES(184,'我和情人去公園',103);
INSERT INTO "sentence_pattern" VALUES(185,'_option_的時候',22);
INSERT INTO "sentence_pattern" VALUES(186,'我和_option_',23);
INSERT INTO "sentence_pattern" VALUES(187,'因為_option_',20);
INSERT INTO "sentence_pattern" VALUES(188,'所以在_option_',21);
INSERT INTO "sentence_pattern" VALUES(189,'_option_',19);
INSERT INTO "sentence_pattern" VALUES(190,'今天_option_的時候',22);
INSERT INTO "sentence_pattern" VALUES(191,'所以去_option_',21);
INSERT INTO "sentence_pattern" VALUES(192,'在_option_',21);
INSERT INTO "sentence_pattern" VALUES(193,'我今天因為_option_',20);
INSERT INTO "sentence_pattern" VALUES(194,'今天在_option_',21);
INSERT INTO "sentence_pattern" VALUES(195,'我今天去_option_',19);
INSERT INTO "sentence_pattern" VALUES(196,'我今天_option_',19);
INSERT INTO "sentence_pattern" VALUES(197,'我今天在_option_',19);
INSERT INTO "sentence_pattern" VALUES(198,'今天在_option_上',21);
INSERT INTO "sentence_pattern" VALUES(199,'所以在_option_上',21);
INSERT INTO "sentence_pattern" VALUES(200,'在_option_上',21);
INSERT INTO "sentence_pattern" VALUES(201,'所以在_option_上上',21);
INSERT INTO "sentence_pattern" VALUES(202,'所以去_option_',19);
INSERT INTO "sentence_pattern" VALUES(203,'我_option_',23);
INSERT INTO "sentence_pattern" VALUES(204,'_option_的時候',70);
INSERT INTO "sentence_pattern" VALUES(205,'我和_option_',71);
INSERT INTO "sentence_pattern" VALUES(206,'因為_option_',68);
INSERT INTO "sentence_pattern" VALUES(207,'所以在_option_',69);
INSERT INTO "sentence_pattern" VALUES(208,'_option_',67);
INSERT INTO "sentence_pattern" VALUES(209,'今天_option_的時候',70);
INSERT INTO "sentence_pattern" VALUES(210,'在_option_',69);
INSERT INTO "sentence_pattern" VALUES(211,'我今天因為_option_',68);
INSERT INTO "sentence_pattern" VALUES(212,'今天到_option_',69);
INSERT INTO "sentence_pattern" VALUES(213,'我今天_option_',67);
INSERT INTO "sentence_pattern" VALUES(214,'_option_的時候',76);
INSERT INTO "sentence_pattern" VALUES(215,'我和_option_',77);
INSERT INTO "sentence_pattern" VALUES(216,'因為_option_',74);
INSERT INTO "sentence_pattern" VALUES(217,'所以在_option_',75);
INSERT INTO "sentence_pattern" VALUES(218,'_option_',73);
INSERT INTO "sentence_pattern" VALUES(219,'今天_option_的時候',76);
INSERT INTO "sentence_pattern" VALUES(220,'在_option_',75);
INSERT INTO "sentence_pattern" VALUES(221,'我今天因為_option_',74);
INSERT INTO "sentence_pattern" VALUES(222,'今天到_option_',75);
INSERT INTO "sentence_pattern" VALUES(223,'我今天_option_',73);
INSERT INTO "sentence_pattern" VALUES(224,'_option_的時候',82);
INSERT INTO "sentence_pattern" VALUES(225,'我和_option_',83);
INSERT INTO "sentence_pattern" VALUES(226,'因為_option_',80);
INSERT INTO "sentence_pattern" VALUES(227,'所以在_option_',81);
INSERT INTO "sentence_pattern" VALUES(228,'_option_',79);
INSERT INTO "sentence_pattern" VALUES(229,'今天_option_的時候',82);
INSERT INTO "sentence_pattern" VALUES(230,'在_option_',81);
INSERT INTO "sentence_pattern" VALUES(231,'我今天因為_option_',80);
INSERT INTO "sentence_pattern" VALUES(232,'今天到_option_',81);
INSERT INTO "sentence_pattern" VALUES(233,'我今天_option_',79);
INSERT INTO "sentence_pattern" VALUES(234,'_option_的時候',88);
INSERT INTO "sentence_pattern" VALUES(235,'我和_option_',89);
INSERT INTO "sentence_pattern" VALUES(236,'因為_option_',86);
INSERT INTO "sentence_pattern" VALUES(237,'所以在_option_',87);
INSERT INTO "sentence_pattern" VALUES(238,'_option_',85);
INSERT INTO "sentence_pattern" VALUES(239,'今天_option_的時候',88);
INSERT INTO "sentence_pattern" VALUES(240,'在_option_',87);
INSERT INTO "sentence_pattern" VALUES(241,'我今天因為_option_',86);
INSERT INTO "sentence_pattern" VALUES(242,'今天到_option_',87);
INSERT INTO "sentence_pattern" VALUES(243,'我今天_option_',85);
DELETE FROM "sqlite_sequence";
INSERT INTO "sqlite_sequence" VALUES('question',25);
INSERT INTO "sqlite_sequence" VALUES('questionclass',110);
INSERT INTO "sqlite_sequence" VALUES('questioncontent',254);
INSERT INTO "sqlite_sequence" VALUES('option',456);
INSERT INTO "sqlite_sequence" VALUES('how_describe',28);
INSERT INTO "sqlite_sequence" VALUES('sentence_pattern',243);
COMMIT;