BEGIN TRANSACTION;
CREATE TABLE `how_describe` (            `howNo` INTEGER PRIMARY KEY AUTOINCREMENT NOT NULL,            `optionNo` INTEGER NOT NULL,            `sence` int(5) DEFAULT NULL,            `describe` varchar(255) DEFAULT NULL,            UNIQUE(sence, describe),            FOREIGN KEY (`optionNo`) REFERENCES `option` (`optionNo`) ON DELETE CASCADE ON UPDATE CASCADE        );
INSERT INTO "how_describe" VALUES(1,41,0,'有層次感');
INSERT INTO "how_describe" VALUES(2,41,0,'家鄉味');
INSERT INTO "how_describe" VALUES(3,41,0,'單調');
INSERT INTO "how_describe" VALUES(4,41,0,'樸實');
INSERT INTO "how_describe" VALUES(5,41,0,'豐富');
INSERT INTO "how_describe" VALUES(6,41,0,'苦');
INSERT INTO "how_describe" VALUES(7,41,0,'辣');
INSERT INTO "how_describe" VALUES(8,41,0,'酸');
INSERT INTO "how_describe" VALUES(9,41,0,'甜');
INSERT INTO "how_describe" VALUES(10,41,0,'鹹');
INSERT INTO "how_describe" VALUES(11,41,0,'奇妙');
INSERT INTO "how_describe" VALUES(12,41,0,'獨特');
INSERT INTO "how_describe" VALUES(13,41,0,'噁心');
INSERT INTO "how_describe" VALUES(14,42,1,'有層次感');
INSERT INTO "how_describe" VALUES(15,42,1,'樸素');
INSERT INTO "how_describe" VALUES(16,42,1,'精緻');
INSERT INTO "how_describe" VALUES(17,42,1,'怪異');
INSERT INTO "how_describe" VALUES(18,42,1,'特別');
INSERT INTO "how_describe" VALUES(19,43,2,'香');
INSERT INTO "how_describe" VALUES(20,43,2,'臭');
INSERT INTO "how_describe" VALUES(21,43,2,'濃厚');
INSERT INTO "how_describe" VALUES(22,43,2,'淡香');
INSERT INTO "how_describe" VALUES(23,43,2,'刺鼻');
INSERT INTO "how_describe" VALUES(24,44,0,'軟Q');
INSERT INTO "how_describe" VALUES(25,44,0,'順口');
INSERT INTO "how_describe" VALUES(26,44,0,'滑嫩');
INSERT INTO "how_describe" VALUES(27,44,0,'酥脆');
INSERT INTO "how_describe" VALUES(28,44,0,'嚼勁');
CREATE TABLE `option` (            `optionNo` INTEGER PRIMARY KEY AUTOINCREMENT NOT NULL ,            `questionClassNo` INTEGER DEFAULT NULL,            `optionClass` varchar(255) DEFAULT NULL,            FOREIGN KEY (`questionClassNo`) REFERENCES `questionclass` (`questionClassNo`) ON DELETE CASCADE ON UPDATE CASCADE,            UNIQUE(questionClassNo, optionClass)        );
INSERT INTO "option" VALUES(1,1,'日式料理');
INSERT INTO "option" VALUES(2,1,'韓式料理');
INSERT INTO "option" VALUES(3,1,'美式料理');
INSERT INTO "option" VALUES(4,1,'台式料理');
INSERT INTO "option" VALUES(5,1,'泰式料理');
INSERT INTO "option" VALUES(6,1,'義式料理');
INSERT INTO "option" VALUES(7,1,'東南亞料理');
INSERT INTO "option" VALUES(8,1,'中式料理');
INSERT INTO "option" VALUES(9,1,'港式料理');
INSERT INTO "option" VALUES(10,1,'其他料理');
INSERT INTO "option" VALUES(11,1,'無菜單料理');
INSERT INTO "option" VALUES(12,1,'飲料');
INSERT INTO "option" VALUES(13,1,'酒類');
INSERT INTO "option" VALUES(14,2,'沒為什麼');
INSERT INTO "option" VALUES(15,2,'餓了');
INSERT INTO "option" VALUES(16,2,'聚會');
INSERT INTO "option" VALUES(17,2,'慶祝');
INSERT INTO "option" VALUES(18,2,'合胃口');
INSERT INTO "option" VALUES(19,2,'嘴饞');
INSERT INTO "option" VALUES(20,2,'嚐鮮');
INSERT INTO "option" VALUES(21,3,'餐廳');
INSERT INTO "option" VALUES(22,3,'路邊攤');
INSERT INTO "option" VALUES(23,3,'小吃店');
INSERT INTO "option" VALUES(24,3,'夜市');
INSERT INTO "option" VALUES(25,3,'居酒屋');
INSERT INTO "option" VALUES(26,3,'速食店');
INSERT INTO "option" VALUES(27,3,'咖啡廳');
INSERT INTO "option" VALUES(28,3,'學校');
INSERT INTO "option" VALUES(29,3,'辦公室');
INSERT INTO "option" VALUES(30,4,'早上');
INSERT INTO "option" VALUES(31,4,'中午');
INSERT INTO "option" VALUES(32,4,'下午');
INSERT INTO "option" VALUES(33,4,'晚上');
INSERT INTO "option" VALUES(34,4,'深夜');
INSERT INTO "option" VALUES(35,5,'家人');
INSERT INTO "option" VALUES(36,5,'朋友');
INSERT INTO "option" VALUES(37,5,'情人');
INSERT INTO "option" VALUES(38,5,'曖昧對象');
INSERT INTO "option" VALUES(39,5,'自己');
INSERT INTO "option" VALUES(40,5,'同事');
INSERT INTO "option" VALUES(41,6,'味覺');
INSERT INTO "option" VALUES(42,6,'視覺');
INSERT INTO "option" VALUES(43,6,'嗅覺');
INSERT INTO "option" VALUES(44,6,'觸覺');
INSERT INTO "option" VALUES(45,7,'生活用品');
INSERT INTO "option" VALUES(46,7,'食物及食品');
INSERT INTO "option" VALUES(47,7,'家電及3C產品');
INSERT INTO "option" VALUES(48,7,'美妝護理品');
INSERT INTO "option" VALUES(49,7,'車用品');
INSERT INTO "option" VALUES(50,7,'服飾鞋包');
INSERT INTO "option" VALUES(51,8,'沒為什麼');
INSERT INTO "option" VALUES(52,8,'送禮');
INSERT INTO "option" VALUES(53,8,'想逛街');
INSERT INTO "option" VALUES(54,8,'有需求');
INSERT INTO "option" VALUES(55,8,'衝動性消費');
INSERT INTO "option" VALUES(56,8,'本來沒有要去');
INSERT INTO "option" VALUES(57,9,'大賣場');
INSERT INTO "option" VALUES(58,9,'百貨公司');
INSERT INTO "option" VALUES(59,9,'傳統市場');
INSERT INTO "option" VALUES(60,9,'商圈');
INSERT INTO "option" VALUES(61,9,'線上購物');
INSERT INTO "option" VALUES(62,10,'早上');
INSERT INTO "option" VALUES(63,10,'中午');
INSERT INTO "option" VALUES(64,10,'下午');
INSERT INTO "option" VALUES(65,10,'晚上');
INSERT INTO "option" VALUES(66,10,'深夜');
INSERT INTO "option" VALUES(67,11,'朋友');
INSERT INTO "option" VALUES(68,11,'家人');
INSERT INTO "option" VALUES(69,11,'另一半');
INSERT INTO "option" VALUES(70,11,'自己');
INSERT INTO "option" VALUES(71,11,'同事');
INSERT INTO "option" VALUES(72,37,'生活用品');
INSERT INTO "option" VALUES(73,37,'食物及食品');
INSERT INTO "option" VALUES(74,37,'家電及3C產品');
INSERT INTO "option" VALUES(75,37,'美妝護理品');
INSERT INTO "option" VALUES(76,37,'車用品');
INSERT INTO "option" VALUES(77,37,'服飾鞋包');
INSERT INTO "option" VALUES(78,38,'沒為什麼');
INSERT INTO "option" VALUES(79,38,'送禮');
INSERT INTO "option" VALUES(80,38,'想逛街');
INSERT INTO "option" VALUES(81,38,'有需求');
INSERT INTO "option" VALUES(82,38,'衝動性消費');
INSERT INTO "option" VALUES(83,38,'本來沒有要去');
INSERT INTO "option" VALUES(84,39,'大賣場');
INSERT INTO "option" VALUES(85,39,'百貨公司');
INSERT INTO "option" VALUES(86,39,'傳統市場');
INSERT INTO "option" VALUES(87,39,'商圈');
INSERT INTO "option" VALUES(88,39,'線上購物');
INSERT INTO "option" VALUES(89,40,'早上');
INSERT INTO "option" VALUES(90,40,'中午');
INSERT INTO "option" VALUES(91,40,'下午');
INSERT INTO "option" VALUES(92,40,'晚上');
INSERT INTO "option" VALUES(93,40,'深夜');
INSERT INTO "option" VALUES(94,41,'朋友');
INSERT INTO "option" VALUES(95,41,'家人');
INSERT INTO "option" VALUES(96,41,'另一半');
INSERT INTO "option" VALUES(97,41,'自己');
INSERT INTO "option" VALUES(98,41,'同事');
INSERT INTO "option" VALUES(99,49,'生活用品');
INSERT INTO "option" VALUES(100,49,'食物及食品');
INSERT INTO "option" VALUES(101,49,'家電及3C產品');
INSERT INTO "option" VALUES(102,49,'美妝護理品');
INSERT INTO "option" VALUES(103,49,'車用品');
INSERT INTO "option" VALUES(104,49,'服飾鞋包');
INSERT INTO "option" VALUES(105,50,'沒為什麼');
INSERT INTO "option" VALUES(106,50,'送禮');
INSERT INTO "option" VALUES(107,50,'想逛街');
INSERT INTO "option" VALUES(108,50,'有需求');
INSERT INTO "option" VALUES(109,50,'衝動性消費');
INSERT INTO "option" VALUES(110,50,'本來沒有要去');
INSERT INTO "option" VALUES(111,51,'大賣場');
INSERT INTO "option" VALUES(112,51,'百貨公司');
INSERT INTO "option" VALUES(113,51,'傳統市場');
INSERT INTO "option" VALUES(114,51,'商圈');
INSERT INTO "option" VALUES(115,51,'線上購物');
INSERT INTO "option" VALUES(116,52,'早上');
INSERT INTO "option" VALUES(117,52,'中午');
INSERT INTO "option" VALUES(118,52,'下午');
INSERT INTO "option" VALUES(119,52,'晚上');
INSERT INTO "option" VALUES(120,52,'深夜');
INSERT INTO "option" VALUES(121,53,'朋友');
INSERT INTO "option" VALUES(122,53,'家人');
INSERT INTO "option" VALUES(123,53,'另一半');
INSERT INTO "option" VALUES(124,53,'自己');
INSERT INTO "option" VALUES(125,53,'同事');
INSERT INTO "option" VALUES(126,54,'生活用品');
INSERT INTO "option" VALUES(127,54,'食物及食品');
INSERT INTO "option" VALUES(128,54,'家電及3C產品');
INSERT INTO "option" VALUES(129,54,'美妝護理品');
INSERT INTO "option" VALUES(130,54,'車用品');
INSERT INTO "option" VALUES(131,54,'服飾鞋包');
INSERT INTO "option" VALUES(132,55,'沒為什麼');
INSERT INTO "option" VALUES(133,55,'送禮');
INSERT INTO "option" VALUES(134,55,'想逛街');
INSERT INTO "option" VALUES(135,55,'有需求');
INSERT INTO "option" VALUES(136,55,'衝動性消費');
INSERT INTO "option" VALUES(137,55,'本來沒有要去');
INSERT INTO "option" VALUES(138,56,'大賣場');
INSERT INTO "option" VALUES(139,56,'百貨公司');
INSERT INTO "option" VALUES(140,56,'傳統市場');
INSERT INTO "option" VALUES(141,56,'商圈');
INSERT INTO "option" VALUES(142,56,'線上購物');
INSERT INTO "option" VALUES(143,57,'早上');
INSERT INTO "option" VALUES(144,57,'中午');
INSERT INTO "option" VALUES(145,57,'下午');
INSERT INTO "option" VALUES(146,57,'晚上');
INSERT INTO "option" VALUES(147,57,'深夜');
INSERT INTO "option" VALUES(148,58,'朋友');
INSERT INTO "option" VALUES(149,58,'家人');
INSERT INTO "option" VALUES(150,58,'另一半');
INSERT INTO "option" VALUES(151,58,'自己');
INSERT INTO "option" VALUES(152,58,'同事');
INSERT INTO "option" VALUES(153,59,'生活用品');
INSERT INTO "option" VALUES(154,59,'食物及食品');
INSERT INTO "option" VALUES(155,59,'家電及3C產品');
INSERT INTO "option" VALUES(156,59,'美妝護理品');
INSERT INTO "option" VALUES(157,59,'車用品');
INSERT INTO "option" VALUES(158,59,'服飾鞋包');
INSERT INTO "option" VALUES(159,60,'沒為什麼');
INSERT INTO "option" VALUES(160,60,'送禮');
INSERT INTO "option" VALUES(161,60,'想逛街');
INSERT INTO "option" VALUES(162,60,'有需求');
INSERT INTO "option" VALUES(163,60,'衝動性消費');
INSERT INTO "option" VALUES(164,60,'本來沒有要去');
INSERT INTO "option" VALUES(165,61,'大賣場');
INSERT INTO "option" VALUES(166,61,'百貨公司');
INSERT INTO "option" VALUES(167,61,'傳統市場');
INSERT INTO "option" VALUES(168,61,'商圈');
INSERT INTO "option" VALUES(169,61,'線上購物');
INSERT INTO "option" VALUES(170,62,'早上');
INSERT INTO "option" VALUES(171,62,'中午');
INSERT INTO "option" VALUES(172,62,'下午');
INSERT INTO "option" VALUES(173,62,'晚上');
INSERT INTO "option" VALUES(174,62,'深夜');
INSERT INTO "option" VALUES(175,63,'朋友');
INSERT INTO "option" VALUES(176,63,'家人');
INSERT INTO "option" VALUES(177,63,'另一半');
INSERT INTO "option" VALUES(178,63,'自己');
INSERT INTO "option" VALUES(179,63,'同事');
INSERT INTO "option" VALUES(180,2,'嘗鮮');
INSERT INTO "option" VALUES(181,2,'餐廳');
INSERT INTO "option" VALUES(182,31,'日式料理');
INSERT INTO "option" VALUES(183,31,'韓式料理');
INSERT INTO "option" VALUES(184,31,'台式料理');
INSERT INTO "option" VALUES(185,31,'泰式料理');
INSERT INTO "option" VALUES(186,31,'義式料理');
INSERT INTO "option" VALUES(187,31,'東南亞料理');
INSERT INTO "option" VALUES(188,31,'中式料理');
INSERT INTO "option" VALUES(189,31,'港式料理');
INSERT INTO "option" VALUES(190,31,'其他料理');
INSERT INTO "option" VALUES(191,31,'無菜單料理');
INSERT INTO "option" VALUES(192,31,'飲料');
INSERT INTO "option" VALUES(193,31,'酒類');
INSERT INTO "option" VALUES(194,32,'沒為什麼');
INSERT INTO "option" VALUES(195,32,'餓了');
INSERT INTO "option" VALUES(196,32,'聚會');
INSERT INTO "option" VALUES(197,32,'慶祝');
INSERT INTO "option" VALUES(198,32,'合胃口');
INSERT INTO "option" VALUES(199,32,'嘴饞');
INSERT INTO "option" VALUES(200,32,'嘗鮮');
INSERT INTO "option" VALUES(201,32,'餐廳');
INSERT INTO "option" VALUES(202,33,'路邊攤');
INSERT INTO "option" VALUES(203,33,'小吃店');
INSERT INTO "option" VALUES(204,33,'夜市');
INSERT INTO "option" VALUES(205,33,'居酒屋');
INSERT INTO "option" VALUES(206,33,'速食店');
INSERT INTO "option" VALUES(207,33,'咖啡廳');
INSERT INTO "option" VALUES(208,33,'學校');
INSERT INTO "option" VALUES(209,33,'辦公室');
INSERT INTO "option" VALUES(210,34,'早上');
INSERT INTO "option" VALUES(211,34,'中午');
INSERT INTO "option" VALUES(212,34,'下午');
INSERT INTO "option" VALUES(213,34,'晚上');
INSERT INTO "option" VALUES(214,34,'深夜');
INSERT INTO "option" VALUES(215,35,'家人');
INSERT INTO "option" VALUES(216,35,'朋友');
INSERT INTO "option" VALUES(217,35,'情人');
INSERT INTO "option" VALUES(218,35,'曖昧對象');
INSERT INTO "option" VALUES(219,35,'自己');
INSERT INTO "option" VALUES(220,35,'同事');
INSERT INTO "option" VALUES(221,36,'味覺');
INSERT INTO "option" VALUES(222,36,'視覺');
INSERT INTO "option" VALUES(223,36,'嗅覺');
INSERT INTO "option" VALUES(224,67,'日式料理');
INSERT INTO "option" VALUES(225,67,'韓式料理');
INSERT INTO "option" VALUES(226,67,'台式料理');
INSERT INTO "option" VALUES(227,67,'泰式料理');
INSERT INTO "option" VALUES(228,67,'義式料理');
INSERT INTO "option" VALUES(229,67,'東南亞料理');
INSERT INTO "option" VALUES(230,67,'中式料理');
INSERT INTO "option" VALUES(231,67,'港式料理');
INSERT INTO "option" VALUES(232,67,'其他料理');
INSERT INTO "option" VALUES(233,67,'無菜單料理');
INSERT INTO "option" VALUES(234,67,'飲料');
INSERT INTO "option" VALUES(235,67,'酒類');
INSERT INTO "option" VALUES(236,68,'沒為什麼');
INSERT INTO "option" VALUES(237,68,'餓了');
INSERT INTO "option" VALUES(238,68,'聚會');
INSERT INTO "option" VALUES(239,68,'慶祝');
INSERT INTO "option" VALUES(240,68,'合胃口');
INSERT INTO "option" VALUES(241,68,'嘴饞');
INSERT INTO "option" VALUES(242,68,'嘗鮮');
INSERT INTO "option" VALUES(243,68,'餐廳');
INSERT INTO "option" VALUES(244,69,'路邊攤');
INSERT INTO "option" VALUES(245,69,'小吃店');
INSERT INTO "option" VALUES(246,69,'夜市');
INSERT INTO "option" VALUES(247,69,'居酒屋');
INSERT INTO "option" VALUES(248,69,'速食店');
INSERT INTO "option" VALUES(249,69,'咖啡廳');
INSERT INTO "option" VALUES(250,69,'學校');
INSERT INTO "option" VALUES(251,69,'辦公室');
INSERT INTO "option" VALUES(252,70,'早上');
INSERT INTO "option" VALUES(253,70,'中午');
INSERT INTO "option" VALUES(254,70,'下午');
INSERT INTO "option" VALUES(255,70,'晚上');
INSERT INTO "option" VALUES(256,70,'深夜');
INSERT INTO "option" VALUES(257,71,'家人');
INSERT INTO "option" VALUES(258,71,'朋友');
INSERT INTO "option" VALUES(259,71,'情人');
INSERT INTO "option" VALUES(260,71,'曖昧對象');
INSERT INTO "option" VALUES(261,71,'自己');
INSERT INTO "option" VALUES(262,71,'同事');
INSERT INTO "option" VALUES(263,72,'味覺');
INSERT INTO "option" VALUES(264,72,'視覺');
INSERT INTO "option" VALUES(265,72,'嗅覺');
INSERT INTO "option" VALUES(266,73,'日式料理');
INSERT INTO "option" VALUES(267,73,'韓式料理');
INSERT INTO "option" VALUES(268,73,'台式料理');
INSERT INTO "option" VALUES(269,73,'泰式料理');
INSERT INTO "option" VALUES(270,73,'義式料理');
INSERT INTO "option" VALUES(271,73,'東南亞料理');
INSERT INTO "option" VALUES(272,73,'中式料理');
INSERT INTO "option" VALUES(273,73,'港式料理');
INSERT INTO "option" VALUES(274,73,'其他料理');
INSERT INTO "option" VALUES(275,73,'無菜單料理');
INSERT INTO "option" VALUES(276,73,'飲料');
INSERT INTO "option" VALUES(277,73,'酒類');
INSERT INTO "option" VALUES(278,74,'沒為什麼');
INSERT INTO "option" VALUES(279,74,'餓了');
INSERT INTO "option" VALUES(280,74,'聚會');
INSERT INTO "option" VALUES(281,74,'慶祝');
INSERT INTO "option" VALUES(282,74,'合胃口');
INSERT INTO "option" VALUES(283,74,'嘴饞');
INSERT INTO "option" VALUES(284,74,'嘗鮮');
INSERT INTO "option" VALUES(285,74,'餐廳');
INSERT INTO "option" VALUES(286,75,'路邊攤');
INSERT INTO "option" VALUES(287,75,'小吃店');
INSERT INTO "option" VALUES(288,75,'夜市');
INSERT INTO "option" VALUES(289,75,'居酒屋');
INSERT INTO "option" VALUES(290,75,'速食店');
INSERT INTO "option" VALUES(291,75,'咖啡廳');
INSERT INTO "option" VALUES(292,75,'學校');
INSERT INTO "option" VALUES(293,75,'辦公室');
INSERT INTO "option" VALUES(294,76,'早上');
INSERT INTO "option" VALUES(295,76,'中午');
INSERT INTO "option" VALUES(296,76,'下午');
INSERT INTO "option" VALUES(297,76,'晚上');
INSERT INTO "option" VALUES(298,76,'深夜');
INSERT INTO "option" VALUES(299,77,'家人');
INSERT INTO "option" VALUES(300,77,'朋友');
INSERT INTO "option" VALUES(301,77,'情人');
INSERT INTO "option" VALUES(302,77,'曖昧對象');
INSERT INTO "option" VALUES(303,77,'自己');
INSERT INTO "option" VALUES(304,77,'同事');
INSERT INTO "option" VALUES(305,78,'味覺');
INSERT INTO "option" VALUES(306,78,'視覺');
INSERT INTO "option" VALUES(307,78,'嗅覺');
INSERT INTO "option" VALUES(308,79,'日式料理');
INSERT INTO "option" VALUES(309,79,'韓式料理');
INSERT INTO "option" VALUES(310,79,'台式料理');
INSERT INTO "option" VALUES(311,79,'泰式料理');
INSERT INTO "option" VALUES(312,79,'義式料理');
INSERT INTO "option" VALUES(313,79,'東南亞料理');
INSERT INTO "option" VALUES(314,79,'中式料理');
INSERT INTO "option" VALUES(315,79,'港式料理');
INSERT INTO "option" VALUES(316,79,'其他料理');
INSERT INTO "option" VALUES(317,79,'無菜單料理');
INSERT INTO "option" VALUES(318,79,'飲料');
INSERT INTO "option" VALUES(319,79,'酒類');
INSERT INTO "option" VALUES(320,80,'沒為什麼');
INSERT INTO "option" VALUES(321,80,'餓了');
INSERT INTO "option" VALUES(322,80,'聚會');
INSERT INTO "option" VALUES(323,80,'慶祝');
INSERT INTO "option" VALUES(324,80,'合胃口');
INSERT INTO "option" VALUES(325,80,'嘴饞');
INSERT INTO "option" VALUES(326,80,'嘗鮮');
INSERT INTO "option" VALUES(327,80,'餐廳');
INSERT INTO "option" VALUES(328,81,'路邊攤');
INSERT INTO "option" VALUES(329,81,'小吃店');
INSERT INTO "option" VALUES(330,81,'夜市');
INSERT INTO "option" VALUES(331,81,'居酒屋');
INSERT INTO "option" VALUES(332,81,'速食店');
INSERT INTO "option" VALUES(333,81,'咖啡廳');
INSERT INTO "option" VALUES(334,81,'學校');
INSERT INTO "option" VALUES(335,81,'辦公室');
INSERT INTO "option" VALUES(336,82,'早上');
INSERT INTO "option" VALUES(337,82,'中午');
INSERT INTO "option" VALUES(338,82,'下午');
INSERT INTO "option" VALUES(339,82,'晚上');
INSERT INTO "option" VALUES(340,82,'深夜');
INSERT INTO "option" VALUES(341,83,'家人');
INSERT INTO "option" VALUES(342,83,'朋友');
INSERT INTO "option" VALUES(343,83,'情人');
INSERT INTO "option" VALUES(344,83,'曖昧對象');
INSERT INTO "option" VALUES(345,83,'自己');
INSERT INTO "option" VALUES(346,83,'同事');
INSERT INTO "option" VALUES(347,84,'味覺');
INSERT INTO "option" VALUES(348,84,'視覺');
INSERT INTO "option" VALUES(349,84,'嗅覺');
INSERT INTO "option" VALUES(350,19,'看電影');
INSERT INTO "option" VALUES(351,19,'運動');
INSERT INTO "option" VALUES(352,19,'聽歌');
INSERT INTO "option" VALUES(353,19,'唱歌');
INSERT INTO "option" VALUES(354,19,'追劇');
INSERT INTO "option" VALUES(355,19,'玩桌遊');
INSERT INTO "option" VALUES(356,19,'打電動');
INSERT INTO "option" VALUES(357,20,'沒為什麼');
INSERT INTO "option" VALUES(358,20,'無聊');
INSERT INTO "option" VALUES(359,20,'紓壓');
INSERT INTO "option" VALUES(360,20,'想瘦身');
INSERT INTO "option" VALUES(361,20,'打發時間');
INSERT INTO "option" VALUES(362,21,'電影院');
INSERT INTO "option" VALUES(363,21,'健身房');
INSERT INTO "option" VALUES(364,21,'家');
INSERT INTO "option" VALUES(365,21,'桌遊店');
INSERT INTO "option" VALUES(366,21,'KTV');
INSERT INTO "option" VALUES(367,21,'公園');
INSERT INTO "option" VALUES(368,21,'交通工具');
INSERT INTO "option" VALUES(369,22,'早上');
INSERT INTO "option" VALUES(370,22,'中午');
INSERT INTO "option" VALUES(371,22,'下午');
INSERT INTO "option" VALUES(372,22,'晚上');
INSERT INTO "option" VALUES(373,22,'深夜');
INSERT INTO "option" VALUES(374,23,'家人');
INSERT INTO "option" VALUES(375,23,'朋友');
INSERT INTO "option" VALUES(376,23,'另一半');
INSERT INTO "option" VALUES(377,23,'同學');
INSERT INTO "option" VALUES(378,23,'同事');
INSERT INTO "option" VALUES(379,23,'自己');
INSERT INTO "option" VALUES(380,85,'看電影');
INSERT INTO "option" VALUES(381,85,'運動');
INSERT INTO "option" VALUES(382,85,'聽歌');
INSERT INTO "option" VALUES(383,85,'唱歌');
INSERT INTO "option" VALUES(384,85,'追劇');
INSERT INTO "option" VALUES(385,85,'玩桌遊');
INSERT INTO "option" VALUES(386,85,'打電動');
INSERT INTO "option" VALUES(387,86,'沒為什麼');
INSERT INTO "option" VALUES(388,86,'無聊');
INSERT INTO "option" VALUES(389,86,'紓壓');
INSERT INTO "option" VALUES(390,86,'想瘦身');
INSERT INTO "option" VALUES(391,86,'打發時間');
INSERT INTO "option" VALUES(392,87,'電影院');
INSERT INTO "option" VALUES(393,87,'健身房');
INSERT INTO "option" VALUES(394,87,'家');
INSERT INTO "option" VALUES(395,87,'桌遊店');
INSERT INTO "option" VALUES(396,87,'KTV');
INSERT INTO "option" VALUES(397,87,'公園');
INSERT INTO "option" VALUES(398,87,'交通工具');
INSERT INTO "option" VALUES(399,88,'早上');
INSERT INTO "option" VALUES(400,88,'中午');
INSERT INTO "option" VALUES(401,88,'下午');
INSERT INTO "option" VALUES(402,88,'晚上');
INSERT INTO "option" VALUES(403,88,'深夜');
INSERT INTO "option" VALUES(404,89,'家人');
INSERT INTO "option" VALUES(405,89,'朋友');
INSERT INTO "option" VALUES(406,89,'另一半');
INSERT INTO "option" VALUES(407,89,'同學');
INSERT INTO "option" VALUES(408,89,'同事');
INSERT INTO "option" VALUES(409,89,'自己');
INSERT INTO "option" VALUES(410,90,'看電影');
INSERT INTO "option" VALUES(411,90,'運動');
INSERT INTO "option" VALUES(412,90,'聽歌');
INSERT INTO "option" VALUES(413,90,'唱歌');
INSERT INTO "option" VALUES(414,90,'追劇');
INSERT INTO "option" VALUES(415,90,'玩桌遊');
INSERT INTO "option" VALUES(416,90,'打電動');
INSERT INTO "option" VALUES(417,91,'沒為什麼');
INSERT INTO "option" VALUES(418,91,'無聊');
INSERT INTO "option" VALUES(419,91,'紓壓');
INSERT INTO "option" VALUES(420,91,'想瘦身');
INSERT INTO "option" VALUES(421,91,'打發時間');
INSERT INTO "option" VALUES(422,92,'電影院');
INSERT INTO "option" VALUES(423,92,'健身房');
INSERT INTO "option" VALUES(424,92,'家');
INSERT INTO "option" VALUES(425,92,'桌遊店');
INSERT INTO "option" VALUES(426,92,'KTV');
INSERT INTO "option" VALUES(427,92,'公園');
INSERT INTO "option" VALUES(428,92,'交通工具');
INSERT INTO "option" VALUES(429,93,'早上');
INSERT INTO "option" VALUES(430,93,'中午');
INSERT INTO "option" VALUES(431,93,'下午');
INSERT INTO "option" VALUES(432,93,'晚上');
INSERT INTO "option" VALUES(433,93,'深夜');
INSERT INTO "option" VALUES(434,94,'家人');
INSERT INTO "option" VALUES(435,94,'朋友');
INSERT INTO "option" VALUES(436,94,'另一半');
INSERT INTO "option" VALUES(437,94,'同學');
INSERT INTO "option" VALUES(438,94,'同事');
INSERT INTO "option" VALUES(439,94,'自己');
INSERT INTO "option" VALUES(440,95,'看電影');
INSERT INTO "option" VALUES(441,95,'運動');
INSERT INTO "option" VALUES(442,95,'聽歌');
INSERT INTO "option" VALUES(443,95,'唱歌');
INSERT INTO "option" VALUES(444,95,'追劇');
INSERT INTO "option" VALUES(445,95,'玩桌遊');
INSERT INTO "option" VALUES(446,95,'打電動');
INSERT INTO "option" VALUES(447,96,'沒為什麼');
INSERT INTO "option" VALUES(448,96,'無聊');
INSERT INTO "option" VALUES(449,96,'紓壓');
INSERT INTO "option" VALUES(450,96,'想瘦身');
INSERT INTO "option" VALUES(451,96,'打發時間');
INSERT INTO "option" VALUES(452,97,'電影院');
INSERT INTO "option" VALUES(453,97,'健身房');
INSERT INTO "option" VALUES(454,97,'家');
INSERT INTO "option" VALUES(455,97,'桌遊店');
INSERT INTO "option" VALUES(456,97,'KTV');
INSERT INTO "option" VALUES(457,97,'公園');
INSERT INTO "option" VALUES(458,97,'交通工具');
INSERT INTO "option" VALUES(459,98,'早上');
INSERT INTO "option" VALUES(460,98,'中午');
INSERT INTO "option" VALUES(461,98,'下午');
INSERT INTO "option" VALUES(462,98,'晚上');
INSERT INTO "option" VALUES(463,98,'深夜');
INSERT INTO "option" VALUES(464,99,'家人');
INSERT INTO "option" VALUES(465,99,'朋友');
INSERT INTO "option" VALUES(466,99,'另一半');
INSERT INTO "option" VALUES(467,99,'同學');
INSERT INTO "option" VALUES(468,99,'同事');
INSERT INTO "option" VALUES(469,99,'自己');
INSERT INTO "option" VALUES(470,100,'看電影');
INSERT INTO "option" VALUES(471,100,'運動');
INSERT INTO "option" VALUES(472,100,'聽歌');
INSERT INTO "option" VALUES(473,100,'唱歌');
INSERT INTO "option" VALUES(474,100,'追劇');
INSERT INTO "option" VALUES(475,100,'玩桌遊');
INSERT INTO "option" VALUES(476,100,'打電動');
INSERT INTO "option" VALUES(477,101,'跟別人鬧不開心');
INSERT INTO "option" VALUES(478,101,'做事情不順');
INSERT INTO "option" VALUES(479,101,'考試考不好');
INSERT INTO "option" VALUES(480,101,'壓力過大');
INSERT INTO "option" VALUES(481,102,'電影院');
INSERT INTO "option" VALUES(482,102,'健身房');
INSERT INTO "option" VALUES(483,102,'家');
INSERT INTO "option" VALUES(484,102,'桌遊店');
INSERT INTO "option" VALUES(485,102,'KTV');
INSERT INTO "option" VALUES(486,102,'公園');
INSERT INTO "option" VALUES(487,102,'交通工具');
INSERT INTO "option" VALUES(488,103,'早上');
INSERT INTO "option" VALUES(489,103,'中午');
INSERT INTO "option" VALUES(490,103,'下午');
INSERT INTO "option" VALUES(491,103,'晚上');
INSERT INTO "option" VALUES(492,103,'深夜');
INSERT INTO "option" VALUES(493,104,'家人');
INSERT INTO "option" VALUES(494,104,'朋友');
INSERT INTO "option" VALUES(495,104,'另一半');
INSERT INTO "option" VALUES(496,104,'同學');
INSERT INTO "option" VALUES(497,104,'同事');
INSERT INTO "option" VALUES(498,104,'自己');
INSERT INTO "option" VALUES(499,25,'約會');
INSERT INTO "option" VALUES(500,25,'看電影');
INSERT INTO "option" VALUES(501,25,'吃飯');
INSERT INTO "option" VALUES(502,25,'運動');
INSERT INTO "option" VALUES(503,25,'唱歌');
INSERT INTO "option" VALUES(504,25,'逛街');
INSERT INTO "option" VALUES(505,26,'慶祝節日');
INSERT INTO "option" VALUES(506,26,'一時興起');
INSERT INTO "option" VALUES(507,26,'預定好的行程');
INSERT INTO "option" VALUES(508,26,'情侶日常');
INSERT INTO "option" VALUES(509,27,'家裡');
INSERT INTO "option" VALUES(510,27,'公園');
INSERT INTO "option" VALUES(511,27,'餐廳');
INSERT INTO "option" VALUES(512,27,'賣場(超市)');
INSERT INTO "option" VALUES(513,27,'百貨公司');
INSERT INTO "option" VALUES(514,27,'商圈');
INSERT INTO "option" VALUES(515,27,'夜市');
INSERT INTO "option" VALUES(516,28,'早上');
INSERT INTO "option" VALUES(517,28,'中午');
INSERT INTO "option" VALUES(518,28,'晚上');
INSERT INTO "option" VALUES(519,28,'下午');
INSERT INTO "option" VALUES(520,28,'深夜');
INSERT INTO "option" VALUES(521,29,'寵物');
INSERT INTO "option" VALUES(522,29,'家人');
INSERT INTO "option" VALUES(523,29,'朋友');
INSERT INTO "option" VALUES(524,29,'兩個人單獨');
INSERT INTO "option" VALUES(525,105,'約會');
INSERT INTO "option" VALUES(526,105,'看電影');
INSERT INTO "option" VALUES(527,105,'吃飯');
INSERT INTO "option" VALUES(528,105,'運動');
INSERT INTO "option" VALUES(529,105,'唱歌');
INSERT INTO "option" VALUES(530,105,'逛街');
INSERT INTO "option" VALUES(531,106,'慶祝節日');
INSERT INTO "option" VALUES(532,106,'一時興起');
INSERT INTO "option" VALUES(533,106,'預定好的行程');
INSERT INTO "option" VALUES(534,106,'情侶日常');
INSERT INTO "option" VALUES(535,107,'家裡');
INSERT INTO "option" VALUES(536,107,'公園');
INSERT INTO "option" VALUES(537,107,'餐廳');
INSERT INTO "option" VALUES(538,107,'賣場(超市)');
INSERT INTO "option" VALUES(539,107,'百貨公司');
INSERT INTO "option" VALUES(540,107,'商圈');
INSERT INTO "option" VALUES(541,107,'夜市');
INSERT INTO "option" VALUES(542,108,'早上');
INSERT INTO "option" VALUES(543,108,'中午');
INSERT INTO "option" VALUES(544,108,'晚上');
INSERT INTO "option" VALUES(545,108,'下午');
INSERT INTO "option" VALUES(546,108,'深夜');
INSERT INTO "option" VALUES(547,109,'寵物');
INSERT INTO "option" VALUES(548,109,'家人');
INSERT INTO "option" VALUES(549,109,'朋友');
INSERT INTO "option" VALUES(550,109,'兩個人單獨');
INSERT INTO "option" VALUES(551,110,'約會');
INSERT INTO "option" VALUES(552,110,'看電影');
INSERT INTO "option" VALUES(553,110,'吃飯');
INSERT INTO "option" VALUES(554,110,'運動');
INSERT INTO "option" VALUES(555,110,'唱歌');
INSERT INTO "option" VALUES(556,110,'逛街');
INSERT INTO "option" VALUES(557,111,'慶祝節日');
INSERT INTO "option" VALUES(558,111,'一時興起');
INSERT INTO "option" VALUES(559,111,'預定好的行程');
INSERT INTO "option" VALUES(560,111,'情侶日常');
INSERT INTO "option" VALUES(561,112,'家裡');
INSERT INTO "option" VALUES(562,112,'公園');
INSERT INTO "option" VALUES(563,112,'餐廳');
INSERT INTO "option" VALUES(564,112,'賣場(超市)');
INSERT INTO "option" VALUES(565,112,'百貨公司');
INSERT INTO "option" VALUES(566,112,'商圈');
INSERT INTO "option" VALUES(567,112,'夜市');
INSERT INTO "option" VALUES(568,113,'早上');
INSERT INTO "option" VALUES(569,113,'中午');
INSERT INTO "option" VALUES(570,113,'晚上');
INSERT INTO "option" VALUES(571,113,'下午');
INSERT INTO "option" VALUES(572,113,'深夜');
INSERT INTO "option" VALUES(573,114,'寵物');
INSERT INTO "option" VALUES(574,114,'家人');
INSERT INTO "option" VALUES(575,114,'朋友');
INSERT INTO "option" VALUES(576,114,'兩個人單獨');
INSERT INTO "option" VALUES(577,115,'約會');
INSERT INTO "option" VALUES(578,115,'看電影');
INSERT INTO "option" VALUES(579,115,'吃飯');
INSERT INTO "option" VALUES(580,115,'運動');
INSERT INTO "option" VALUES(581,115,'唱歌');
INSERT INTO "option" VALUES(582,115,'逛街');
INSERT INTO "option" VALUES(583,116,'慶祝節日');
INSERT INTO "option" VALUES(584,116,'一時興起');
INSERT INTO "option" VALUES(585,116,'預定好的行程');
INSERT INTO "option" VALUES(586,116,'情侶日常');
INSERT INTO "option" VALUES(587,117,'家裡');
INSERT INTO "option" VALUES(588,117,'公園');
INSERT INTO "option" VALUES(589,117,'餐廳');
INSERT INTO "option" VALUES(590,117,'賣場(超市)');
INSERT INTO "option" VALUES(591,117,'百貨公司');
INSERT INTO "option" VALUES(592,117,'商圈');
INSERT INTO "option" VALUES(593,117,'夜市');
INSERT INTO "option" VALUES(594,118,'早上');
INSERT INTO "option" VALUES(595,118,'中午');
INSERT INTO "option" VALUES(596,118,'晚上');
INSERT INTO "option" VALUES(597,118,'下午');
INSERT INTO "option" VALUES(598,118,'深夜');
INSERT INTO "option" VALUES(599,119,'寵物');
INSERT INTO "option" VALUES(600,119,'家人');
INSERT INTO "option" VALUES(601,119,'朋友');
INSERT INTO "option" VALUES(602,119,'兩個人單獨');
INSERT INTO "option" VALUES(603,120,'吵架');
INSERT INTO "option" VALUES(604,120,'冷戰');
INSERT INTO "option" VALUES(605,120,'打架');
INSERT INTO "option" VALUES(606,120,'分手');
INSERT INTO "option" VALUES(607,120,'鬥嘴');
INSERT INTO "option" VALUES(608,120,'抱怨');
INSERT INTO "option" VALUES(609,121,'意見不合');
INSERT INTO "option" VALUES(610,121,'價值觀不同');
INSERT INTO "option" VALUES(611,121,'失去新鮮感');
INSERT INTO "option" VALUES(612,121,'不想忍耐了');
INSERT INTO "option" VALUES(613,122,'家裡');
INSERT INTO "option" VALUES(614,122,'公園');
INSERT INTO "option" VALUES(615,122,'餐廳');
INSERT INTO "option" VALUES(616,122,'賣場(超市)');
INSERT INTO "option" VALUES(617,122,'百貨公司');
INSERT INTO "option" VALUES(618,122,'商圈');
INSERT INTO "option" VALUES(619,122,'夜市');
INSERT INTO "option" VALUES(620,123,'早上');
INSERT INTO "option" VALUES(621,123,'中午');
INSERT INTO "option" VALUES(622,123,'晚上');
INSERT INTO "option" VALUES(623,123,'下午');
INSERT INTO "option" VALUES(624,123,'深夜');
INSERT INTO "option" VALUES(625,124,'寵物');
INSERT INTO "option" VALUES(626,124,'家人');
INSERT INTO "option" VALUES(627,124,'朋友');
INSERT INTO "option" VALUES(628,124,'兩個人單獨');
CREATE TABLE `pattern_index` (            `optionNo` INTEGER NOT NULL,            `sentencePatternNo` INTEGER NOT NULL,            PRIMARY KEY (`optionNo`,`sentencePatternNo`),            FOREIGN KEY (`optionNo`) REFERENCES `option` (`optionNo`),            FOREIGN KEY (`sentencePatternNo`) REFERENCES `sentence_pattern` (`sentencePatternNo`)        );
INSERT INTO "pattern_index" VALUES(1,1);
INSERT INTO "pattern_index" VALUES(2,1);
INSERT INTO "pattern_index" VALUES(3,1);
INSERT INTO "pattern_index" VALUES(4,1);
INSERT INTO "pattern_index" VALUES(5,1);
INSERT INTO "pattern_index" VALUES(6,1);
INSERT INTO "pattern_index" VALUES(7,1);
INSERT INTO "pattern_index" VALUES(8,1);
INSERT INTO "pattern_index" VALUES(9,1);
INSERT INTO "pattern_index" VALUES(10,1);
INSERT INTO "pattern_index" VALUES(11,1);
INSERT INTO "pattern_index" VALUES(1,2);
INSERT INTO "pattern_index" VALUES(2,2);
INSERT INTO "pattern_index" VALUES(3,2);
INSERT INTO "pattern_index" VALUES(4,2);
INSERT INTO "pattern_index" VALUES(5,2);
INSERT INTO "pattern_index" VALUES(6,2);
INSERT INTO "pattern_index" VALUES(7,2);
INSERT INTO "pattern_index" VALUES(8,2);
INSERT INTO "pattern_index" VALUES(9,2);
INSERT INTO "pattern_index" VALUES(10,2);
INSERT INTO "pattern_index" VALUES(11,2);
INSERT INTO "pattern_index" VALUES(12,3);
INSERT INTO "pattern_index" VALUES(13,3);
INSERT INTO "pattern_index" VALUES(13,4);
INSERT INTO "pattern_index" VALUES(14,5);
INSERT INTO "pattern_index" VALUES(14,6);
INSERT INTO "pattern_index" VALUES(15,7);
INSERT INTO "pattern_index" VALUES(19,7);
INSERT INTO "pattern_index" VALUES(15,8);
INSERT INTO "pattern_index" VALUES(16,9);
INSERT INTO "pattern_index" VALUES(16,10);
INSERT INTO "pattern_index" VALUES(17,10);
INSERT INTO "pattern_index" VALUES(17,11);
INSERT INTO "pattern_index" VALUES(18,12);
INSERT INTO "pattern_index" VALUES(19,13);
INSERT INTO "pattern_index" VALUES(17,14);
INSERT INTO "pattern_index" VALUES(20,14);
INSERT INTO "pattern_index" VALUES(21,15);
INSERT INTO "pattern_index" VALUES(23,15);
INSERT INTO "pattern_index" VALUES(25,15);
INSERT INTO "pattern_index" VALUES(26,15);
INSERT INTO "pattern_index" VALUES(27,15);
INSERT INTO "pattern_index" VALUES(21,16);
INSERT INTO "pattern_index" VALUES(22,16);
INSERT INTO "pattern_index" VALUES(23,16);
INSERT INTO "pattern_index" VALUES(24,16);
INSERT INTO "pattern_index" VALUES(25,16);
INSERT INTO "pattern_index" VALUES(26,16);
INSERT INTO "pattern_index" VALUES(27,16);
INSERT INTO "pattern_index" VALUES(28,16);
INSERT INTO "pattern_index" VALUES(29,16);
INSERT INTO "pattern_index" VALUES(21,17);
INSERT INTO "pattern_index" VALUES(22,17);
INSERT INTO "pattern_index" VALUES(23,17);
INSERT INTO "pattern_index" VALUES(24,17);
INSERT INTO "pattern_index" VALUES(25,17);
INSERT INTO "pattern_index" VALUES(26,17);
INSERT INTO "pattern_index" VALUES(27,17);
INSERT INTO "pattern_index" VALUES(28,18);
INSERT INTO "pattern_index" VALUES(29,18);
INSERT INTO "pattern_index" VALUES(30,19);
INSERT INTO "pattern_index" VALUES(31,19);
INSERT INTO "pattern_index" VALUES(32,19);
INSERT INTO "pattern_index" VALUES(33,19);
INSERT INTO "pattern_index" VALUES(30,20);
INSERT INTO "pattern_index" VALUES(33,21);
INSERT INTO "pattern_index" VALUES(34,22);
INSERT INTO "pattern_index" VALUES(35,23);
INSERT INTO "pattern_index" VALUES(36,23);
INSERT INTO "pattern_index" VALUES(37,23);
INSERT INTO "pattern_index" VALUES(38,23);
INSERT INTO "pattern_index" VALUES(40,23);
INSERT INTO "pattern_index" VALUES(35,24);
INSERT INTO "pattern_index" VALUES(36,24);
INSERT INTO "pattern_index" VALUES(37,24);
INSERT INTO "pattern_index" VALUES(38,24);
INSERT INTO "pattern_index" VALUES(35,25);
INSERT INTO "pattern_index" VALUES(36,25);
INSERT INTO "pattern_index" VALUES(37,25);
INSERT INTO "pattern_index" VALUES(38,25);
INSERT INTO "pattern_index" VALUES(40,25);
INSERT INTO "pattern_index" VALUES(35,26);
INSERT INTO "pattern_index" VALUES(36,26);
INSERT INTO "pattern_index" VALUES(37,26);
INSERT INTO "pattern_index" VALUES(38,26);
INSERT INTO "pattern_index" VALUES(40,26);
INSERT INTO "pattern_index" VALUES(39,27);
INSERT INTO "pattern_index" VALUES(39,28);
INSERT INTO "pattern_index" VALUES(41,29);
INSERT INTO "pattern_index" VALUES(42,30);
INSERT INTO "pattern_index" VALUES(43,31);
INSERT INTO "pattern_index" VALUES(44,32);
INSERT INTO "pattern_index" VALUES(62,33);
INSERT INTO "pattern_index" VALUES(67,34);
INSERT INTO "pattern_index" VALUES(51,35);
INSERT INTO "pattern_index" VALUES(57,36);
INSERT INTO "pattern_index" VALUES(45,37);
INSERT INTO "pattern_index" VALUES(57,38);
INSERT INTO "pattern_index" VALUES(45,39);
INSERT INTO "pattern_index" VALUES(51,40);
INSERT INTO "pattern_index" VALUES(57,41);
INSERT INTO "pattern_index" VALUES(45,42);
INSERT INTO "pattern_index" VALUES(46,37);
INSERT INTO "pattern_index" VALUES(46,39);
INSERT INTO "pattern_index" VALUES(46,42);
INSERT INTO "pattern_index" VALUES(47,37);
INSERT INTO "pattern_index" VALUES(47,39);
INSERT INTO "pattern_index" VALUES(47,42);
INSERT INTO "pattern_index" VALUES(48,37);
INSERT INTO "pattern_index" VALUES(48,39);
INSERT INTO "pattern_index" VALUES(48,42);
INSERT INTO "pattern_index" VALUES(49,37);
INSERT INTO "pattern_index" VALUES(49,39);
INSERT INTO "pattern_index" VALUES(49,42);
INSERT INTO "pattern_index" VALUES(50,37);
INSERT INTO "pattern_index" VALUES(50,39);
INSERT INTO "pattern_index" VALUES(50,42);
INSERT INTO "pattern_index" VALUES(58,36);
INSERT INTO "pattern_index" VALUES(58,38);
INSERT INTO "pattern_index" VALUES(58,41);
INSERT INTO "pattern_index" VALUES(59,36);
INSERT INTO "pattern_index" VALUES(59,38);
INSERT INTO "pattern_index" VALUES(59,41);
INSERT INTO "pattern_index" VALUES(60,36);
INSERT INTO "pattern_index" VALUES(60,38);
INSERT INTO "pattern_index" VALUES(60,41);
INSERT INTO "pattern_index" VALUES(61,36);
INSERT INTO "pattern_index" VALUES(61,38);
INSERT INTO "pattern_index" VALUES(61,41);
INSERT INTO "pattern_index" VALUES(52,35);
INSERT INTO "pattern_index" VALUES(52,40);
INSERT INTO "pattern_index" VALUES(53,35);
INSERT INTO "pattern_index" VALUES(53,40);
INSERT INTO "pattern_index" VALUES(54,35);
INSERT INTO "pattern_index" VALUES(54,40);
INSERT INTO "pattern_index" VALUES(55,35);
INSERT INTO "pattern_index" VALUES(55,40);
INSERT INTO "pattern_index" VALUES(56,35);
INSERT INTO "pattern_index" VALUES(56,40);
INSERT INTO "pattern_index" VALUES(68,34);
INSERT INTO "pattern_index" VALUES(69,34);
INSERT INTO "pattern_index" VALUES(70,34);
INSERT INTO "pattern_index" VALUES(71,34);
INSERT INTO "pattern_index" VALUES(63,33);
INSERT INTO "pattern_index" VALUES(64,33);
INSERT INTO "pattern_index" VALUES(65,33);
INSERT INTO "pattern_index" VALUES(66,33);
INSERT INTO "pattern_index" VALUES(89,43);
INSERT INTO "pattern_index" VALUES(94,44);
INSERT INTO "pattern_index" VALUES(78,45);
INSERT INTO "pattern_index" VALUES(84,46);
INSERT INTO "pattern_index" VALUES(72,47);
INSERT INTO "pattern_index" VALUES(84,48);
INSERT INTO "pattern_index" VALUES(72,49);
INSERT INTO "pattern_index" VALUES(78,50);
INSERT INTO "pattern_index" VALUES(84,51);
INSERT INTO "pattern_index" VALUES(72,52);
INSERT INTO "pattern_index" VALUES(73,47);
INSERT INTO "pattern_index" VALUES(73,49);
INSERT INTO "pattern_index" VALUES(73,52);
INSERT INTO "pattern_index" VALUES(74,47);
INSERT INTO "pattern_index" VALUES(74,49);
INSERT INTO "pattern_index" VALUES(74,52);
INSERT INTO "pattern_index" VALUES(75,47);
INSERT INTO "pattern_index" VALUES(75,49);
INSERT INTO "pattern_index" VALUES(75,52);
INSERT INTO "pattern_index" VALUES(76,47);
INSERT INTO "pattern_index" VALUES(76,49);
INSERT INTO "pattern_index" VALUES(76,52);
INSERT INTO "pattern_index" VALUES(77,47);
INSERT INTO "pattern_index" VALUES(77,49);
INSERT INTO "pattern_index" VALUES(77,52);
INSERT INTO "pattern_index" VALUES(85,46);
INSERT INTO "pattern_index" VALUES(85,48);
INSERT INTO "pattern_index" VALUES(85,51);
INSERT INTO "pattern_index" VALUES(86,46);
INSERT INTO "pattern_index" VALUES(86,48);
INSERT INTO "pattern_index" VALUES(86,51);
INSERT INTO "pattern_index" VALUES(87,46);
INSERT INTO "pattern_index" VALUES(87,48);
INSERT INTO "pattern_index" VALUES(87,51);
INSERT INTO "pattern_index" VALUES(88,46);
INSERT INTO "pattern_index" VALUES(88,48);
INSERT INTO "pattern_index" VALUES(88,51);
INSERT INTO "pattern_index" VALUES(79,45);
INSERT INTO "pattern_index" VALUES(79,50);
INSERT INTO "pattern_index" VALUES(80,45);
INSERT INTO "pattern_index" VALUES(80,50);
INSERT INTO "pattern_index" VALUES(81,45);
INSERT INTO "pattern_index" VALUES(81,50);
INSERT INTO "pattern_index" VALUES(82,45);
INSERT INTO "pattern_index" VALUES(82,50);
INSERT INTO "pattern_index" VALUES(83,45);
INSERT INTO "pattern_index" VALUES(83,50);
INSERT INTO "pattern_index" VALUES(95,44);
INSERT INTO "pattern_index" VALUES(96,44);
INSERT INTO "pattern_index" VALUES(97,44);
INSERT INTO "pattern_index" VALUES(98,44);
INSERT INTO "pattern_index" VALUES(90,43);
INSERT INTO "pattern_index" VALUES(91,43);
INSERT INTO "pattern_index" VALUES(92,43);
INSERT INTO "pattern_index" VALUES(93,43);
INSERT INTO "pattern_index" VALUES(116,53);
INSERT INTO "pattern_index" VALUES(121,54);
INSERT INTO "pattern_index" VALUES(105,55);
INSERT INTO "pattern_index" VALUES(111,56);
INSERT INTO "pattern_index" VALUES(99,57);
INSERT INTO "pattern_index" VALUES(111,58);
INSERT INTO "pattern_index" VALUES(99,59);
INSERT INTO "pattern_index" VALUES(105,60);
INSERT INTO "pattern_index" VALUES(111,61);
INSERT INTO "pattern_index" VALUES(99,62);
INSERT INTO "pattern_index" VALUES(100,57);
INSERT INTO "pattern_index" VALUES(100,59);
INSERT INTO "pattern_index" VALUES(100,62);
INSERT INTO "pattern_index" VALUES(101,57);
INSERT INTO "pattern_index" VALUES(101,59);
INSERT INTO "pattern_index" VALUES(101,62);
INSERT INTO "pattern_index" VALUES(102,57);
INSERT INTO "pattern_index" VALUES(102,59);
INSERT INTO "pattern_index" VALUES(102,62);
INSERT INTO "pattern_index" VALUES(103,57);
INSERT INTO "pattern_index" VALUES(103,59);
INSERT INTO "pattern_index" VALUES(103,62);
INSERT INTO "pattern_index" VALUES(104,57);
INSERT INTO "pattern_index" VALUES(104,59);
INSERT INTO "pattern_index" VALUES(104,62);
INSERT INTO "pattern_index" VALUES(112,56);
INSERT INTO "pattern_index" VALUES(112,58);
INSERT INTO "pattern_index" VALUES(112,61);
INSERT INTO "pattern_index" VALUES(113,56);
INSERT INTO "pattern_index" VALUES(113,58);
INSERT INTO "pattern_index" VALUES(113,61);
INSERT INTO "pattern_index" VALUES(114,56);
INSERT INTO "pattern_index" VALUES(114,58);
INSERT INTO "pattern_index" VALUES(114,61);
INSERT INTO "pattern_index" VALUES(115,56);
INSERT INTO "pattern_index" VALUES(115,58);
INSERT INTO "pattern_index" VALUES(115,61);
INSERT INTO "pattern_index" VALUES(106,55);
INSERT INTO "pattern_index" VALUES(106,60);
INSERT INTO "pattern_index" VALUES(107,55);
INSERT INTO "pattern_index" VALUES(107,60);
INSERT INTO "pattern_index" VALUES(108,55);
INSERT INTO "pattern_index" VALUES(108,60);
INSERT INTO "pattern_index" VALUES(109,55);
INSERT INTO "pattern_index" VALUES(109,60);
INSERT INTO "pattern_index" VALUES(110,55);
INSERT INTO "pattern_index" VALUES(110,60);
INSERT INTO "pattern_index" VALUES(122,54);
INSERT INTO "pattern_index" VALUES(123,54);
INSERT INTO "pattern_index" VALUES(124,54);
INSERT INTO "pattern_index" VALUES(125,54);
INSERT INTO "pattern_index" VALUES(117,53);
INSERT INTO "pattern_index" VALUES(118,53);
INSERT INTO "pattern_index" VALUES(119,53);
INSERT INTO "pattern_index" VALUES(120,53);
INSERT INTO "pattern_index" VALUES(143,63);
INSERT INTO "pattern_index" VALUES(148,64);
INSERT INTO "pattern_index" VALUES(132,65);
INSERT INTO "pattern_index" VALUES(138,66);
INSERT INTO "pattern_index" VALUES(126,67);
INSERT INTO "pattern_index" VALUES(138,68);
INSERT INTO "pattern_index" VALUES(126,69);
INSERT INTO "pattern_index" VALUES(132,70);
INSERT INTO "pattern_index" VALUES(138,71);
INSERT INTO "pattern_index" VALUES(126,72);
INSERT INTO "pattern_index" VALUES(127,67);
INSERT INTO "pattern_index" VALUES(127,69);
INSERT INTO "pattern_index" VALUES(127,72);
INSERT INTO "pattern_index" VALUES(128,67);
INSERT INTO "pattern_index" VALUES(128,69);
INSERT INTO "pattern_index" VALUES(128,72);
INSERT INTO "pattern_index" VALUES(129,67);
INSERT INTO "pattern_index" VALUES(129,69);
INSERT INTO "pattern_index" VALUES(129,72);
INSERT INTO "pattern_index" VALUES(130,67);
INSERT INTO "pattern_index" VALUES(130,69);
INSERT INTO "pattern_index" VALUES(130,72);
INSERT INTO "pattern_index" VALUES(131,67);
INSERT INTO "pattern_index" VALUES(131,69);
INSERT INTO "pattern_index" VALUES(131,72);
INSERT INTO "pattern_index" VALUES(139,66);
INSERT INTO "pattern_index" VALUES(139,68);
INSERT INTO "pattern_index" VALUES(139,71);
INSERT INTO "pattern_index" VALUES(140,66);
INSERT INTO "pattern_index" VALUES(140,68);
INSERT INTO "pattern_index" VALUES(140,71);
INSERT INTO "pattern_index" VALUES(141,66);
INSERT INTO "pattern_index" VALUES(141,68);
INSERT INTO "pattern_index" VALUES(141,71);
INSERT INTO "pattern_index" VALUES(142,66);
INSERT INTO "pattern_index" VALUES(142,68);
INSERT INTO "pattern_index" VALUES(142,71);
INSERT INTO "pattern_index" VALUES(133,65);
INSERT INTO "pattern_index" VALUES(133,70);
INSERT INTO "pattern_index" VALUES(134,65);
INSERT INTO "pattern_index" VALUES(134,70);
INSERT INTO "pattern_index" VALUES(135,65);
INSERT INTO "pattern_index" VALUES(135,70);
INSERT INTO "pattern_index" VALUES(136,65);
INSERT INTO "pattern_index" VALUES(136,70);
INSERT INTO "pattern_index" VALUES(137,65);
INSERT INTO "pattern_index" VALUES(137,70);
INSERT INTO "pattern_index" VALUES(149,64);
INSERT INTO "pattern_index" VALUES(150,64);
INSERT INTO "pattern_index" VALUES(151,64);
INSERT INTO "pattern_index" VALUES(152,64);
INSERT INTO "pattern_index" VALUES(144,63);
INSERT INTO "pattern_index" VALUES(145,63);
INSERT INTO "pattern_index" VALUES(146,63);
INSERT INTO "pattern_index" VALUES(147,63);
INSERT INTO "pattern_index" VALUES(170,73);
INSERT INTO "pattern_index" VALUES(175,74);
INSERT INTO "pattern_index" VALUES(159,75);
INSERT INTO "pattern_index" VALUES(165,76);
INSERT INTO "pattern_index" VALUES(153,77);
INSERT INTO "pattern_index" VALUES(165,78);
INSERT INTO "pattern_index" VALUES(153,79);
INSERT INTO "pattern_index" VALUES(159,80);
INSERT INTO "pattern_index" VALUES(165,81);
INSERT INTO "pattern_index" VALUES(153,82);
INSERT INTO "pattern_index" VALUES(154,77);
INSERT INTO "pattern_index" VALUES(154,79);
INSERT INTO "pattern_index" VALUES(154,82);
INSERT INTO "pattern_index" VALUES(155,77);
INSERT INTO "pattern_index" VALUES(155,79);
INSERT INTO "pattern_index" VALUES(155,82);
INSERT INTO "pattern_index" VALUES(156,77);
INSERT INTO "pattern_index" VALUES(156,79);
INSERT INTO "pattern_index" VALUES(156,82);
INSERT INTO "pattern_index" VALUES(157,77);
INSERT INTO "pattern_index" VALUES(157,79);
INSERT INTO "pattern_index" VALUES(157,82);
INSERT INTO "pattern_index" VALUES(158,77);
INSERT INTO "pattern_index" VALUES(158,79);
INSERT INTO "pattern_index" VALUES(158,82);
INSERT INTO "pattern_index" VALUES(166,76);
INSERT INTO "pattern_index" VALUES(166,78);
INSERT INTO "pattern_index" VALUES(166,81);
INSERT INTO "pattern_index" VALUES(167,76);
INSERT INTO "pattern_index" VALUES(167,78);
INSERT INTO "pattern_index" VALUES(167,81);
INSERT INTO "pattern_index" VALUES(168,76);
INSERT INTO "pattern_index" VALUES(168,78);
INSERT INTO "pattern_index" VALUES(168,81);
INSERT INTO "pattern_index" VALUES(169,76);
INSERT INTO "pattern_index" VALUES(169,78);
INSERT INTO "pattern_index" VALUES(169,81);
INSERT INTO "pattern_index" VALUES(160,75);
INSERT INTO "pattern_index" VALUES(160,80);
INSERT INTO "pattern_index" VALUES(161,75);
INSERT INTO "pattern_index" VALUES(161,80);
INSERT INTO "pattern_index" VALUES(162,75);
INSERT INTO "pattern_index" VALUES(162,80);
INSERT INTO "pattern_index" VALUES(163,75);
INSERT INTO "pattern_index" VALUES(163,80);
INSERT INTO "pattern_index" VALUES(164,75);
INSERT INTO "pattern_index" VALUES(164,80);
INSERT INTO "pattern_index" VALUES(176,74);
INSERT INTO "pattern_index" VALUES(177,74);
INSERT INTO "pattern_index" VALUES(178,74);
INSERT INTO "pattern_index" VALUES(179,74);
INSERT INTO "pattern_index" VALUES(171,73);
INSERT INTO "pattern_index" VALUES(172,73);
INSERT INTO "pattern_index" VALUES(173,73);
INSERT INTO "pattern_index" VALUES(174,73);
INSERT INTO "pattern_index" VALUES(210,83);
INSERT INTO "pattern_index" VALUES(215,84);
INSERT INTO "pattern_index" VALUES(194,85);
INSERT INTO "pattern_index" VALUES(202,86);
INSERT INTO "pattern_index" VALUES(182,87);
INSERT INTO "pattern_index" VALUES(202,88);
INSERT INTO "pattern_index" VALUES(182,89);
INSERT INTO "pattern_index" VALUES(194,90);
INSERT INTO "pattern_index" VALUES(202,91);
INSERT INTO "pattern_index" VALUES(182,92);
INSERT INTO "pattern_index" VALUES(183,87);
INSERT INTO "pattern_index" VALUES(183,89);
INSERT INTO "pattern_index" VALUES(183,92);
INSERT INTO "pattern_index" VALUES(184,87);
INSERT INTO "pattern_index" VALUES(184,89);
INSERT INTO "pattern_index" VALUES(184,92);
INSERT INTO "pattern_index" VALUES(185,87);
INSERT INTO "pattern_index" VALUES(185,89);
INSERT INTO "pattern_index" VALUES(185,92);
INSERT INTO "pattern_index" VALUES(186,87);
INSERT INTO "pattern_index" VALUES(186,89);
INSERT INTO "pattern_index" VALUES(186,92);
INSERT INTO "pattern_index" VALUES(187,87);
INSERT INTO "pattern_index" VALUES(187,89);
INSERT INTO "pattern_index" VALUES(187,92);
INSERT INTO "pattern_index" VALUES(188,87);
INSERT INTO "pattern_index" VALUES(188,89);
INSERT INTO "pattern_index" VALUES(188,92);
INSERT INTO "pattern_index" VALUES(189,87);
INSERT INTO "pattern_index" VALUES(189,89);
INSERT INTO "pattern_index" VALUES(189,92);
INSERT INTO "pattern_index" VALUES(190,87);
INSERT INTO "pattern_index" VALUES(190,89);
INSERT INTO "pattern_index" VALUES(190,92);
INSERT INTO "pattern_index" VALUES(191,87);
INSERT INTO "pattern_index" VALUES(191,89);
INSERT INTO "pattern_index" VALUES(191,92);
INSERT INTO "pattern_index" VALUES(203,86);
INSERT INTO "pattern_index" VALUES(203,88);
INSERT INTO "pattern_index" VALUES(203,91);
INSERT INTO "pattern_index" VALUES(204,86);
INSERT INTO "pattern_index" VALUES(204,88);
INSERT INTO "pattern_index" VALUES(204,91);
INSERT INTO "pattern_index" VALUES(205,86);
INSERT INTO "pattern_index" VALUES(205,88);
INSERT INTO "pattern_index" VALUES(205,91);
INSERT INTO "pattern_index" VALUES(206,86);
INSERT INTO "pattern_index" VALUES(206,88);
INSERT INTO "pattern_index" VALUES(206,91);
INSERT INTO "pattern_index" VALUES(207,86);
INSERT INTO "pattern_index" VALUES(207,88);
INSERT INTO "pattern_index" VALUES(207,91);
INSERT INTO "pattern_index" VALUES(208,86);
INSERT INTO "pattern_index" VALUES(208,88);
INSERT INTO "pattern_index" VALUES(208,91);
INSERT INTO "pattern_index" VALUES(209,86);
INSERT INTO "pattern_index" VALUES(209,88);
INSERT INTO "pattern_index" VALUES(209,91);
INSERT INTO "pattern_index" VALUES(195,85);
INSERT INTO "pattern_index" VALUES(195,90);
INSERT INTO "pattern_index" VALUES(196,85);
INSERT INTO "pattern_index" VALUES(196,90);
INSERT INTO "pattern_index" VALUES(197,85);
INSERT INTO "pattern_index" VALUES(197,90);
INSERT INTO "pattern_index" VALUES(198,85);
INSERT INTO "pattern_index" VALUES(198,90);
INSERT INTO "pattern_index" VALUES(199,85);
INSERT INTO "pattern_index" VALUES(199,90);
INSERT INTO "pattern_index" VALUES(200,85);
INSERT INTO "pattern_index" VALUES(200,90);
INSERT INTO "pattern_index" VALUES(216,84);
INSERT INTO "pattern_index" VALUES(217,84);
INSERT INTO "pattern_index" VALUES(218,84);
INSERT INTO "pattern_index" VALUES(219,84);
INSERT INTO "pattern_index" VALUES(220,84);
INSERT INTO "pattern_index" VALUES(211,83);
INSERT INTO "pattern_index" VALUES(212,83);
INSERT INTO "pattern_index" VALUES(213,83);
INSERT INTO "pattern_index" VALUES(214,83);
INSERT INTO "pattern_index" VALUES(221,93);
INSERT INTO "pattern_index" VALUES(222,94);
INSERT INTO "pattern_index" VALUES(223,95);
INSERT INTO "pattern_index" VALUES(192,96);
INSERT INTO "pattern_index" VALUES(192,97);
INSERT INTO "pattern_index" VALUES(192,98);
INSERT INTO "pattern_index" VALUES(193,96);
INSERT INTO "pattern_index" VALUES(193,97);
INSERT INTO "pattern_index" VALUES(193,98);
INSERT INTO "pattern_index" VALUES(221,99);
INSERT INTO "pattern_index" VALUES(222,100);
INSERT INTO "pattern_index" VALUES(223,101);
INSERT INTO "pattern_index" VALUES(252,102);
INSERT INTO "pattern_index" VALUES(257,103);
INSERT INTO "pattern_index" VALUES(236,104);
INSERT INTO "pattern_index" VALUES(244,105);
INSERT INTO "pattern_index" VALUES(224,106);
INSERT INTO "pattern_index" VALUES(244,107);
INSERT INTO "pattern_index" VALUES(224,108);
INSERT INTO "pattern_index" VALUES(236,109);
INSERT INTO "pattern_index" VALUES(244,110);
INSERT INTO "pattern_index" VALUES(224,111);
INSERT INTO "pattern_index" VALUES(225,106);
INSERT INTO "pattern_index" VALUES(225,108);
INSERT INTO "pattern_index" VALUES(225,111);
INSERT INTO "pattern_index" VALUES(226,106);
INSERT INTO "pattern_index" VALUES(226,108);
INSERT INTO "pattern_index" VALUES(226,111);
INSERT INTO "pattern_index" VALUES(227,106);
INSERT INTO "pattern_index" VALUES(227,108);
INSERT INTO "pattern_index" VALUES(227,111);
INSERT INTO "pattern_index" VALUES(228,106);
INSERT INTO "pattern_index" VALUES(228,108);
INSERT INTO "pattern_index" VALUES(228,111);
INSERT INTO "pattern_index" VALUES(229,106);
INSERT INTO "pattern_index" VALUES(229,108);
INSERT INTO "pattern_index" VALUES(229,111);
INSERT INTO "pattern_index" VALUES(230,106);
INSERT INTO "pattern_index" VALUES(230,108);
INSERT INTO "pattern_index" VALUES(230,111);
INSERT INTO "pattern_index" VALUES(231,106);
INSERT INTO "pattern_index" VALUES(231,108);
INSERT INTO "pattern_index" VALUES(231,111);
INSERT INTO "pattern_index" VALUES(232,106);
INSERT INTO "pattern_index" VALUES(232,108);
INSERT INTO "pattern_index" VALUES(232,111);
INSERT INTO "pattern_index" VALUES(233,106);
INSERT INTO "pattern_index" VALUES(233,108);
INSERT INTO "pattern_index" VALUES(233,111);
INSERT INTO "pattern_index" VALUES(245,105);
INSERT INTO "pattern_index" VALUES(245,107);
INSERT INTO "pattern_index" VALUES(245,110);
INSERT INTO "pattern_index" VALUES(246,105);
INSERT INTO "pattern_index" VALUES(246,107);
INSERT INTO "pattern_index" VALUES(246,110);
INSERT INTO "pattern_index" VALUES(247,105);
INSERT INTO "pattern_index" VALUES(247,107);
INSERT INTO "pattern_index" VALUES(247,110);
INSERT INTO "pattern_index" VALUES(248,105);
INSERT INTO "pattern_index" VALUES(248,107);
INSERT INTO "pattern_index" VALUES(248,110);
INSERT INTO "pattern_index" VALUES(249,105);
INSERT INTO "pattern_index" VALUES(249,107);
INSERT INTO "pattern_index" VALUES(249,110);
INSERT INTO "pattern_index" VALUES(250,105);
INSERT INTO "pattern_index" VALUES(250,107);
INSERT INTO "pattern_index" VALUES(250,110);
INSERT INTO "pattern_index" VALUES(251,105);
INSERT INTO "pattern_index" VALUES(251,107);
INSERT INTO "pattern_index" VALUES(251,110);
INSERT INTO "pattern_index" VALUES(237,104);
INSERT INTO "pattern_index" VALUES(237,109);
INSERT INTO "pattern_index" VALUES(238,104);
INSERT INTO "pattern_index" VALUES(238,109);
INSERT INTO "pattern_index" VALUES(239,104);
INSERT INTO "pattern_index" VALUES(239,109);
INSERT INTO "pattern_index" VALUES(240,104);
INSERT INTO "pattern_index" VALUES(240,109);
INSERT INTO "pattern_index" VALUES(241,104);
INSERT INTO "pattern_index" VALUES(241,109);
INSERT INTO "pattern_index" VALUES(242,104);
INSERT INTO "pattern_index" VALUES(242,109);
INSERT INTO "pattern_index" VALUES(258,103);
INSERT INTO "pattern_index" VALUES(259,103);
INSERT INTO "pattern_index" VALUES(260,103);
INSERT INTO "pattern_index" VALUES(261,103);
INSERT INTO "pattern_index" VALUES(262,103);
INSERT INTO "pattern_index" VALUES(253,102);
INSERT INTO "pattern_index" VALUES(254,102);
INSERT INTO "pattern_index" VALUES(255,102);
INSERT INTO "pattern_index" VALUES(256,102);
INSERT INTO "pattern_index" VALUES(263,112);
INSERT INTO "pattern_index" VALUES(264,113);
INSERT INTO "pattern_index" VALUES(265,114);
INSERT INTO "pattern_index" VALUES(234,115);
INSERT INTO "pattern_index" VALUES(234,116);
INSERT INTO "pattern_index" VALUES(234,117);
INSERT INTO "pattern_index" VALUES(235,115);
INSERT INTO "pattern_index" VALUES(235,116);
INSERT INTO "pattern_index" VALUES(235,117);
INSERT INTO "pattern_index" VALUES(263,118);
INSERT INTO "pattern_index" VALUES(264,119);
INSERT INTO "pattern_index" VALUES(265,120);
INSERT INTO "pattern_index" VALUES(294,121);
INSERT INTO "pattern_index" VALUES(299,122);
INSERT INTO "pattern_index" VALUES(278,123);
INSERT INTO "pattern_index" VALUES(286,124);
INSERT INTO "pattern_index" VALUES(266,125);
INSERT INTO "pattern_index" VALUES(286,126);
INSERT INTO "pattern_index" VALUES(266,127);
INSERT INTO "pattern_index" VALUES(278,128);
INSERT INTO "pattern_index" VALUES(286,129);
INSERT INTO "pattern_index" VALUES(266,130);
INSERT INTO "pattern_index" VALUES(267,125);
INSERT INTO "pattern_index" VALUES(267,127);
INSERT INTO "pattern_index" VALUES(267,130);
INSERT INTO "pattern_index" VALUES(268,125);
INSERT INTO "pattern_index" VALUES(268,127);
INSERT INTO "pattern_index" VALUES(268,130);
INSERT INTO "pattern_index" VALUES(269,125);
INSERT INTO "pattern_index" VALUES(269,127);
INSERT INTO "pattern_index" VALUES(269,130);
INSERT INTO "pattern_index" VALUES(270,125);
INSERT INTO "pattern_index" VALUES(270,127);
INSERT INTO "pattern_index" VALUES(270,130);
INSERT INTO "pattern_index" VALUES(271,125);
INSERT INTO "pattern_index" VALUES(271,127);
INSERT INTO "pattern_index" VALUES(271,130);
INSERT INTO "pattern_index" VALUES(272,125);
INSERT INTO "pattern_index" VALUES(272,127);
INSERT INTO "pattern_index" VALUES(272,130);
INSERT INTO "pattern_index" VALUES(273,125);
INSERT INTO "pattern_index" VALUES(273,127);
INSERT INTO "pattern_index" VALUES(273,130);
INSERT INTO "pattern_index" VALUES(274,125);
INSERT INTO "pattern_index" VALUES(274,127);
INSERT INTO "pattern_index" VALUES(274,130);
INSERT INTO "pattern_index" VALUES(275,125);
INSERT INTO "pattern_index" VALUES(275,127);
INSERT INTO "pattern_index" VALUES(275,130);
INSERT INTO "pattern_index" VALUES(287,124);
INSERT INTO "pattern_index" VALUES(287,126);
INSERT INTO "pattern_index" VALUES(287,129);
INSERT INTO "pattern_index" VALUES(288,124);
INSERT INTO "pattern_index" VALUES(288,126);
INSERT INTO "pattern_index" VALUES(288,129);
INSERT INTO "pattern_index" VALUES(289,124);
INSERT INTO "pattern_index" VALUES(289,126);
INSERT INTO "pattern_index" VALUES(289,129);
INSERT INTO "pattern_index" VALUES(290,124);
INSERT INTO "pattern_index" VALUES(290,126);
INSERT INTO "pattern_index" VALUES(290,129);
INSERT INTO "pattern_index" VALUES(291,124);
INSERT INTO "pattern_index" VALUES(291,126);
INSERT INTO "pattern_index" VALUES(291,129);
INSERT INTO "pattern_index" VALUES(292,124);
INSERT INTO "pattern_index" VALUES(292,126);
INSERT INTO "pattern_index" VALUES(292,129);
INSERT INTO "pattern_index" VALUES(293,124);
INSERT INTO "pattern_index" VALUES(293,126);
INSERT INTO "pattern_index" VALUES(293,129);
INSERT INTO "pattern_index" VALUES(279,123);
INSERT INTO "pattern_index" VALUES(279,128);
INSERT INTO "pattern_index" VALUES(280,123);
INSERT INTO "pattern_index" VALUES(280,128);
INSERT INTO "pattern_index" VALUES(281,123);
INSERT INTO "pattern_index" VALUES(281,128);
INSERT INTO "pattern_index" VALUES(282,123);
INSERT INTO "pattern_index" VALUES(282,128);
INSERT INTO "pattern_index" VALUES(283,123);
INSERT INTO "pattern_index" VALUES(283,128);
INSERT INTO "pattern_index" VALUES(284,123);
INSERT INTO "pattern_index" VALUES(284,128);
INSERT INTO "pattern_index" VALUES(300,122);
INSERT INTO "pattern_index" VALUES(301,122);
INSERT INTO "pattern_index" VALUES(302,122);
INSERT INTO "pattern_index" VALUES(303,122);
INSERT INTO "pattern_index" VALUES(304,122);
INSERT INTO "pattern_index" VALUES(295,121);
INSERT INTO "pattern_index" VALUES(296,121);
INSERT INTO "pattern_index" VALUES(297,121);
INSERT INTO "pattern_index" VALUES(298,121);
INSERT INTO "pattern_index" VALUES(305,131);
INSERT INTO "pattern_index" VALUES(306,132);
INSERT INTO "pattern_index" VALUES(307,133);
INSERT INTO "pattern_index" VALUES(276,134);
INSERT INTO "pattern_index" VALUES(276,135);
INSERT INTO "pattern_index" VALUES(276,136);
INSERT INTO "pattern_index" VALUES(277,134);
INSERT INTO "pattern_index" VALUES(277,135);
INSERT INTO "pattern_index" VALUES(277,136);
INSERT INTO "pattern_index" VALUES(305,137);
INSERT INTO "pattern_index" VALUES(306,138);
INSERT INTO "pattern_index" VALUES(307,139);
INSERT INTO "pattern_index" VALUES(336,140);
INSERT INTO "pattern_index" VALUES(341,141);
INSERT INTO "pattern_index" VALUES(320,142);
INSERT INTO "pattern_index" VALUES(328,143);
INSERT INTO "pattern_index" VALUES(308,144);
INSERT INTO "pattern_index" VALUES(328,145);
INSERT INTO "pattern_index" VALUES(308,146);
INSERT INTO "pattern_index" VALUES(320,147);
INSERT INTO "pattern_index" VALUES(328,148);
INSERT INTO "pattern_index" VALUES(308,149);
INSERT INTO "pattern_index" VALUES(309,144);
INSERT INTO "pattern_index" VALUES(309,146);
INSERT INTO "pattern_index" VALUES(309,149);
INSERT INTO "pattern_index" VALUES(310,144);
INSERT INTO "pattern_index" VALUES(310,146);
INSERT INTO "pattern_index" VALUES(310,149);
INSERT INTO "pattern_index" VALUES(311,144);
INSERT INTO "pattern_index" VALUES(311,146);
INSERT INTO "pattern_index" VALUES(311,149);
INSERT INTO "pattern_index" VALUES(312,144);
INSERT INTO "pattern_index" VALUES(312,146);
INSERT INTO "pattern_index" VALUES(312,149);
INSERT INTO "pattern_index" VALUES(313,144);
INSERT INTO "pattern_index" VALUES(313,146);
INSERT INTO "pattern_index" VALUES(313,149);
INSERT INTO "pattern_index" VALUES(314,144);
INSERT INTO "pattern_index" VALUES(314,146);
INSERT INTO "pattern_index" VALUES(314,149);
INSERT INTO "pattern_index" VALUES(315,144);
INSERT INTO "pattern_index" VALUES(315,146);
INSERT INTO "pattern_index" VALUES(315,149);
INSERT INTO "pattern_index" VALUES(316,144);
INSERT INTO "pattern_index" VALUES(316,146);
INSERT INTO "pattern_index" VALUES(316,149);
INSERT INTO "pattern_index" VALUES(317,144);
INSERT INTO "pattern_index" VALUES(317,146);
INSERT INTO "pattern_index" VALUES(317,149);
INSERT INTO "pattern_index" VALUES(329,143);
INSERT INTO "pattern_index" VALUES(329,145);
INSERT INTO "pattern_index" VALUES(329,148);
INSERT INTO "pattern_index" VALUES(330,143);
INSERT INTO "pattern_index" VALUES(330,145);
INSERT INTO "pattern_index" VALUES(330,148);
INSERT INTO "pattern_index" VALUES(331,143);
INSERT INTO "pattern_index" VALUES(331,145);
INSERT INTO "pattern_index" VALUES(331,148);
INSERT INTO "pattern_index" VALUES(332,143);
INSERT INTO "pattern_index" VALUES(332,145);
INSERT INTO "pattern_index" VALUES(332,148);
INSERT INTO "pattern_index" VALUES(333,143);
INSERT INTO "pattern_index" VALUES(333,145);
INSERT INTO "pattern_index" VALUES(333,148);
INSERT INTO "pattern_index" VALUES(334,143);
INSERT INTO "pattern_index" VALUES(334,145);
INSERT INTO "pattern_index" VALUES(334,148);
INSERT INTO "pattern_index" VALUES(335,143);
INSERT INTO "pattern_index" VALUES(335,145);
INSERT INTO "pattern_index" VALUES(335,148);
INSERT INTO "pattern_index" VALUES(321,142);
INSERT INTO "pattern_index" VALUES(321,147);
INSERT INTO "pattern_index" VALUES(322,142);
INSERT INTO "pattern_index" VALUES(322,147);
INSERT INTO "pattern_index" VALUES(323,142);
INSERT INTO "pattern_index" VALUES(323,147);
INSERT INTO "pattern_index" VALUES(324,142);
INSERT INTO "pattern_index" VALUES(324,147);
INSERT INTO "pattern_index" VALUES(325,142);
INSERT INTO "pattern_index" VALUES(325,147);
INSERT INTO "pattern_index" VALUES(326,142);
INSERT INTO "pattern_index" VALUES(326,147);
INSERT INTO "pattern_index" VALUES(342,141);
INSERT INTO "pattern_index" VALUES(343,141);
INSERT INTO "pattern_index" VALUES(344,141);
INSERT INTO "pattern_index" VALUES(345,141);
INSERT INTO "pattern_index" VALUES(346,141);
INSERT INTO "pattern_index" VALUES(337,140);
INSERT INTO "pattern_index" VALUES(338,140);
INSERT INTO "pattern_index" VALUES(339,140);
INSERT INTO "pattern_index" VALUES(340,140);
INSERT INTO "pattern_index" VALUES(347,150);
INSERT INTO "pattern_index" VALUES(348,151);
INSERT INTO "pattern_index" VALUES(349,152);
INSERT INTO "pattern_index" VALUES(318,153);
INSERT INTO "pattern_index" VALUES(318,154);
INSERT INTO "pattern_index" VALUES(318,155);
INSERT INTO "pattern_index" VALUES(319,153);
INSERT INTO "pattern_index" VALUES(319,154);
INSERT INTO "pattern_index" VALUES(319,155);
INSERT INTO "pattern_index" VALUES(347,156);
INSERT INTO "pattern_index" VALUES(348,157);
INSERT INTO "pattern_index" VALUES(349,158);
INSERT INTO "pattern_index" VALUES(369,159);
INSERT INTO "pattern_index" VALUES(374,160);
INSERT INTO "pattern_index" VALUES(357,161);
INSERT INTO "pattern_index" VALUES(362,162);
INSERT INTO "pattern_index" VALUES(350,163);
INSERT INTO "pattern_index" VALUES(369,164);
INSERT INTO "pattern_index" VALUES(362,165);
INSERT INTO "pattern_index" VALUES(362,166);
INSERT INTO "pattern_index" VALUES(357,167);
INSERT INTO "pattern_index" VALUES(362,168);
INSERT INTO "pattern_index" VALUES(350,169);
INSERT INTO "pattern_index" VALUES(351,163);
INSERT INTO "pattern_index" VALUES(351,169);
INSERT INTO "pattern_index" VALUES(354,163);
INSERT INTO "pattern_index" VALUES(354,170);
INSERT INTO "pattern_index" VALUES(356,163);
INSERT INTO "pattern_index" VALUES(363,162);
INSERT INTO "pattern_index" VALUES(363,165);
INSERT INTO "pattern_index" VALUES(363,166);
INSERT INTO "pattern_index" VALUES(363,168);
INSERT INTO "pattern_index" VALUES(352,163);
INSERT INTO "pattern_index" VALUES(353,163);
INSERT INTO "pattern_index" VALUES(355,169);
INSERT INTO "pattern_index" VALUES(356,170);
INSERT INTO "pattern_index" VALUES(364,162);
INSERT INTO "pattern_index" VALUES(364,166);
INSERT INTO "pattern_index" VALUES(364,168);
INSERT INTO "pattern_index" VALUES(350,171);
INSERT INTO "pattern_index" VALUES(352,170);
INSERT INTO "pattern_index" VALUES(353,170);
INSERT INTO "pattern_index" VALUES(355,163);
INSERT INTO "pattern_index" VALUES(365,162);
INSERT INTO "pattern_index" VALUES(365,165);
INSERT INTO "pattern_index" VALUES(365,166);
INSERT INTO "pattern_index" VALUES(365,168);
INSERT INTO "pattern_index" VALUES(356,169);
INSERT INTO "pattern_index" VALUES(366,162);
INSERT INTO "pattern_index" VALUES(366,165);
INSERT INTO "pattern_index" VALUES(366,166);
INSERT INTO "pattern_index" VALUES(366,168);
INSERT INTO "pattern_index" VALUES(353,169);
INSERT INTO "pattern_index" VALUES(367,162);
INSERT INTO "pattern_index" VALUES(367,166);
INSERT INTO "pattern_index" VALUES(367,168);
INSERT INTO "pattern_index" VALUES(367,165);
INSERT INTO "pattern_index" VALUES(354,169);
INSERT INTO "pattern_index" VALUES(368,172);
INSERT INTO "pattern_index" VALUES(368,173);
INSERT INTO "pattern_index" VALUES(368,174);
INSERT INTO "pattern_index" VALUES(368,175);
INSERT INTO "pattern_index" VALUES(358,161);
INSERT INTO "pattern_index" VALUES(358,167);
INSERT INTO "pattern_index" VALUES(352,169);
INSERT INTO "pattern_index" VALUES(355,170);
INSERT INTO "pattern_index" VALUES(350,176);
INSERT INTO "pattern_index" VALUES(359,161);
INSERT INTO "pattern_index" VALUES(359,167);
INSERT INTO "pattern_index" VALUES(360,161);
INSERT INTO "pattern_index" VALUES(360,167);
INSERT INTO "pattern_index" VALUES(361,161);
INSERT INTO "pattern_index" VALUES(361,167);
INSERT INTO "pattern_index" VALUES(375,160);
INSERT INTO "pattern_index" VALUES(376,160);
INSERT INTO "pattern_index" VALUES(377,160);
INSERT INTO "pattern_index" VALUES(378,160);
INSERT INTO "pattern_index" VALUES(379,177);
INSERT INTO "pattern_index" VALUES(370,159);
INSERT INTO "pattern_index" VALUES(370,164);
INSERT INTO "pattern_index" VALUES(371,159);
INSERT INTO "pattern_index" VALUES(371,164);
INSERT INTO "pattern_index" VALUES(372,159);
INSERT INTO "pattern_index" VALUES(372,164);
INSERT INTO "pattern_index" VALUES(373,159);
INSERT INTO "pattern_index" VALUES(373,164);
INSERT INTO "pattern_index" VALUES(399,178);
INSERT INTO "pattern_index" VALUES(404,179);
INSERT INTO "pattern_index" VALUES(387,180);
INSERT INTO "pattern_index" VALUES(392,181);
INSERT INTO "pattern_index" VALUES(380,182);
INSERT INTO "pattern_index" VALUES(399,183);
INSERT INTO "pattern_index" VALUES(392,184);
INSERT INTO "pattern_index" VALUES(387,185);
INSERT INTO "pattern_index" VALUES(392,186);
INSERT INTO "pattern_index" VALUES(380,187);
INSERT INTO "pattern_index" VALUES(381,182);
INSERT INTO "pattern_index" VALUES(381,187);
INSERT INTO "pattern_index" VALUES(382,182);
INSERT INTO "pattern_index" VALUES(382,187);
INSERT INTO "pattern_index" VALUES(383,182);
INSERT INTO "pattern_index" VALUES(383,187);
INSERT INTO "pattern_index" VALUES(384,182);
INSERT INTO "pattern_index" VALUES(384,187);
INSERT INTO "pattern_index" VALUES(385,182);
INSERT INTO "pattern_index" VALUES(385,187);
INSERT INTO "pattern_index" VALUES(386,182);
INSERT INTO "pattern_index" VALUES(386,187);
INSERT INTO "pattern_index" VALUES(393,181);
INSERT INTO "pattern_index" VALUES(393,184);
INSERT INTO "pattern_index" VALUES(393,186);
INSERT INTO "pattern_index" VALUES(394,181);
INSERT INTO "pattern_index" VALUES(394,184);
INSERT INTO "pattern_index" VALUES(394,186);
INSERT INTO "pattern_index" VALUES(395,181);
INSERT INTO "pattern_index" VALUES(395,184);
INSERT INTO "pattern_index" VALUES(395,186);
INSERT INTO "pattern_index" VALUES(396,181);
INSERT INTO "pattern_index" VALUES(396,184);
INSERT INTO "pattern_index" VALUES(396,186);
INSERT INTO "pattern_index" VALUES(397,181);
INSERT INTO "pattern_index" VALUES(397,184);
INSERT INTO "pattern_index" VALUES(397,186);
INSERT INTO "pattern_index" VALUES(398,181);
INSERT INTO "pattern_index" VALUES(398,184);
INSERT INTO "pattern_index" VALUES(398,186);
INSERT INTO "pattern_index" VALUES(388,180);
INSERT INTO "pattern_index" VALUES(388,185);
INSERT INTO "pattern_index" VALUES(389,180);
INSERT INTO "pattern_index" VALUES(389,185);
INSERT INTO "pattern_index" VALUES(390,180);
INSERT INTO "pattern_index" VALUES(390,185);
INSERT INTO "pattern_index" VALUES(405,179);
INSERT INTO "pattern_index" VALUES(406,179);
INSERT INTO "pattern_index" VALUES(407,179);
INSERT INTO "pattern_index" VALUES(408,179);
INSERT INTO "pattern_index" VALUES(409,179);
INSERT INTO "pattern_index" VALUES(400,178);
INSERT INTO "pattern_index" VALUES(400,183);
INSERT INTO "pattern_index" VALUES(401,178);
INSERT INTO "pattern_index" VALUES(401,183);
INSERT INTO "pattern_index" VALUES(402,178);
INSERT INTO "pattern_index" VALUES(402,183);
INSERT INTO "pattern_index" VALUES(403,178);
INSERT INTO "pattern_index" VALUES(403,183);
INSERT INTO "pattern_index" VALUES(429,188);
INSERT INTO "pattern_index" VALUES(434,189);
INSERT INTO "pattern_index" VALUES(417,190);
INSERT INTO "pattern_index" VALUES(422,191);
INSERT INTO "pattern_index" VALUES(410,192);
INSERT INTO "pattern_index" VALUES(429,193);
INSERT INTO "pattern_index" VALUES(422,194);
INSERT INTO "pattern_index" VALUES(417,195);
INSERT INTO "pattern_index" VALUES(422,196);
INSERT INTO "pattern_index" VALUES(410,197);
INSERT INTO "pattern_index" VALUES(411,192);
INSERT INTO "pattern_index" VALUES(411,197);
INSERT INTO "pattern_index" VALUES(412,192);
INSERT INTO "pattern_index" VALUES(412,197);
INSERT INTO "pattern_index" VALUES(413,192);
INSERT INTO "pattern_index" VALUES(413,197);
INSERT INTO "pattern_index" VALUES(414,192);
INSERT INTO "pattern_index" VALUES(414,197);
INSERT INTO "pattern_index" VALUES(415,192);
INSERT INTO "pattern_index" VALUES(415,197);
INSERT INTO "pattern_index" VALUES(416,192);
INSERT INTO "pattern_index" VALUES(416,197);
INSERT INTO "pattern_index" VALUES(423,191);
INSERT INTO "pattern_index" VALUES(423,194);
INSERT INTO "pattern_index" VALUES(423,196);
INSERT INTO "pattern_index" VALUES(424,191);
INSERT INTO "pattern_index" VALUES(424,194);
INSERT INTO "pattern_index" VALUES(424,196);
INSERT INTO "pattern_index" VALUES(425,191);
INSERT INTO "pattern_index" VALUES(425,194);
INSERT INTO "pattern_index" VALUES(425,196);
INSERT INTO "pattern_index" VALUES(426,191);
INSERT INTO "pattern_index" VALUES(426,194);
INSERT INTO "pattern_index" VALUES(426,196);
INSERT INTO "pattern_index" VALUES(427,191);
INSERT INTO "pattern_index" VALUES(427,194);
INSERT INTO "pattern_index" VALUES(427,196);
INSERT INTO "pattern_index" VALUES(428,191);
INSERT INTO "pattern_index" VALUES(428,194);
INSERT INTO "pattern_index" VALUES(428,196);
INSERT INTO "pattern_index" VALUES(418,190);
INSERT INTO "pattern_index" VALUES(418,195);
INSERT INTO "pattern_index" VALUES(419,190);
INSERT INTO "pattern_index" VALUES(419,195);
INSERT INTO "pattern_index" VALUES(420,190);
INSERT INTO "pattern_index" VALUES(420,195);
INSERT INTO "pattern_index" VALUES(435,189);
INSERT INTO "pattern_index" VALUES(436,189);
INSERT INTO "pattern_index" VALUES(437,189);
INSERT INTO "pattern_index" VALUES(438,189);
INSERT INTO "pattern_index" VALUES(439,189);
INSERT INTO "pattern_index" VALUES(430,188);
INSERT INTO "pattern_index" VALUES(430,193);
INSERT INTO "pattern_index" VALUES(431,188);
INSERT INTO "pattern_index" VALUES(431,193);
INSERT INTO "pattern_index" VALUES(432,188);
INSERT INTO "pattern_index" VALUES(432,193);
INSERT INTO "pattern_index" VALUES(433,188);
INSERT INTO "pattern_index" VALUES(433,193);
INSERT INTO "pattern_index" VALUES(459,198);
INSERT INTO "pattern_index" VALUES(464,199);
INSERT INTO "pattern_index" VALUES(447,200);
INSERT INTO "pattern_index" VALUES(452,201);
INSERT INTO "pattern_index" VALUES(440,202);
INSERT INTO "pattern_index" VALUES(459,203);
INSERT INTO "pattern_index" VALUES(452,204);
INSERT INTO "pattern_index" VALUES(447,205);
INSERT INTO "pattern_index" VALUES(452,206);
INSERT INTO "pattern_index" VALUES(440,207);
INSERT INTO "pattern_index" VALUES(441,202);
INSERT INTO "pattern_index" VALUES(441,207);
INSERT INTO "pattern_index" VALUES(442,202);
INSERT INTO "pattern_index" VALUES(442,207);
INSERT INTO "pattern_index" VALUES(443,202);
INSERT INTO "pattern_index" VALUES(443,207);
INSERT INTO "pattern_index" VALUES(444,202);
INSERT INTO "pattern_index" VALUES(444,207);
INSERT INTO "pattern_index" VALUES(445,202);
INSERT INTO "pattern_index" VALUES(445,207);
INSERT INTO "pattern_index" VALUES(446,202);
INSERT INTO "pattern_index" VALUES(446,207);
INSERT INTO "pattern_index" VALUES(453,201);
INSERT INTO "pattern_index" VALUES(453,204);
INSERT INTO "pattern_index" VALUES(453,206);
INSERT INTO "pattern_index" VALUES(454,201);
INSERT INTO "pattern_index" VALUES(454,204);
INSERT INTO "pattern_index" VALUES(454,206);
INSERT INTO "pattern_index" VALUES(455,201);
INSERT INTO "pattern_index" VALUES(455,204);
INSERT INTO "pattern_index" VALUES(455,206);
INSERT INTO "pattern_index" VALUES(456,201);
INSERT INTO "pattern_index" VALUES(456,204);
INSERT INTO "pattern_index" VALUES(456,206);
INSERT INTO "pattern_index" VALUES(457,201);
INSERT INTO "pattern_index" VALUES(457,204);
INSERT INTO "pattern_index" VALUES(457,206);
INSERT INTO "pattern_index" VALUES(458,201);
INSERT INTO "pattern_index" VALUES(458,204);
INSERT INTO "pattern_index" VALUES(458,206);
INSERT INTO "pattern_index" VALUES(448,200);
INSERT INTO "pattern_index" VALUES(448,205);
INSERT INTO "pattern_index" VALUES(449,200);
INSERT INTO "pattern_index" VALUES(449,205);
INSERT INTO "pattern_index" VALUES(450,200);
INSERT INTO "pattern_index" VALUES(450,205);
INSERT INTO "pattern_index" VALUES(465,199);
INSERT INTO "pattern_index" VALUES(466,199);
INSERT INTO "pattern_index" VALUES(467,199);
INSERT INTO "pattern_index" VALUES(468,199);
INSERT INTO "pattern_index" VALUES(469,199);
INSERT INTO "pattern_index" VALUES(460,198);
INSERT INTO "pattern_index" VALUES(460,203);
INSERT INTO "pattern_index" VALUES(461,198);
INSERT INTO "pattern_index" VALUES(461,203);
INSERT INTO "pattern_index" VALUES(462,198);
INSERT INTO "pattern_index" VALUES(462,203);
INSERT INTO "pattern_index" VALUES(463,198);
INSERT INTO "pattern_index" VALUES(463,203);
INSERT INTO "pattern_index" VALUES(488,208);
INSERT INTO "pattern_index" VALUES(493,209);
INSERT INTO "pattern_index" VALUES(477,210);
INSERT INTO "pattern_index" VALUES(481,211);
INSERT INTO "pattern_index" VALUES(470,212);
INSERT INTO "pattern_index" VALUES(488,213);
INSERT INTO "pattern_index" VALUES(481,214);
INSERT INTO "pattern_index" VALUES(477,215);
INSERT INTO "pattern_index" VALUES(481,216);
INSERT INTO "pattern_index" VALUES(470,217);
INSERT INTO "pattern_index" VALUES(471,212);
INSERT INTO "pattern_index" VALUES(471,217);
INSERT INTO "pattern_index" VALUES(472,212);
INSERT INTO "pattern_index" VALUES(472,217);
INSERT INTO "pattern_index" VALUES(473,212);
INSERT INTO "pattern_index" VALUES(473,217);
INSERT INTO "pattern_index" VALUES(474,212);
INSERT INTO "pattern_index" VALUES(474,217);
INSERT INTO "pattern_index" VALUES(475,212);
INSERT INTO "pattern_index" VALUES(475,217);
INSERT INTO "pattern_index" VALUES(476,212);
INSERT INTO "pattern_index" VALUES(476,217);
INSERT INTO "pattern_index" VALUES(482,211);
INSERT INTO "pattern_index" VALUES(482,214);
INSERT INTO "pattern_index" VALUES(482,216);
INSERT INTO "pattern_index" VALUES(483,211);
INSERT INTO "pattern_index" VALUES(483,214);
INSERT INTO "pattern_index" VALUES(483,216);
INSERT INTO "pattern_index" VALUES(484,211);
INSERT INTO "pattern_index" VALUES(484,214);
INSERT INTO "pattern_index" VALUES(484,216);
INSERT INTO "pattern_index" VALUES(485,211);
INSERT INTO "pattern_index" VALUES(485,214);
INSERT INTO "pattern_index" VALUES(485,216);
INSERT INTO "pattern_index" VALUES(486,211);
INSERT INTO "pattern_index" VALUES(486,214);
INSERT INTO "pattern_index" VALUES(486,216);
INSERT INTO "pattern_index" VALUES(487,211);
INSERT INTO "pattern_index" VALUES(487,214);
INSERT INTO "pattern_index" VALUES(487,216);
INSERT INTO "pattern_index" VALUES(478,210);
INSERT INTO "pattern_index" VALUES(478,215);
INSERT INTO "pattern_index" VALUES(479,210);
INSERT INTO "pattern_index" VALUES(479,215);
INSERT INTO "pattern_index" VALUES(480,210);
INSERT INTO "pattern_index" VALUES(480,215);
INSERT INTO "pattern_index" VALUES(494,209);
INSERT INTO "pattern_index" VALUES(495,209);
INSERT INTO "pattern_index" VALUES(496,209);
INSERT INTO "pattern_index" VALUES(497,209);
INSERT INTO "pattern_index" VALUES(498,209);
INSERT INTO "pattern_index" VALUES(489,208);
INSERT INTO "pattern_index" VALUES(489,213);
INSERT INTO "pattern_index" VALUES(490,208);
INSERT INTO "pattern_index" VALUES(490,213);
INSERT INTO "pattern_index" VALUES(491,208);
INSERT INTO "pattern_index" VALUES(491,213);
INSERT INTO "pattern_index" VALUES(492,208);
INSERT INTO "pattern_index" VALUES(492,213);
INSERT INTO "pattern_index" VALUES(516,218);
INSERT INTO "pattern_index" VALUES(522,219);
INSERT INTO "pattern_index" VALUES(511,220);
INSERT INTO "pattern_index" VALUES(499,221);
INSERT INTO "pattern_index" VALUES(505,222);
INSERT INTO "pattern_index" VALUES(511,223);
INSERT INTO "pattern_index" VALUES(511,224);
INSERT INTO "pattern_index" VALUES(499,225);
INSERT INTO "pattern_index" VALUES(505,226);
INSERT INTO "pattern_index" VALUES(499,227);
INSERT INTO "pattern_index" VALUES(505,228);
INSERT INTO "pattern_index" VALUES(517,218);
INSERT INTO "pattern_index" VALUES(518,218);
INSERT INTO "pattern_index" VALUES(520,218);
INSERT INTO "pattern_index" VALUES(523,219);
INSERT INTO "pattern_index" VALUES(524,229);
INSERT INTO "pattern_index" VALUES(521,219);
INSERT INTO "pattern_index" VALUES(509,230);
INSERT INTO "pattern_index" VALUES(500,221);
INSERT INTO "pattern_index" VALUES(513,230);
INSERT INTO "pattern_index" VALUES(501,221);
INSERT INTO "pattern_index" VALUES(503,221);
INSERT INTO "pattern_index" VALUES(504,221);
INSERT INTO "pattern_index" VALUES(506,231);
INSERT INTO "pattern_index" VALUES(507,232);
INSERT INTO "pattern_index" VALUES(508,232);
INSERT INTO "pattern_index" VALUES(514,230);
INSERT INTO "pattern_index" VALUES(512,233);
INSERT INTO "pattern_index" VALUES(504,234);
INSERT INTO "pattern_index" VALUES(506,235);
INSERT INTO "pattern_index" VALUES(506,236);
INSERT INTO "pattern_index" VALUES(507,235);
INSERT INTO "pattern_index" VALUES(507,236);
INSERT INTO "pattern_index" VALUES(508,235);
INSERT INTO "pattern_index" VALUES(508,236);
INSERT INTO "pattern_index" VALUES(510,220);
INSERT INTO "pattern_index" VALUES(510,223);
INSERT INTO "pattern_index" VALUES(510,224);
INSERT INTO "pattern_index" VALUES(499,237);
INSERT INTO "pattern_index" VALUES(513,220);
INSERT INTO "pattern_index" VALUES(513,223);
INSERT INTO "pattern_index" VALUES(513,224);
INSERT INTO "pattern_index" VALUES(499,238);
INSERT INTO "pattern_index" VALUES(514,220);
INSERT INTO "pattern_index" VALUES(514,223);
INSERT INTO "pattern_index" VALUES(514,224);
INSERT INTO "pattern_index" VALUES(499,239);
INSERT INTO "pattern_index" VALUES(515,220);
INSERT INTO "pattern_index" VALUES(515,223);
INSERT INTO "pattern_index" VALUES(515,224);
INSERT INTO "pattern_index" VALUES(499,240);
INSERT INTO "pattern_index" VALUES(506,226);
INSERT INTO "pattern_index" VALUES(506,228);
INSERT INTO "pattern_index" VALUES(506,222);
INSERT INTO "pattern_index" VALUES(507,231);
INSERT INTO "pattern_index" VALUES(507,226);
INSERT INTO "pattern_index" VALUES(507,228);
INSERT INTO "pattern_index" VALUES(507,222);
INSERT INTO "pattern_index" VALUES(501,240);
INSERT INTO "pattern_index" VALUES(507,241);
INSERT INTO "pattern_index" VALUES(501,227);
INSERT INTO "pattern_index" VALUES(501,225);
INSERT INTO "pattern_index" VALUES(511,242);
INSERT INTO "pattern_index" VALUES(501,238);
INSERT INTO "pattern_index" VALUES(511,243);
INSERT INTO "pattern_index" VALUES(501,239);
INSERT INTO "pattern_index" VALUES(511,244);
INSERT INTO "pattern_index" VALUES(509,220);
INSERT INTO "pattern_index" VALUES(502,221);
INSERT INTO "pattern_index" VALUES(511,245);
INSERT INTO "pattern_index" VALUES(509,224);
INSERT INTO "pattern_index" VALUES(502,246);
INSERT INTO "pattern_index" VALUES(507,247);
INSERT INTO "pattern_index" VALUES(502,227);
INSERT INTO "pattern_index" VALUES(509,223);
INSERT INTO "pattern_index" VALUES(511,248);
INSERT INTO "pattern_index" VALUES(502,237);
INSERT INTO "pattern_index" VALUES(542,249);
INSERT INTO "pattern_index" VALUES(548,250);
INSERT INTO "pattern_index" VALUES(537,251);
INSERT INTO "pattern_index" VALUES(525,252);
INSERT INTO "pattern_index" VALUES(531,253);
INSERT INTO "pattern_index" VALUES(537,254);
INSERT INTO "pattern_index" VALUES(537,255);
INSERT INTO "pattern_index" VALUES(525,256);
INSERT INTO "pattern_index" VALUES(531,257);
INSERT INTO "pattern_index" VALUES(525,258);
INSERT INTO "pattern_index" VALUES(531,259);
INSERT INTO "pattern_index" VALUES(543,249);
INSERT INTO "pattern_index" VALUES(544,249);
INSERT INTO "pattern_index" VALUES(546,249);
INSERT INTO "pattern_index" VALUES(549,250);
INSERT INTO "pattern_index" VALUES(550,260);
INSERT INTO "pattern_index" VALUES(547,250);
INSERT INTO "pattern_index" VALUES(535,261);
INSERT INTO "pattern_index" VALUES(526,252);
INSERT INTO "pattern_index" VALUES(539,261);
INSERT INTO "pattern_index" VALUES(527,252);
INSERT INTO "pattern_index" VALUES(529,252);
INSERT INTO "pattern_index" VALUES(530,252);
INSERT INTO "pattern_index" VALUES(532,262);
INSERT INTO "pattern_index" VALUES(533,263);
INSERT INTO "pattern_index" VALUES(534,263);
INSERT INTO "pattern_index" VALUES(540,261);
INSERT INTO "pattern_index" VALUES(538,264);
INSERT INTO "pattern_index" VALUES(530,265);
INSERT INTO "pattern_index" VALUES(532,266);
INSERT INTO "pattern_index" VALUES(532,267);
INSERT INTO "pattern_index" VALUES(533,266);
INSERT INTO "pattern_index" VALUES(533,267);
INSERT INTO "pattern_index" VALUES(534,266);
INSERT INTO "pattern_index" VALUES(534,267);
INSERT INTO "pattern_index" VALUES(536,251);
INSERT INTO "pattern_index" VALUES(536,254);
INSERT INTO "pattern_index" VALUES(536,255);
INSERT INTO "pattern_index" VALUES(525,268);
INSERT INTO "pattern_index" VALUES(539,251);
INSERT INTO "pattern_index" VALUES(539,254);
INSERT INTO "pattern_index" VALUES(539,255);
INSERT INTO "pattern_index" VALUES(525,269);
INSERT INTO "pattern_index" VALUES(540,251);
INSERT INTO "pattern_index" VALUES(540,254);
INSERT INTO "pattern_index" VALUES(540,255);
INSERT INTO "pattern_index" VALUES(525,270);
INSERT INTO "pattern_index" VALUES(541,251);
INSERT INTO "pattern_index" VALUES(541,254);
INSERT INTO "pattern_index" VALUES(541,255);
INSERT INTO "pattern_index" VALUES(525,271);
INSERT INTO "pattern_index" VALUES(532,257);
INSERT INTO "pattern_index" VALUES(532,259);
INSERT INTO "pattern_index" VALUES(532,253);
INSERT INTO "pattern_index" VALUES(533,262);
INSERT INTO "pattern_index" VALUES(533,257);
INSERT INTO "pattern_index" VALUES(533,259);
INSERT INTO "pattern_index" VALUES(533,253);
INSERT INTO "pattern_index" VALUES(527,271);
INSERT INTO "pattern_index" VALUES(533,272);
INSERT INTO "pattern_index" VALUES(527,258);
INSERT INTO "pattern_index" VALUES(527,256);
INSERT INTO "pattern_index" VALUES(537,273);
INSERT INTO "pattern_index" VALUES(527,269);
INSERT INTO "pattern_index" VALUES(537,274);
INSERT INTO "pattern_index" VALUES(527,270);
INSERT INTO "pattern_index" VALUES(537,275);
INSERT INTO "pattern_index" VALUES(535,251);
INSERT INTO "pattern_index" VALUES(528,252);
INSERT INTO "pattern_index" VALUES(537,276);
INSERT INTO "pattern_index" VALUES(535,255);
INSERT INTO "pattern_index" VALUES(528,277);
INSERT INTO "pattern_index" VALUES(533,278);
INSERT INTO "pattern_index" VALUES(528,258);
INSERT INTO "pattern_index" VALUES(535,254);
INSERT INTO "pattern_index" VALUES(537,279);
INSERT INTO "pattern_index" VALUES(528,268);
INSERT INTO "pattern_index" VALUES(568,280);
INSERT INTO "pattern_index" VALUES(574,281);
INSERT INTO "pattern_index" VALUES(563,282);
INSERT INTO "pattern_index" VALUES(551,283);
INSERT INTO "pattern_index" VALUES(557,284);
INSERT INTO "pattern_index" VALUES(563,285);
INSERT INTO "pattern_index" VALUES(563,286);
INSERT INTO "pattern_index" VALUES(551,287);
INSERT INTO "pattern_index" VALUES(557,288);
INSERT INTO "pattern_index" VALUES(551,289);
INSERT INTO "pattern_index" VALUES(557,290);
INSERT INTO "pattern_index" VALUES(569,280);
INSERT INTO "pattern_index" VALUES(570,280);
INSERT INTO "pattern_index" VALUES(572,280);
INSERT INTO "pattern_index" VALUES(575,281);
INSERT INTO "pattern_index" VALUES(576,291);
INSERT INTO "pattern_index" VALUES(573,281);
INSERT INTO "pattern_index" VALUES(561,292);
INSERT INTO "pattern_index" VALUES(552,283);
INSERT INTO "pattern_index" VALUES(565,292);
INSERT INTO "pattern_index" VALUES(553,283);
INSERT INTO "pattern_index" VALUES(555,283);
INSERT INTO "pattern_index" VALUES(556,283);
INSERT INTO "pattern_index" VALUES(558,293);
INSERT INTO "pattern_index" VALUES(559,294);
INSERT INTO "pattern_index" VALUES(560,294);
INSERT INTO "pattern_index" VALUES(566,292);
INSERT INTO "pattern_index" VALUES(564,295);
INSERT INTO "pattern_index" VALUES(556,296);
INSERT INTO "pattern_index" VALUES(558,297);
INSERT INTO "pattern_index" VALUES(558,298);
INSERT INTO "pattern_index" VALUES(559,297);
INSERT INTO "pattern_index" VALUES(559,298);
INSERT INTO "pattern_index" VALUES(560,297);
INSERT INTO "pattern_index" VALUES(560,298);
INSERT INTO "pattern_index" VALUES(562,282);
INSERT INTO "pattern_index" VALUES(562,285);
INSERT INTO "pattern_index" VALUES(562,286);
INSERT INTO "pattern_index" VALUES(551,299);
INSERT INTO "pattern_index" VALUES(565,282);
INSERT INTO "pattern_index" VALUES(565,285);
INSERT INTO "pattern_index" VALUES(565,286);
INSERT INTO "pattern_index" VALUES(551,300);
INSERT INTO "pattern_index" VALUES(566,282);
INSERT INTO "pattern_index" VALUES(566,285);
INSERT INTO "pattern_index" VALUES(566,286);
INSERT INTO "pattern_index" VALUES(551,301);
INSERT INTO "pattern_index" VALUES(567,282);
INSERT INTO "pattern_index" VALUES(567,285);
INSERT INTO "pattern_index" VALUES(567,286);
INSERT INTO "pattern_index" VALUES(551,302);
INSERT INTO "pattern_index" VALUES(558,288);
INSERT INTO "pattern_index" VALUES(558,290);
INSERT INTO "pattern_index" VALUES(558,284);
INSERT INTO "pattern_index" VALUES(559,293);
INSERT INTO "pattern_index" VALUES(559,288);
INSERT INTO "pattern_index" VALUES(559,290);
INSERT INTO "pattern_index" VALUES(559,284);
INSERT INTO "pattern_index" VALUES(553,302);
INSERT INTO "pattern_index" VALUES(559,303);
INSERT INTO "pattern_index" VALUES(553,289);
INSERT INTO "pattern_index" VALUES(553,287);
INSERT INTO "pattern_index" VALUES(563,304);
INSERT INTO "pattern_index" VALUES(553,300);
INSERT INTO "pattern_index" VALUES(563,305);
INSERT INTO "pattern_index" VALUES(553,301);
INSERT INTO "pattern_index" VALUES(563,306);
INSERT INTO "pattern_index" VALUES(561,282);
INSERT INTO "pattern_index" VALUES(554,283);
INSERT INTO "pattern_index" VALUES(563,307);
INSERT INTO "pattern_index" VALUES(561,286);
INSERT INTO "pattern_index" VALUES(554,308);
INSERT INTO "pattern_index" VALUES(559,309);
INSERT INTO "pattern_index" VALUES(554,289);
INSERT INTO "pattern_index" VALUES(561,285);
INSERT INTO "pattern_index" VALUES(563,310);
INSERT INTO "pattern_index" VALUES(554,299);
INSERT INTO "pattern_index" VALUES(594,311);
INSERT INTO "pattern_index" VALUES(600,312);
INSERT INTO "pattern_index" VALUES(589,313);
INSERT INTO "pattern_index" VALUES(577,314);
INSERT INTO "pattern_index" VALUES(583,315);
INSERT INTO "pattern_index" VALUES(589,316);
INSERT INTO "pattern_index" VALUES(589,317);
INSERT INTO "pattern_index" VALUES(577,318);
INSERT INTO "pattern_index" VALUES(583,319);
INSERT INTO "pattern_index" VALUES(577,320);
INSERT INTO "pattern_index" VALUES(583,321);
INSERT INTO "pattern_index" VALUES(595,311);
INSERT INTO "pattern_index" VALUES(596,311);
INSERT INTO "pattern_index" VALUES(598,311);
INSERT INTO "pattern_index" VALUES(601,312);
INSERT INTO "pattern_index" VALUES(602,322);
INSERT INTO "pattern_index" VALUES(599,312);
INSERT INTO "pattern_index" VALUES(587,323);
INSERT INTO "pattern_index" VALUES(578,314);
INSERT INTO "pattern_index" VALUES(591,323);
INSERT INTO "pattern_index" VALUES(579,314);
INSERT INTO "pattern_index" VALUES(581,314);
INSERT INTO "pattern_index" VALUES(582,314);
INSERT INTO "pattern_index" VALUES(584,324);
INSERT INTO "pattern_index" VALUES(585,325);
INSERT INTO "pattern_index" VALUES(586,325);
INSERT INTO "pattern_index" VALUES(592,323);
INSERT INTO "pattern_index" VALUES(590,326);
INSERT INTO "pattern_index" VALUES(582,327);
INSERT INTO "pattern_index" VALUES(584,328);
INSERT INTO "pattern_index" VALUES(584,329);
INSERT INTO "pattern_index" VALUES(585,328);
INSERT INTO "pattern_index" VALUES(585,329);
INSERT INTO "pattern_index" VALUES(586,328);
INSERT INTO "pattern_index" VALUES(586,329);
INSERT INTO "pattern_index" VALUES(588,313);
INSERT INTO "pattern_index" VALUES(588,316);
INSERT INTO "pattern_index" VALUES(588,317);
INSERT INTO "pattern_index" VALUES(577,330);
INSERT INTO "pattern_index" VALUES(591,313);
INSERT INTO "pattern_index" VALUES(591,316);
INSERT INTO "pattern_index" VALUES(591,317);
INSERT INTO "pattern_index" VALUES(577,331);
INSERT INTO "pattern_index" VALUES(592,313);
INSERT INTO "pattern_index" VALUES(592,316);
INSERT INTO "pattern_index" VALUES(592,317);
INSERT INTO "pattern_index" VALUES(577,332);
INSERT INTO "pattern_index" VALUES(593,313);
INSERT INTO "pattern_index" VALUES(593,316);
INSERT INTO "pattern_index" VALUES(593,317);
INSERT INTO "pattern_index" VALUES(577,333);
INSERT INTO "pattern_index" VALUES(584,319);
INSERT INTO "pattern_index" VALUES(584,321);
INSERT INTO "pattern_index" VALUES(584,315);
INSERT INTO "pattern_index" VALUES(585,324);
INSERT INTO "pattern_index" VALUES(585,319);
INSERT INTO "pattern_index" VALUES(585,321);
INSERT INTO "pattern_index" VALUES(585,315);
INSERT INTO "pattern_index" VALUES(579,333);
INSERT INTO "pattern_index" VALUES(585,334);
INSERT INTO "pattern_index" VALUES(579,320);
INSERT INTO "pattern_index" VALUES(579,318);
INSERT INTO "pattern_index" VALUES(589,335);
INSERT INTO "pattern_index" VALUES(579,331);
INSERT INTO "pattern_index" VALUES(589,336);
INSERT INTO "pattern_index" VALUES(579,332);
INSERT INTO "pattern_index" VALUES(589,337);
INSERT INTO "pattern_index" VALUES(587,313);
INSERT INTO "pattern_index" VALUES(580,314);
INSERT INTO "pattern_index" VALUES(589,338);
INSERT INTO "pattern_index" VALUES(587,317);
INSERT INTO "pattern_index" VALUES(580,339);
INSERT INTO "pattern_index" VALUES(585,340);
INSERT INTO "pattern_index" VALUES(580,320);
INSERT INTO "pattern_index" VALUES(587,316);
INSERT INTO "pattern_index" VALUES(589,341);
INSERT INTO "pattern_index" VALUES(580,330);
INSERT INTO "pattern_index" VALUES(620,342);
INSERT INTO "pattern_index" VALUES(626,343);
INSERT INTO "pattern_index" VALUES(615,344);
INSERT INTO "pattern_index" VALUES(603,345);
INSERT INTO "pattern_index" VALUES(609,346);
INSERT INTO "pattern_index" VALUES(615,347);
INSERT INTO "pattern_index" VALUES(615,348);
INSERT INTO "pattern_index" VALUES(603,349);
INSERT INTO "pattern_index" VALUES(609,350);
INSERT INTO "pattern_index" VALUES(603,351);
INSERT INTO "pattern_index" VALUES(609,352);
INSERT INTO "pattern_index" VALUES(621,342);
INSERT INTO "pattern_index" VALUES(622,342);
INSERT INTO "pattern_index" VALUES(624,342);
INSERT INTO "pattern_index" VALUES(627,343);
INSERT INTO "pattern_index" VALUES(628,353);
INSERT INTO "pattern_index" VALUES(625,343);
INSERT INTO "pattern_index" VALUES(613,354);
INSERT INTO "pattern_index" VALUES(604,345);
INSERT INTO "pattern_index" VALUES(617,354);
INSERT INTO "pattern_index" VALUES(605,345);
INSERT INTO "pattern_index" VALUES(607,345);
INSERT INTO "pattern_index" VALUES(608,345);
INSERT INTO "pattern_index" VALUES(610,346);
INSERT INTO "pattern_index" VALUES(611,355);
INSERT INTO "pattern_index" VALUES(612,355);
INSERT INTO "pattern_index" VALUES(618,354);
INSERT INTO "pattern_index" VALUES(616,356);
INSERT INTO "pattern_index" VALUES(608,357);
INSERT INTO "pattern_index" VALUES(610,358);
INSERT INTO "pattern_index" VALUES(610,359);
INSERT INTO "pattern_index" VALUES(611,358);
INSERT INTO "pattern_index" VALUES(611,359);
INSERT INTO "pattern_index" VALUES(612,358);
INSERT INTO "pattern_index" VALUES(612,359);
INSERT INTO "pattern_index" VALUES(614,344);
INSERT INTO "pattern_index" VALUES(614,347);
INSERT INTO "pattern_index" VALUES(614,348);
INSERT INTO "pattern_index" VALUES(603,360);
INSERT INTO "pattern_index" VALUES(617,344);
INSERT INTO "pattern_index" VALUES(617,347);
INSERT INTO "pattern_index" VALUES(617,348);
INSERT INTO "pattern_index" VALUES(603,361);
INSERT INTO "pattern_index" VALUES(618,344);
INSERT INTO "pattern_index" VALUES(618,347);
INSERT INTO "pattern_index" VALUES(618,348);
INSERT INTO "pattern_index" VALUES(603,362);
INSERT INTO "pattern_index" VALUES(619,344);
INSERT INTO "pattern_index" VALUES(619,347);
INSERT INTO "pattern_index" VALUES(619,348);
INSERT INTO "pattern_index" VALUES(603,363);
INSERT INTO "pattern_index" VALUES(610,350);
INSERT INTO "pattern_index" VALUES(610,352);
INSERT INTO "pattern_index" VALUES(611,346);
INSERT INTO "pattern_index" VALUES(611,350);
INSERT INTO "pattern_index" VALUES(611,352);
INSERT INTO "pattern_index" VALUES(605,363);
INSERT INTO "pattern_index" VALUES(611,364);
INSERT INTO "pattern_index" VALUES(605,351);
INSERT INTO "pattern_index" VALUES(605,349);
INSERT INTO "pattern_index" VALUES(615,365);
INSERT INTO "pattern_index" VALUES(605,361);
INSERT INTO "pattern_index" VALUES(615,366);
INSERT INTO "pattern_index" VALUES(605,362);
INSERT INTO "pattern_index" VALUES(615,367);
INSERT INTO "pattern_index" VALUES(613,344);
INSERT INTO "pattern_index" VALUES(606,345);
INSERT INTO "pattern_index" VALUES(615,368);
INSERT INTO "pattern_index" VALUES(613,348);
INSERT INTO "pattern_index" VALUES(606,369);
INSERT INTO "pattern_index" VALUES(611,370);
INSERT INTO "pattern_index" VALUES(606,351);
INSERT INTO "pattern_index" VALUES(613,347);
INSERT INTO "pattern_index" VALUES(615,371);
INSERT INTO "pattern_index" VALUES(606,360);
INSERT INTO "pattern_index" VALUES(357,372);
INSERT INTO "pattern_index" VALUES(350,373);
INSERT INTO "pattern_index" VALUES(351,373);
INSERT INTO "pattern_index" VALUES(354,374);
INSERT INTO "pattern_index" VALUES(355,373);
INSERT INTO "pattern_index" VALUES(356,374);
INSERT INTO "pattern_index" VALUES(350,375);
INSERT INTO "pattern_index" VALUES(352,374);
INSERT INTO "pattern_index" VALUES(353,374);
INSERT INTO "pattern_index" VALUES(356,373);
INSERT INTO "pattern_index" VALUES(353,373);
INSERT INTO "pattern_index" VALUES(354,373);
INSERT INTO "pattern_index" VALUES(358,372);
INSERT INTO "pattern_index" VALUES(352,373);
INSERT INTO "pattern_index" VALUES(355,374);
INSERT INTO "pattern_index" VALUES(359,372);
INSERT INTO "pattern_index" VALUES(360,372);
INSERT INTO "pattern_index" VALUES(361,372);
INSERT INTO "pattern_index" VALUES(387,376);
INSERT INTO "pattern_index" VALUES(392,377);
INSERT INTO "pattern_index" VALUES(380,378);
INSERT INTO "pattern_index" VALUES(381,378);
INSERT INTO "pattern_index" VALUES(382,378);
INSERT INTO "pattern_index" VALUES(383,378);
INSERT INTO "pattern_index" VALUES(384,378);
INSERT INTO "pattern_index" VALUES(385,378);
INSERT INTO "pattern_index" VALUES(386,378);
INSERT INTO "pattern_index" VALUES(393,377);
INSERT INTO "pattern_index" VALUES(394,377);
INSERT INTO "pattern_index" VALUES(395,377);
INSERT INTO "pattern_index" VALUES(396,377);
INSERT INTO "pattern_index" VALUES(397,377);
INSERT INTO "pattern_index" VALUES(398,377);
INSERT INTO "pattern_index" VALUES(388,376);
INSERT INTO "pattern_index" VALUES(389,376);
INSERT INTO "pattern_index" VALUES(390,376);
INSERT INTO "pattern_index" VALUES(417,379);
INSERT INTO "pattern_index" VALUES(422,380);
INSERT INTO "pattern_index" VALUES(410,381);
INSERT INTO "pattern_index" VALUES(411,381);
INSERT INTO "pattern_index" VALUES(412,381);
INSERT INTO "pattern_index" VALUES(413,381);
INSERT INTO "pattern_index" VALUES(414,381);
INSERT INTO "pattern_index" VALUES(415,381);
INSERT INTO "pattern_index" VALUES(416,381);
INSERT INTO "pattern_index" VALUES(423,380);
INSERT INTO "pattern_index" VALUES(424,380);
INSERT INTO "pattern_index" VALUES(425,380);
INSERT INTO "pattern_index" VALUES(426,380);
INSERT INTO "pattern_index" VALUES(427,380);
INSERT INTO "pattern_index" VALUES(428,380);
INSERT INTO "pattern_index" VALUES(418,379);
INSERT INTO "pattern_index" VALUES(419,379);
INSERT INTO "pattern_index" VALUES(420,379);
INSERT INTO "pattern_index" VALUES(447,382);
INSERT INTO "pattern_index" VALUES(452,383);
INSERT INTO "pattern_index" VALUES(440,384);
INSERT INTO "pattern_index" VALUES(441,384);
INSERT INTO "pattern_index" VALUES(442,384);
INSERT INTO "pattern_index" VALUES(443,384);
INSERT INTO "pattern_index" VALUES(444,384);
INSERT INTO "pattern_index" VALUES(445,384);
INSERT INTO "pattern_index" VALUES(446,384);
INSERT INTO "pattern_index" VALUES(453,383);
INSERT INTO "pattern_index" VALUES(454,383);
INSERT INTO "pattern_index" VALUES(455,383);
INSERT INTO "pattern_index" VALUES(456,383);
INSERT INTO "pattern_index" VALUES(457,383);
INSERT INTO "pattern_index" VALUES(458,383);
INSERT INTO "pattern_index" VALUES(448,382);
INSERT INTO "pattern_index" VALUES(449,382);
INSERT INTO "pattern_index" VALUES(450,382);
INSERT INTO "pattern_index" VALUES(477,385);
INSERT INTO "pattern_index" VALUES(481,386);
INSERT INTO "pattern_index" VALUES(470,387);
INSERT INTO "pattern_index" VALUES(471,387);
INSERT INTO "pattern_index" VALUES(472,387);
INSERT INTO "pattern_index" VALUES(473,387);
INSERT INTO "pattern_index" VALUES(474,387);
INSERT INTO "pattern_index" VALUES(475,387);
INSERT INTO "pattern_index" VALUES(476,387);
INSERT INTO "pattern_index" VALUES(482,386);
INSERT INTO "pattern_index" VALUES(483,386);
INSERT INTO "pattern_index" VALUES(484,386);
INSERT INTO "pattern_index" VALUES(485,386);
INSERT INTO "pattern_index" VALUES(486,386);
INSERT INTO "pattern_index" VALUES(487,386);
INSERT INTO "pattern_index" VALUES(478,385);
INSERT INTO "pattern_index" VALUES(479,385);
INSERT INTO "pattern_index" VALUES(480,385);
CREATE TABLE `pattern_link` (            `sentencePatternNo` INTEGER NOT NULL,            `nextPattern` varchar(255) NOT NULL,            `punctuationMark` INTEGER NOT NULL,            PRIMARY KEY (`sentencePatternNo`,`nextPattern`,`punctuationMark`),            FOREIGN KEY (`sentencePatternNo`) REFERENCES `sentence_pattern` (`sentencePatternNo`)        );
INSERT INTO "pattern_link" VALUES(1,'10',1);
INSERT INTO "pattern_link" VALUES(1,'12',1);
INSERT INTO "pattern_link" VALUES(1,'14',1);
INSERT INTO "pattern_link" VALUES(1,'29',1);
INSERT INTO "pattern_link" VALUES(1,'30',1);
INSERT INTO "pattern_link" VALUES(1,'31',1);
INSERT INTO "pattern_link" VALUES(1,'32',1);
INSERT INTO "pattern_link" VALUES(1,'7',1);
INSERT INTO "pattern_link" VALUES(1,'8',1);
INSERT INTO "pattern_link" VALUES(1,'9',1);
INSERT INTO "pattern_link" VALUES(2,'10',1);
INSERT INTO "pattern_link" VALUES(2,'12',1);
INSERT INTO "pattern_link" VALUES(2,'14',1);
INSERT INTO "pattern_link" VALUES(2,'29',1);
INSERT INTO "pattern_link" VALUES(2,'30',1);
INSERT INTO "pattern_link" VALUES(2,'31',1);
INSERT INTO "pattern_link" VALUES(2,'32',1);
INSERT INTO "pattern_link" VALUES(2,'7',1);
INSERT INTO "pattern_link" VALUES(2,'8',1);
INSERT INTO "pattern_link" VALUES(2,'9',1);
INSERT INTO "pattern_link" VALUES(3,'10',1);
INSERT INTO "pattern_link" VALUES(3,'12',1);
INSERT INTO "pattern_link" VALUES(3,'14',1);
INSERT INTO "pattern_link" VALUES(3,'29',1);
INSERT INTO "pattern_link" VALUES(3,'30',1);
INSERT INTO "pattern_link" VALUES(3,'31',1);
INSERT INTO "pattern_link" VALUES(3,'32',1);
INSERT INTO "pattern_link" VALUES(3,'7',1);
INSERT INTO "pattern_link" VALUES(3,'8',1);
INSERT INTO "pattern_link" VALUES(3,'9',1);
INSERT INTO "pattern_link" VALUES(4,'10',1);
INSERT INTO "pattern_link" VALUES(4,'12',1);
INSERT INTO "pattern_link" VALUES(4,'14',1);
INSERT INTO "pattern_link" VALUES(4,'29',1);
INSERT INTO "pattern_link" VALUES(4,'30',1);
INSERT INTO "pattern_link" VALUES(4,'31',1);
INSERT INTO "pattern_link" VALUES(4,'32',1);
INSERT INTO "pattern_link" VALUES(4,'7',1);
INSERT INTO "pattern_link" VALUES(4,'8',1);
INSERT INTO "pattern_link" VALUES(4,'9',1);
INSERT INTO "pattern_link" VALUES(5,'1',1);
INSERT INTO "pattern_link" VALUES(5,'15',1);
INSERT INTO "pattern_link" VALUES(5,'16',1);
INSERT INTO "pattern_link" VALUES(5,'17',1);
INSERT INTO "pattern_link" VALUES(5,'18',1);
INSERT INTO "pattern_link" VALUES(5,'2',1);
INSERT INTO "pattern_link" VALUES(5,'3',1);
INSERT INTO "pattern_link" VALUES(5,'4',1);
INSERT INTO "pattern_link" VALUES(6,'1',1);
INSERT INTO "pattern_link" VALUES(6,'15',1);
INSERT INTO "pattern_link" VALUES(6,'16',1);
INSERT INTO "pattern_link" VALUES(6,'17',1);
INSERT INTO "pattern_link" VALUES(6,'18',1);
INSERT INTO "pattern_link" VALUES(6,'2',1);
INSERT INTO "pattern_link" VALUES(6,'3',1);
INSERT INTO "pattern_link" VALUES(6,'4',1);
INSERT INTO "pattern_link" VALUES(7,'1',1);
INSERT INTO "pattern_link" VALUES(7,'15',1);
INSERT INTO "pattern_link" VALUES(7,'16',1);
INSERT INTO "pattern_link" VALUES(7,'17',1);
INSERT INTO "pattern_link" VALUES(7,'18',1);
INSERT INTO "pattern_link" VALUES(7,'2',1);
INSERT INTO "pattern_link" VALUES(7,'3',1);
INSERT INTO "pattern_link" VALUES(7,'4',1);
INSERT INTO "pattern_link" VALUES(8,'1',1);
INSERT INTO "pattern_link" VALUES(8,'15',1);
INSERT INTO "pattern_link" VALUES(8,'16',1);
INSERT INTO "pattern_link" VALUES(8,'17',1);
INSERT INTO "pattern_link" VALUES(8,'18',1);
INSERT INTO "pattern_link" VALUES(8,'2',1);
INSERT INTO "pattern_link" VALUES(8,'3',1);
INSERT INTO "pattern_link" VALUES(8,'4',1);
INSERT INTO "pattern_link" VALUES(9,'1',1);
INSERT INTO "pattern_link" VALUES(9,'15',1);
INSERT INTO "pattern_link" VALUES(9,'16',1);
INSERT INTO "pattern_link" VALUES(9,'17',1);
INSERT INTO "pattern_link" VALUES(9,'18',1);
INSERT INTO "pattern_link" VALUES(9,'2',1);
INSERT INTO "pattern_link" VALUES(9,'3',1);
INSERT INTO "pattern_link" VALUES(9,'4',1);
INSERT INTO "pattern_link" VALUES(10,'1',1);
INSERT INTO "pattern_link" VALUES(10,'15',1);
INSERT INTO "pattern_link" VALUES(10,'16',1);
INSERT INTO "pattern_link" VALUES(10,'17',1);
INSERT INTO "pattern_link" VALUES(10,'18',1);
INSERT INTO "pattern_link" VALUES(10,'2',1);
INSERT INTO "pattern_link" VALUES(10,'3',1);
INSERT INTO "pattern_link" VALUES(10,'4',1);
INSERT INTO "pattern_link" VALUES(11,'1',1);
INSERT INTO "pattern_link" VALUES(11,'15',1);
INSERT INTO "pattern_link" VALUES(11,'16',1);
INSERT INTO "pattern_link" VALUES(11,'17',1);
INSERT INTO "pattern_link" VALUES(11,'18',1);
INSERT INTO "pattern_link" VALUES(11,'2',1);
INSERT INTO "pattern_link" VALUES(11,'3',1);
INSERT INTO "pattern_link" VALUES(11,'4',1);
INSERT INTO "pattern_link" VALUES(12,'1',1);
INSERT INTO "pattern_link" VALUES(12,'15',1);
INSERT INTO "pattern_link" VALUES(12,'16',1);
INSERT INTO "pattern_link" VALUES(12,'17',1);
INSERT INTO "pattern_link" VALUES(12,'18',1);
INSERT INTO "pattern_link" VALUES(12,'2',1);
INSERT INTO "pattern_link" VALUES(12,'3',1);
INSERT INTO "pattern_link" VALUES(12,'4',1);
INSERT INTO "pattern_link" VALUES(13,'1',1);
INSERT INTO "pattern_link" VALUES(13,'15',1);
INSERT INTO "pattern_link" VALUES(13,'16',1);
INSERT INTO "pattern_link" VALUES(13,'17',1);
INSERT INTO "pattern_link" VALUES(13,'18',1);
INSERT INTO "pattern_link" VALUES(13,'2',1);
INSERT INTO "pattern_link" VALUES(13,'3',1);
INSERT INTO "pattern_link" VALUES(13,'4',1);
INSERT INTO "pattern_link" VALUES(14,'1',1);
INSERT INTO "pattern_link" VALUES(14,'15',1);
INSERT INTO "pattern_link" VALUES(14,'16',1);
INSERT INTO "pattern_link" VALUES(14,'17',1);
INSERT INTO "pattern_link" VALUES(14,'18',1);
INSERT INTO "pattern_link" VALUES(14,'2',1);
INSERT INTO "pattern_link" VALUES(14,'3',1);
INSERT INTO "pattern_link" VALUES(14,'4',1);
INSERT INTO "pattern_link" VALUES(15,'1',1);
INSERT INTO "pattern_link" VALUES(15,'1',0);
INSERT INTO "pattern_link" VALUES(15,'10',1);
INSERT INTO "pattern_link" VALUES(15,'11',1);
INSERT INTO "pattern_link" VALUES(15,'12',1);
INSERT INTO "pattern_link" VALUES(15,'13',1);
INSERT INTO "pattern_link" VALUES(15,'14',1);
INSERT INTO "pattern_link" VALUES(15,'2',1);
INSERT INTO "pattern_link" VALUES(15,'3',1);
INSERT INTO "pattern_link" VALUES(15,'4',1);
INSERT INTO "pattern_link" VALUES(15,'2',0);
INSERT INTO "pattern_link" VALUES(15,'3',0);
INSERT INTO "pattern_link" VALUES(15,'4',0);
INSERT INTO "pattern_link" VALUES(15,'5',1);
INSERT INTO "pattern_link" VALUES(15,'6',1);
INSERT INTO "pattern_link" VALUES(15,'7',1);
INSERT INTO "pattern_link" VALUES(15,'8',1);
INSERT INTO "pattern_link" VALUES(15,'9',1);
INSERT INTO "pattern_link" VALUES(16,'1',1);
INSERT INTO "pattern_link" VALUES(16,'1',0);
INSERT INTO "pattern_link" VALUES(16,'10',1);
INSERT INTO "pattern_link" VALUES(16,'11',1);
INSERT INTO "pattern_link" VALUES(16,'12',1);
INSERT INTO "pattern_link" VALUES(16,'13',1);
INSERT INTO "pattern_link" VALUES(16,'14',1);
INSERT INTO "pattern_link" VALUES(16,'2',1);
INSERT INTO "pattern_link" VALUES(16,'3',1);
INSERT INTO "pattern_link" VALUES(16,'4',1);
INSERT INTO "pattern_link" VALUES(16,'2',0);
INSERT INTO "pattern_link" VALUES(16,'3',0);
INSERT INTO "pattern_link" VALUES(16,'4',0);
INSERT INTO "pattern_link" VALUES(16,'5',1);
INSERT INTO "pattern_link" VALUES(16,'6',1);
INSERT INTO "pattern_link" VALUES(16,'7',1);
INSERT INTO "pattern_link" VALUES(16,'8',1);
INSERT INTO "pattern_link" VALUES(16,'9',1);
INSERT INTO "pattern_link" VALUES(17,'1',1);
INSERT INTO "pattern_link" VALUES(17,'1',0);
INSERT INTO "pattern_link" VALUES(17,'10',1);
INSERT INTO "pattern_link" VALUES(17,'11',1);
INSERT INTO "pattern_link" VALUES(17,'12',1);
INSERT INTO "pattern_link" VALUES(17,'13',1);
INSERT INTO "pattern_link" VALUES(17,'14',1);
INSERT INTO "pattern_link" VALUES(17,'2',1);
INSERT INTO "pattern_link" VALUES(17,'3',1);
INSERT INTO "pattern_link" VALUES(17,'4',1);
INSERT INTO "pattern_link" VALUES(17,'2',0);
INSERT INTO "pattern_link" VALUES(17,'3',0);
INSERT INTO "pattern_link" VALUES(17,'4',0);
INSERT INTO "pattern_link" VALUES(17,'5',1);
INSERT INTO "pattern_link" VALUES(17,'6',1);
INSERT INTO "pattern_link" VALUES(17,'7',1);
INSERT INTO "pattern_link" VALUES(17,'8',1);
INSERT INTO "pattern_link" VALUES(17,'9',1);
INSERT INTO "pattern_link" VALUES(18,'1',1);
INSERT INTO "pattern_link" VALUES(18,'1',0);
INSERT INTO "pattern_link" VALUES(18,'10',1);
INSERT INTO "pattern_link" VALUES(18,'11',1);
INSERT INTO "pattern_link" VALUES(18,'12',1);
INSERT INTO "pattern_link" VALUES(18,'13',1);
INSERT INTO "pattern_link" VALUES(18,'14',1);
INSERT INTO "pattern_link" VALUES(18,'2',1);
INSERT INTO "pattern_link" VALUES(18,'3',1);
INSERT INTO "pattern_link" VALUES(18,'4',1);
INSERT INTO "pattern_link" VALUES(18,'2',0);
INSERT INTO "pattern_link" VALUES(18,'3',0);
INSERT INTO "pattern_link" VALUES(18,'4',0);
INSERT INTO "pattern_link" VALUES(18,'5',1);
INSERT INTO "pattern_link" VALUES(18,'6',1);
INSERT INTO "pattern_link" VALUES(18,'7',1);
INSERT INTO "pattern_link" VALUES(18,'8',1);
INSERT INTO "pattern_link" VALUES(18,'9',1);
INSERT INTO "pattern_link" VALUES(19,'1',1);
INSERT INTO "pattern_link" VALUES(19,'10',1);
INSERT INTO "pattern_link" VALUES(19,'11',1);
INSERT INTO "pattern_link" VALUES(19,'13',1);
INSERT INTO "pattern_link" VALUES(19,'14',1);
INSERT INTO "pattern_link" VALUES(19,'15',1);
INSERT INTO "pattern_link" VALUES(19,'16',1);
INSERT INTO "pattern_link" VALUES(19,'17',1);
INSERT INTO "pattern_link" VALUES(19,'18',1);
INSERT INTO "pattern_link" VALUES(19,'2',1);
INSERT INTO "pattern_link" VALUES(19,'23',1);
INSERT INTO "pattern_link" VALUES(19,'25',1);
INSERT INTO "pattern_link" VALUES(19,'26',1);
INSERT INTO "pattern_link" VALUES(19,'27',1);
INSERT INTO "pattern_link" VALUES(19,'28',1);
INSERT INTO "pattern_link" VALUES(19,'3',1);
INSERT INTO "pattern_link" VALUES(19,'4',1);
INSERT INTO "pattern_link" VALUES(19,'5',1);
INSERT INTO "pattern_link" VALUES(19,'7',1);
INSERT INTO "pattern_link" VALUES(19,'8',1);
INSERT INTO "pattern_link" VALUES(19,'9',1);
INSERT INTO "pattern_link" VALUES(19,'1',0);
INSERT INTO "pattern_link" VALUES(19,'10',0);
INSERT INTO "pattern_link" VALUES(19,'11',0);
INSERT INTO "pattern_link" VALUES(19,'13',0);
INSERT INTO "pattern_link" VALUES(19,'14',0);
INSERT INTO "pattern_link" VALUES(19,'15',0);
INSERT INTO "pattern_link" VALUES(19,'16',0);
INSERT INTO "pattern_link" VALUES(19,'17',0);
INSERT INTO "pattern_link" VALUES(19,'18',0);
INSERT INTO "pattern_link" VALUES(19,'2',0);
INSERT INTO "pattern_link" VALUES(19,'23',0);
INSERT INTO "pattern_link" VALUES(19,'25',0);
INSERT INTO "pattern_link" VALUES(19,'26',0);
INSERT INTO "pattern_link" VALUES(19,'27',0);
INSERT INTO "pattern_link" VALUES(19,'28',0);
INSERT INTO "pattern_link" VALUES(19,'3',0);
INSERT INTO "pattern_link" VALUES(19,'4',0);
INSERT INTO "pattern_link" VALUES(19,'5',0);
INSERT INTO "pattern_link" VALUES(19,'7',0);
INSERT INTO "pattern_link" VALUES(19,'8',0);
INSERT INTO "pattern_link" VALUES(19,'9',0);
INSERT INTO "pattern_link" VALUES(20,'1',1);
INSERT INTO "pattern_link" VALUES(20,'10',1);
INSERT INTO "pattern_link" VALUES(20,'11',1);
INSERT INTO "pattern_link" VALUES(20,'13',1);
INSERT INTO "pattern_link" VALUES(20,'14',1);
INSERT INTO "pattern_link" VALUES(20,'15',1);
INSERT INTO "pattern_link" VALUES(20,'16',1);
INSERT INTO "pattern_link" VALUES(20,'17',1);
INSERT INTO "pattern_link" VALUES(20,'18',1);
INSERT INTO "pattern_link" VALUES(20,'2',1);
INSERT INTO "pattern_link" VALUES(20,'23',1);
INSERT INTO "pattern_link" VALUES(20,'25',1);
INSERT INTO "pattern_link" VALUES(20,'26',1);
INSERT INTO "pattern_link" VALUES(20,'27',1);
INSERT INTO "pattern_link" VALUES(20,'28',1);
INSERT INTO "pattern_link" VALUES(20,'3',1);
INSERT INTO "pattern_link" VALUES(20,'4',1);
INSERT INTO "pattern_link" VALUES(20,'5',1);
INSERT INTO "pattern_link" VALUES(20,'7',1);
INSERT INTO "pattern_link" VALUES(20,'8',1);
INSERT INTO "pattern_link" VALUES(20,'9',1);
INSERT INTO "pattern_link" VALUES(20,'1',0);
INSERT INTO "pattern_link" VALUES(20,'10',0);
INSERT INTO "pattern_link" VALUES(20,'11',0);
INSERT INTO "pattern_link" VALUES(20,'13',0);
INSERT INTO "pattern_link" VALUES(20,'14',0);
INSERT INTO "pattern_link" VALUES(20,'15',0);
INSERT INTO "pattern_link" VALUES(20,'16',0);
INSERT INTO "pattern_link" VALUES(20,'17',0);
INSERT INTO "pattern_link" VALUES(20,'18',0);
INSERT INTO "pattern_link" VALUES(20,'2',0);
INSERT INTO "pattern_link" VALUES(20,'23',0);
INSERT INTO "pattern_link" VALUES(20,'25',0);
INSERT INTO "pattern_link" VALUES(20,'26',0);
INSERT INTO "pattern_link" VALUES(20,'27',0);
INSERT INTO "pattern_link" VALUES(20,'28',0);
INSERT INTO "pattern_link" VALUES(20,'3',0);
INSERT INTO "pattern_link" VALUES(20,'4',0);
INSERT INTO "pattern_link" VALUES(20,'5',0);
INSERT INTO "pattern_link" VALUES(20,'7',0);
INSERT INTO "pattern_link" VALUES(20,'8',0);
INSERT INTO "pattern_link" VALUES(20,'9',0);
INSERT INTO "pattern_link" VALUES(21,'1',1);
INSERT INTO "pattern_link" VALUES(21,'10',1);
INSERT INTO "pattern_link" VALUES(21,'11',1);
INSERT INTO "pattern_link" VALUES(21,'13',1);
INSERT INTO "pattern_link" VALUES(21,'14',1);
INSERT INTO "pattern_link" VALUES(21,'15',1);
INSERT INTO "pattern_link" VALUES(21,'16',1);
INSERT INTO "pattern_link" VALUES(21,'17',1);
INSERT INTO "pattern_link" VALUES(21,'18',1);
INSERT INTO "pattern_link" VALUES(21,'2',1);
INSERT INTO "pattern_link" VALUES(21,'23',1);
INSERT INTO "pattern_link" VALUES(21,'25',1);
INSERT INTO "pattern_link" VALUES(21,'26',1);
INSERT INTO "pattern_link" VALUES(21,'27',1);
INSERT INTO "pattern_link" VALUES(21,'28',1);
INSERT INTO "pattern_link" VALUES(21,'3',1);
INSERT INTO "pattern_link" VALUES(21,'4',1);
INSERT INTO "pattern_link" VALUES(21,'5',1);
INSERT INTO "pattern_link" VALUES(21,'7',1);
INSERT INTO "pattern_link" VALUES(21,'8',1);
INSERT INTO "pattern_link" VALUES(21,'9',1);
INSERT INTO "pattern_link" VALUES(21,'1',0);
INSERT INTO "pattern_link" VALUES(21,'10',0);
INSERT INTO "pattern_link" VALUES(21,'11',0);
INSERT INTO "pattern_link" VALUES(21,'13',0);
INSERT INTO "pattern_link" VALUES(21,'14',0);
INSERT INTO "pattern_link" VALUES(21,'15',0);
INSERT INTO "pattern_link" VALUES(21,'16',0);
INSERT INTO "pattern_link" VALUES(21,'17',0);
INSERT INTO "pattern_link" VALUES(21,'18',0);
INSERT INTO "pattern_link" VALUES(21,'2',0);
INSERT INTO "pattern_link" VALUES(21,'23',0);
INSERT INTO "pattern_link" VALUES(21,'25',0);
INSERT INTO "pattern_link" VALUES(21,'26',0);
INSERT INTO "pattern_link" VALUES(21,'27',0);
INSERT INTO "pattern_link" VALUES(21,'28',0);
INSERT INTO "pattern_link" VALUES(21,'3',0);
INSERT INTO "pattern_link" VALUES(21,'4',0);
INSERT INTO "pattern_link" VALUES(21,'5',0);
INSERT INTO "pattern_link" VALUES(21,'7',0);
INSERT INTO "pattern_link" VALUES(21,'8',0);
INSERT INTO "pattern_link" VALUES(21,'9',0);
INSERT INTO "pattern_link" VALUES(22,'1',1);
INSERT INTO "pattern_link" VALUES(22,'10',1);
INSERT INTO "pattern_link" VALUES(22,'11',1);
INSERT INTO "pattern_link" VALUES(22,'13',1);
INSERT INTO "pattern_link" VALUES(22,'14',1);
INSERT INTO "pattern_link" VALUES(22,'15',1);
INSERT INTO "pattern_link" VALUES(22,'16',1);
INSERT INTO "pattern_link" VALUES(22,'17',1);
INSERT INTO "pattern_link" VALUES(22,'18',1);
INSERT INTO "pattern_link" VALUES(22,'2',1);
INSERT INTO "pattern_link" VALUES(22,'23',1);
INSERT INTO "pattern_link" VALUES(22,'25',1);
INSERT INTO "pattern_link" VALUES(22,'26',1);
INSERT INTO "pattern_link" VALUES(22,'27',1);
INSERT INTO "pattern_link" VALUES(22,'28',1);
INSERT INTO "pattern_link" VALUES(22,'3',1);
INSERT INTO "pattern_link" VALUES(22,'4',1);
INSERT INTO "pattern_link" VALUES(22,'5',1);
INSERT INTO "pattern_link" VALUES(22,'7',1);
INSERT INTO "pattern_link" VALUES(22,'8',1);
INSERT INTO "pattern_link" VALUES(22,'9',1);
INSERT INTO "pattern_link" VALUES(22,'1',0);
INSERT INTO "pattern_link" VALUES(22,'10',0);
INSERT INTO "pattern_link" VALUES(22,'11',0);
INSERT INTO "pattern_link" VALUES(22,'13',0);
INSERT INTO "pattern_link" VALUES(22,'14',0);
INSERT INTO "pattern_link" VALUES(22,'15',0);
INSERT INTO "pattern_link" VALUES(22,'16',0);
INSERT INTO "pattern_link" VALUES(22,'17',0);
INSERT INTO "pattern_link" VALUES(22,'18',0);
INSERT INTO "pattern_link" VALUES(22,'2',0);
INSERT INTO "pattern_link" VALUES(22,'23',0);
INSERT INTO "pattern_link" VALUES(22,'25',0);
INSERT INTO "pattern_link" VALUES(22,'26',0);
INSERT INTO "pattern_link" VALUES(22,'27',0);
INSERT INTO "pattern_link" VALUES(22,'28',0);
INSERT INTO "pattern_link" VALUES(22,'3',0);
INSERT INTO "pattern_link" VALUES(22,'4',0);
INSERT INTO "pattern_link" VALUES(22,'5',0);
INSERT INTO "pattern_link" VALUES(22,'7',0);
INSERT INTO "pattern_link" VALUES(22,'8',0);
INSERT INTO "pattern_link" VALUES(22,'9',0);
INSERT INTO "pattern_link" VALUES(23,'1',1);
INSERT INTO "pattern_link" VALUES(23,'10',1);
INSERT INTO "pattern_link" VALUES(23,'11',1);
INSERT INTO "pattern_link" VALUES(23,'12',1);
INSERT INTO "pattern_link" VALUES(23,'13',1);
INSERT INTO "pattern_link" VALUES(23,'14',1);
INSERT INTO "pattern_link" VALUES(23,'2',1);
INSERT INTO "pattern_link" VALUES(23,'3',1);
INSERT INTO "pattern_link" VALUES(23,'4',1);
INSERT INTO "pattern_link" VALUES(23,'5',1);
INSERT INTO "pattern_link" VALUES(23,'6',1);
INSERT INTO "pattern_link" VALUES(23,'7',1);
INSERT INTO "pattern_link" VALUES(23,'8',1);
INSERT INTO "pattern_link" VALUES(23,'9',1);
INSERT INTO "pattern_link" VALUES(25,'1',0);
INSERT INTO "pattern_link" VALUES(25,'10',1);
INSERT INTO "pattern_link" VALUES(25,'11',1);
INSERT INTO "pattern_link" VALUES(25,'12',1);
INSERT INTO "pattern_link" VALUES(25,'13',1);
INSERT INTO "pattern_link" VALUES(25,'14',1);
INSERT INTO "pattern_link" VALUES(25,'15',0);
INSERT INTO "pattern_link" VALUES(25,'16',0);
INSERT INTO "pattern_link" VALUES(25,'17',0);
INSERT INTO "pattern_link" VALUES(25,'18',0);
INSERT INTO "pattern_link" VALUES(25,'2',0);
INSERT INTO "pattern_link" VALUES(25,'3',0);
INSERT INTO "pattern_link" VALUES(25,'4',0);
INSERT INTO "pattern_link" VALUES(25,'5',1);
INSERT INTO "pattern_link" VALUES(25,'6',1);
INSERT INTO "pattern_link" VALUES(25,'7',1);
INSERT INTO "pattern_link" VALUES(25,'8',1);
INSERT INTO "pattern_link" VALUES(25,'9',1);
INSERT INTO "pattern_link" VALUES(26,'1',0);
INSERT INTO "pattern_link" VALUES(26,'10',1);
INSERT INTO "pattern_link" VALUES(26,'11',1);
INSERT INTO "pattern_link" VALUES(26,'12',1);
INSERT INTO "pattern_link" VALUES(26,'13',1);
INSERT INTO "pattern_link" VALUES(26,'14',1);
INSERT INTO "pattern_link" VALUES(26,'15',0);
INSERT INTO "pattern_link" VALUES(26,'16',0);
INSERT INTO "pattern_link" VALUES(26,'17',0);
INSERT INTO "pattern_link" VALUES(26,'18',0);
INSERT INTO "pattern_link" VALUES(26,'2',0);
INSERT INTO "pattern_link" VALUES(26,'3',0);
INSERT INTO "pattern_link" VALUES(26,'4',0);
INSERT INTO "pattern_link" VALUES(26,'5',1);
INSERT INTO "pattern_link" VALUES(26,'6',1);
INSERT INTO "pattern_link" VALUES(26,'7',1);
INSERT INTO "pattern_link" VALUES(26,'8',1);
INSERT INTO "pattern_link" VALUES(26,'9',1);
INSERT INTO "pattern_link" VALUES(27,'1',0);
INSERT INTO "pattern_link" VALUES(27,'10',1);
INSERT INTO "pattern_link" VALUES(27,'11',1);
INSERT INTO "pattern_link" VALUES(27,'12',1);
INSERT INTO "pattern_link" VALUES(27,'13',1);
INSERT INTO "pattern_link" VALUES(27,'14',1);
INSERT INTO "pattern_link" VALUES(27,'15',0);
INSERT INTO "pattern_link" VALUES(27,'16',0);
INSERT INTO "pattern_link" VALUES(27,'17',0);
INSERT INTO "pattern_link" VALUES(27,'18',0);
INSERT INTO "pattern_link" VALUES(27,'2',0);
INSERT INTO "pattern_link" VALUES(27,'3',0);
INSERT INTO "pattern_link" VALUES(27,'4',0);
INSERT INTO "pattern_link" VALUES(27,'5',1);
INSERT INTO "pattern_link" VALUES(27,'6',1);
INSERT INTO "pattern_link" VALUES(27,'7',1);
INSERT INTO "pattern_link" VALUES(27,'8',1);
INSERT INTO "pattern_link" VALUES(27,'9',1);
INSERT INTO "pattern_link" VALUES(28,'1',0);
INSERT INTO "pattern_link" VALUES(28,'10',1);
INSERT INTO "pattern_link" VALUES(28,'11',1);
INSERT INTO "pattern_link" VALUES(28,'12',1);
INSERT INTO "pattern_link" VALUES(28,'13',1);
INSERT INTO "pattern_link" VALUES(28,'14',1);
INSERT INTO "pattern_link" VALUES(28,'15',0);
INSERT INTO "pattern_link" VALUES(28,'16',0);
INSERT INTO "pattern_link" VALUES(28,'17',0);
INSERT INTO "pattern_link" VALUES(28,'18',0);
INSERT INTO "pattern_link" VALUES(28,'2',0);
INSERT INTO "pattern_link" VALUES(28,'3',0);
INSERT INTO "pattern_link" VALUES(28,'4',0);
INSERT INTO "pattern_link" VALUES(28,'5',1);
INSERT INTO "pattern_link" VALUES(28,'6',1);
INSERT INTO "pattern_link" VALUES(28,'7',1);
INSERT INTO "pattern_link" VALUES(28,'8',1);
INSERT INTO "pattern_link" VALUES(28,'9',1);
INSERT INTO "pattern_link" VALUES(29,'30',1);
INSERT INTO "pattern_link" VALUES(29,'31',1);
INSERT INTO "pattern_link" VALUES(29,'32',1);
INSERT INTO "pattern_link" VALUES(30,'29',1);
INSERT INTO "pattern_link" VALUES(30,'31',1);
INSERT INTO "pattern_link" VALUES(30,'32',1);
INSERT INTO "pattern_link" VALUES(31,'29',1);
INSERT INTO "pattern_link" VALUES(31,'30',1);
INSERT INTO "pattern_link" VALUES(31,'32',1);
INSERT INTO "pattern_link" VALUES(32,'29',1);
INSERT INTO "pattern_link" VALUES(32,'30',1);
INSERT INTO "pattern_link" VALUES(32,'31',1);
INSERT INTO "pattern_link" VALUES(33,'34',1);
INSERT INTO "pattern_link" VALUES(34,'35',0);
INSERT INTO "pattern_link" VALUES(35,'36',1);
INSERT INTO "pattern_link" VALUES(36,'37',0);
INSERT INTO "pattern_link" VALUES(33,'35',1);
INSERT INTO "pattern_link" VALUES(34,'38',0);
INSERT INTO "pattern_link" VALUES(38,'37',0);
INSERT INTO "pattern_link" VALUES(35,'39',1);
INSERT INTO "pattern_link" VALUES(40,'36',1);
INSERT INTO "pattern_link" VALUES(33,'38',1);
INSERT INTO "pattern_link" VALUES(34,'37',0);
INSERT INTO "pattern_link" VALUES(41,'37',0);
INSERT INTO "pattern_link" VALUES(33,'39',1);
INSERT INTO "pattern_link" VALUES(43,'44',1);
INSERT INTO "pattern_link" VALUES(44,'45',0);
INSERT INTO "pattern_link" VALUES(45,'46',1);
INSERT INTO "pattern_link" VALUES(46,'47',0);
INSERT INTO "pattern_link" VALUES(43,'45',1);
INSERT INTO "pattern_link" VALUES(44,'48',0);
INSERT INTO "pattern_link" VALUES(48,'47',0);
INSERT INTO "pattern_link" VALUES(45,'49',1);
INSERT INTO "pattern_link" VALUES(50,'46',1);
INSERT INTO "pattern_link" VALUES(43,'48',1);
INSERT INTO "pattern_link" VALUES(44,'47',0);
INSERT INTO "pattern_link" VALUES(51,'47',0);
INSERT INTO "pattern_link" VALUES(43,'49',1);
INSERT INTO "pattern_link" VALUES(53,'54',1);
INSERT INTO "pattern_link" VALUES(54,'55',0);
INSERT INTO "pattern_link" VALUES(55,'56',1);
INSERT INTO "pattern_link" VALUES(56,'57',0);
INSERT INTO "pattern_link" VALUES(53,'55',1);
INSERT INTO "pattern_link" VALUES(54,'58',0);
INSERT INTO "pattern_link" VALUES(58,'57',0);
INSERT INTO "pattern_link" VALUES(55,'59',1);
INSERT INTO "pattern_link" VALUES(60,'56',1);
INSERT INTO "pattern_link" VALUES(53,'58',1);
INSERT INTO "pattern_link" VALUES(54,'57',0);
INSERT INTO "pattern_link" VALUES(61,'57',0);
INSERT INTO "pattern_link" VALUES(53,'59',1);
INSERT INTO "pattern_link" VALUES(63,'64',1);
INSERT INTO "pattern_link" VALUES(64,'65',0);
INSERT INTO "pattern_link" VALUES(65,'66',1);
INSERT INTO "pattern_link" VALUES(66,'67',0);
INSERT INTO "pattern_link" VALUES(63,'65',1);
INSERT INTO "pattern_link" VALUES(64,'68',0);
INSERT INTO "pattern_link" VALUES(68,'67',0);
INSERT INTO "pattern_link" VALUES(65,'69',1);
INSERT INTO "pattern_link" VALUES(70,'66',1);
INSERT INTO "pattern_link" VALUES(63,'68',1);
INSERT INTO "pattern_link" VALUES(64,'67',0);
INSERT INTO "pattern_link" VALUES(71,'67',0);
INSERT INTO "pattern_link" VALUES(63,'69',1);
INSERT INTO "pattern_link" VALUES(73,'74',1);
INSERT INTO "pattern_link" VALUES(74,'75',0);
INSERT INTO "pattern_link" VALUES(75,'76',1);
INSERT INTO "pattern_link" VALUES(76,'77',0);
INSERT INTO "pattern_link" VALUES(73,'75',1);
INSERT INTO "pattern_link" VALUES(74,'78',0);
INSERT INTO "pattern_link" VALUES(78,'77',0);
INSERT INTO "pattern_link" VALUES(75,'79',1);
INSERT INTO "pattern_link" VALUES(80,'76',1);
INSERT INTO "pattern_link" VALUES(73,'78',1);
INSERT INTO "pattern_link" VALUES(74,'77',0);
INSERT INTO "pattern_link" VALUES(81,'77',0);
INSERT INTO "pattern_link" VALUES(73,'79',1);
INSERT INTO "pattern_link" VALUES(83,'84',1);
INSERT INTO "pattern_link" VALUES(84,'85',0);
INSERT INTO "pattern_link" VALUES(85,'86',1);
INSERT INTO "pattern_link" VALUES(86,'87',0);
INSERT INTO "pattern_link" VALUES(83,'85',1);
INSERT INTO "pattern_link" VALUES(84,'88',0);
INSERT INTO "pattern_link" VALUES(88,'87',0);
INSERT INTO "pattern_link" VALUES(85,'89',1);
INSERT INTO "pattern_link" VALUES(90,'86',1);
INSERT INTO "pattern_link" VALUES(83,'88',1);
INSERT INTO "pattern_link" VALUES(84,'87',0);
INSERT INTO "pattern_link" VALUES(91,'87',0);
INSERT INTO "pattern_link" VALUES(83,'89',1);
INSERT INTO "pattern_link" VALUES(92,'93',1);
INSERT INTO "pattern_link" VALUES(93,'94',1);
INSERT INTO "pattern_link" VALUES(94,'95',1);
INSERT INTO "pattern_link" VALUES(89,'221',1);
INSERT INTO "pattern_link" VALUES(221,'222',1);
INSERT INTO "pattern_link" VALUES(222,'223',1);
INSERT INTO "pattern_link" VALUES(87,'221',1);
INSERT INTO "pattern_link" VALUES(92,'221',1);
INSERT INTO "pattern_link" VALUES(86,'96',0);
INSERT INTO "pattern_link" VALUES(88,'96',0);
INSERT INTO "pattern_link" VALUES(85,'97',1);
INSERT INTO "pattern_link" VALUES(84,'96',0);
INSERT INTO "pattern_link" VALUES(91,'96',0);
INSERT INTO "pattern_link" VALUES(83,'97',1);
INSERT INTO "pattern_link" VALUES(98,'99',1);
INSERT INTO "pattern_link" VALUES(99,'100',1);
INSERT INTO "pattern_link" VALUES(100,'101',1);
INSERT INTO "pattern_link" VALUES(97,'221',1);
INSERT INTO "pattern_link" VALUES(96,'221',1);
INSERT INTO "pattern_link" VALUES(98,'221',1);
INSERT INTO "pattern_link" VALUES(102,'103',1);
INSERT INTO "pattern_link" VALUES(103,'104',0);
INSERT INTO "pattern_link" VALUES(104,'105',1);
INSERT INTO "pattern_link" VALUES(105,'106',0);
INSERT INTO "pattern_link" VALUES(102,'104',1);
INSERT INTO "pattern_link" VALUES(103,'107',0);
INSERT INTO "pattern_link" VALUES(107,'106',0);
INSERT INTO "pattern_link" VALUES(104,'108',1);
INSERT INTO "pattern_link" VALUES(109,'105',1);
INSERT INTO "pattern_link" VALUES(102,'107',1);
INSERT INTO "pattern_link" VALUES(103,'106',0);
INSERT INTO "pattern_link" VALUES(110,'106',0);
INSERT INTO "pattern_link" VALUES(102,'108',1);
INSERT INTO "pattern_link" VALUES(111,'112',1);
INSERT INTO "pattern_link" VALUES(112,'113',1);
INSERT INTO "pattern_link" VALUES(113,'114',1);
INSERT INTO "pattern_link" VALUES(108,'263',1);
INSERT INTO "pattern_link" VALUES(263,'264',1);
INSERT INTO "pattern_link" VALUES(264,'265',1);
INSERT INTO "pattern_link" VALUES(106,'263',1);
INSERT INTO "pattern_link" VALUES(111,'263',1);
INSERT INTO "pattern_link" VALUES(105,'115',0);
INSERT INTO "pattern_link" VALUES(107,'115',0);
INSERT INTO "pattern_link" VALUES(104,'116',1);
INSERT INTO "pattern_link" VALUES(103,'115',0);
INSERT INTO "pattern_link" VALUES(110,'115',0);
INSERT INTO "pattern_link" VALUES(102,'116',1);
INSERT INTO "pattern_link" VALUES(117,'118',1);
INSERT INTO "pattern_link" VALUES(118,'119',1);
INSERT INTO "pattern_link" VALUES(119,'120',1);
INSERT INTO "pattern_link" VALUES(116,'263',1);
INSERT INTO "pattern_link" VALUES(115,'263',1);
INSERT INTO "pattern_link" VALUES(117,'263',1);
INSERT INTO "pattern_link" VALUES(121,'122',1);
INSERT INTO "pattern_link" VALUES(122,'123',0);
INSERT INTO "pattern_link" VALUES(123,'124',1);
INSERT INTO "pattern_link" VALUES(124,'125',0);
INSERT INTO "pattern_link" VALUES(121,'123',1);
INSERT INTO "pattern_link" VALUES(122,'126',0);
INSERT INTO "pattern_link" VALUES(126,'125',0);
INSERT INTO "pattern_link" VALUES(123,'127',1);
INSERT INTO "pattern_link" VALUES(128,'124',1);
INSERT INTO "pattern_link" VALUES(121,'126',1);
INSERT INTO "pattern_link" VALUES(122,'125',0);
INSERT INTO "pattern_link" VALUES(129,'125',0);
INSERT INTO "pattern_link" VALUES(121,'127',1);
INSERT INTO "pattern_link" VALUES(130,'131',1);
INSERT INTO "pattern_link" VALUES(131,'132',1);
INSERT INTO "pattern_link" VALUES(132,'133',1);
INSERT INTO "pattern_link" VALUES(127,'305',1);
INSERT INTO "pattern_link" VALUES(305,'306',1);
INSERT INTO "pattern_link" VALUES(306,'307',1);
INSERT INTO "pattern_link" VALUES(125,'305',1);
INSERT INTO "pattern_link" VALUES(130,'305',1);
INSERT INTO "pattern_link" VALUES(124,'134',0);
INSERT INTO "pattern_link" VALUES(126,'134',0);
INSERT INTO "pattern_link" VALUES(123,'135',1);
INSERT INTO "pattern_link" VALUES(122,'134',0);
INSERT INTO "pattern_link" VALUES(129,'134',0);
INSERT INTO "pattern_link" VALUES(121,'135',1);
INSERT INTO "pattern_link" VALUES(136,'137',1);
INSERT INTO "pattern_link" VALUES(137,'138',1);
INSERT INTO "pattern_link" VALUES(138,'139',1);
INSERT INTO "pattern_link" VALUES(135,'305',1);
INSERT INTO "pattern_link" VALUES(134,'305',1);
INSERT INTO "pattern_link" VALUES(136,'305',1);
INSERT INTO "pattern_link" VALUES(140,'141',1);
INSERT INTO "pattern_link" VALUES(141,'142',0);
INSERT INTO "pattern_link" VALUES(142,'143',1);
INSERT INTO "pattern_link" VALUES(143,'144',0);
INSERT INTO "pattern_link" VALUES(140,'142',1);
INSERT INTO "pattern_link" VALUES(141,'145',0);
INSERT INTO "pattern_link" VALUES(145,'144',0);
INSERT INTO "pattern_link" VALUES(142,'146',1);
INSERT INTO "pattern_link" VALUES(147,'143',1);
INSERT INTO "pattern_link" VALUES(140,'145',1);
INSERT INTO "pattern_link" VALUES(141,'144',0);
INSERT INTO "pattern_link" VALUES(148,'144',0);
INSERT INTO "pattern_link" VALUES(140,'146',1);
INSERT INTO "pattern_link" VALUES(149,'150',1);
INSERT INTO "pattern_link" VALUES(150,'151',1);
INSERT INTO "pattern_link" VALUES(151,'152',1);
INSERT INTO "pattern_link" VALUES(146,'347',1);
INSERT INTO "pattern_link" VALUES(347,'348',1);
INSERT INTO "pattern_link" VALUES(348,'349',1);
INSERT INTO "pattern_link" VALUES(144,'347',1);
INSERT INTO "pattern_link" VALUES(149,'347',1);
INSERT INTO "pattern_link" VALUES(143,'153',0);
INSERT INTO "pattern_link" VALUES(145,'153',0);
INSERT INTO "pattern_link" VALUES(142,'154',1);
INSERT INTO "pattern_link" VALUES(141,'153',0);
INSERT INTO "pattern_link" VALUES(148,'153',0);
INSERT INTO "pattern_link" VALUES(140,'154',1);
INSERT INTO "pattern_link" VALUES(155,'156',1);
INSERT INTO "pattern_link" VALUES(156,'157',1);
INSERT INTO "pattern_link" VALUES(157,'158',1);
INSERT INTO "pattern_link" VALUES(154,'347',1);
INSERT INTO "pattern_link" VALUES(153,'347',1);
INSERT INTO "pattern_link" VALUES(155,'347',1);
INSERT INTO "pattern_link" VALUES(159,'160',1);
INSERT INTO "pattern_link" VALUES(160,'161',0);
INSERT INTO "pattern_link" VALUES(161,'162',1);
INSERT INTO "pattern_link" VALUES(162,'163',0);
INSERT INTO "pattern_link" VALUES(164,'161',1);
INSERT INTO "pattern_link" VALUES(161,'165',1);
INSERT INTO "pattern_link" VALUES(165,'163',0);
INSERT INTO "pattern_link" VALUES(164,'160',1);
INSERT INTO "pattern_link" VALUES(160,'166',0);
INSERT INTO "pattern_link" VALUES(166,'163',0);
INSERT INTO "pattern_link" VALUES(161,'163',0);
INSERT INTO "pattern_link" VALUES(167,'162',1);
INSERT INTO "pattern_link" VALUES(164,'166',1);
INSERT INTO "pattern_link" VALUES(160,'163',0);
INSERT INTO "pattern_link" VALUES(168,'163',0);
INSERT INTO "pattern_link" VALUES(164,'163',1);
INSERT INTO "pattern_link" VALUES(172,'163',0);
INSERT INTO "pattern_link" VALUES(164,'163',0);
INSERT INTO "pattern_link" VALUES(161,'173',1);
INSERT INTO "pattern_link" VALUES(173,'163',0);
INSERT INTO "pattern_link" VALUES(160,'174',0);
INSERT INTO "pattern_link" VALUES(174,'163',0);
INSERT INTO "pattern_link" VALUES(167,'173',1);
INSERT INTO "pattern_link" VALUES(164,'174',1);
INSERT INTO "pattern_link" VALUES(161,'175',1);
INSERT INTO "pattern_link" VALUES(175,'163',0);
INSERT INTO "pattern_link" VALUES(161,'176',0);
INSERT INTO "pattern_link" VALUES(159,'177',1);
INSERT INTO "pattern_link" VALUES(177,'161',0);
INSERT INTO "pattern_link" VALUES(164,'177',1);
INSERT INTO "pattern_link" VALUES(177,'166',0);
INSERT INTO "pattern_link" VALUES(177,'163',0);
INSERT INTO "pattern_link" VALUES(177,'174',0);
INSERT INTO "pattern_link" VALUES(178,'179',1);
INSERT INTO "pattern_link" VALUES(179,'180',0);
INSERT INTO "pattern_link" VALUES(180,'181',1);
INSERT INTO "pattern_link" VALUES(181,'182',0);
INSERT INTO "pattern_link" VALUES(183,'180',1);
INSERT INTO "pattern_link" VALUES(183,'179',1);
INSERT INTO "pattern_link" VALUES(179,'184',0);
INSERT INTO "pattern_link" VALUES(184,'182',0);
INSERT INTO "pattern_link" VALUES(180,'182',0);
INSERT INTO "pattern_link" VALUES(185,'181',1);
INSERT INTO "pattern_link" VALUES(183,'184',1);
INSERT INTO "pattern_link" VALUES(179,'182',0);
INSERT INTO "pattern_link" VALUES(186,'182',0);
INSERT INTO "pattern_link" VALUES(183,'182',1);
INSERT INTO "pattern_link" VALUES(188,'189',1);
INSERT INTO "pattern_link" VALUES(189,'190',0);
INSERT INTO "pattern_link" VALUES(190,'191',1);
INSERT INTO "pattern_link" VALUES(191,'192',0);
INSERT INTO "pattern_link" VALUES(193,'190',1);
INSERT INTO "pattern_link" VALUES(193,'189',1);
INSERT INTO "pattern_link" VALUES(189,'194',0);
INSERT INTO "pattern_link" VALUES(194,'192',0);
INSERT INTO "pattern_link" VALUES(190,'192',0);
INSERT INTO "pattern_link" VALUES(195,'191',1);
INSERT INTO "pattern_link" VALUES(193,'194',1);
INSERT INTO "pattern_link" VALUES(189,'192',0);
INSERT INTO "pattern_link" VALUES(196,'192',0);
INSERT INTO "pattern_link" VALUES(193,'192',1);
INSERT INTO "pattern_link" VALUES(198,'199',1);
INSERT INTO "pattern_link" VALUES(199,'200',0);
INSERT INTO "pattern_link" VALUES(200,'201',1);
INSERT INTO "pattern_link" VALUES(201,'202',0);
INSERT INTO "pattern_link" VALUES(203,'200',1);
INSERT INTO "pattern_link" VALUES(203,'199',1);
INSERT INTO "pattern_link" VALUES(199,'204',0);
INSERT INTO "pattern_link" VALUES(204,'202',0);
INSERT INTO "pattern_link" VALUES(200,'202',0);
INSERT INTO "pattern_link" VALUES(205,'201',1);
INSERT INTO "pattern_link" VALUES(203,'204',1);
INSERT INTO "pattern_link" VALUES(199,'202',0);
INSERT INTO "pattern_link" VALUES(206,'202',0);
INSERT INTO "pattern_link" VALUES(203,'202',1);
INSERT INTO "pattern_link" VALUES(208,'209',1);
INSERT INTO "pattern_link" VALUES(209,'210',0);
INSERT INTO "pattern_link" VALUES(210,'211',1);
INSERT INTO "pattern_link" VALUES(211,'212',0);
INSERT INTO "pattern_link" VALUES(213,'210',1);
INSERT INTO "pattern_link" VALUES(213,'209',1);
INSERT INTO "pattern_link" VALUES(209,'214',0);
INSERT INTO "pattern_link" VALUES(214,'212',0);
INSERT INTO "pattern_link" VALUES(210,'212',0);
INSERT INTO "pattern_link" VALUES(215,'211',1);
INSERT INTO "pattern_link" VALUES(213,'214',1);
INSERT INTO "pattern_link" VALUES(209,'212',0);
INSERT INTO "pattern_link" VALUES(216,'212',0);
INSERT INTO "pattern_link" VALUES(213,'212',1);
INSERT INTO "pattern_link" VALUES(218,'219',1);
INSERT INTO "pattern_link" VALUES(219,'220',0);
INSERT INTO "pattern_link" VALUES(220,'221',0);
INSERT INTO "pattern_link" VALUES(220,'222',1);
INSERT INTO "pattern_link" VALUES(219,'221',0);
INSERT INTO "pattern_link" VALUES(219,'222',1);
INSERT INTO "pattern_link" VALUES(218,'223',1);
INSERT INTO "pattern_link" VALUES(223,'222',1);
INSERT INTO "pattern_link" VALUES(218,'224',1);
INSERT INTO "pattern_link" VALUES(224,'225',0);
INSERT INTO "pattern_link" VALUES(225,'226',0);
INSERT INTO "pattern_link" VALUES(218,'227',1);
INSERT INTO "pattern_link" VALUES(227,'222',1);
INSERT INTO "pattern_link" VALUES(218,'228',1);
INSERT INTO "pattern_link" VALUES(218,'229',1);
INSERT INTO "pattern_link" VALUES(229,'220',0);
INSERT INTO "pattern_link" VALUES(229,'221',0);
INSERT INTO "pattern_link" VALUES(229,'222',1);
INSERT INTO "pattern_link" VALUES(219,'230',0);
INSERT INTO "pattern_link" VALUES(230,'221',0);
INSERT INTO "pattern_link" VALUES(230,'222',1);
INSERT INTO "pattern_link" VALUES(229,'230',0);
INSERT INTO "pattern_link" VALUES(221,'231',1);
INSERT INTO "pattern_link" VALUES(230,'231',1);
INSERT INTO "pattern_link" VALUES(219,'231',1);
INSERT INTO "pattern_link" VALUES(229,'231',1);
INSERT INTO "pattern_link" VALUES(221,'232',1);
INSERT INTO "pattern_link" VALUES(230,'232',1);
INSERT INTO "pattern_link" VALUES(219,'232',1);
INSERT INTO "pattern_link" VALUES(229,'232',1);
INSERT INTO "pattern_link" VALUES(219,'233',0);
INSERT INTO "pattern_link" VALUES(233,'234',0);
INSERT INTO "pattern_link" VALUES(234,'235',1);
INSERT INTO "pattern_link" VALUES(233,'236',1);
INSERT INTO "pattern_link" VALUES(229,'233',0);
INSERT INTO "pattern_link" VALUES(224,'237',0);
INSERT INTO "pattern_link" VALUES(237,'226',0);
INSERT INTO "pattern_link" VALUES(224,'238',0);
INSERT INTO "pattern_link" VALUES(238,'226',0);
INSERT INTO "pattern_link" VALUES(224,'239',0);
INSERT INTO "pattern_link" VALUES(239,'226',0);
INSERT INTO "pattern_link" VALUES(224,'240',0);
INSERT INTO "pattern_link" VALUES(240,'226',0);
INSERT INTO "pattern_link" VALUES(220,'231',1);
INSERT INTO "pattern_link" VALUES(223,'231',1);
INSERT INTO "pattern_link" VALUES(227,'231',1);
INSERT INTO "pattern_link" VALUES(240,'241',0);
INSERT INTO "pattern_link" VALUES(225,'241',0);
INSERT INTO "pattern_link" VALUES(218,'242',1);
INSERT INTO "pattern_link" VALUES(242,'231',1);
INSERT INTO "pattern_link" VALUES(238,'241',0);
INSERT INTO "pattern_link" VALUES(218,'243',1);
INSERT INTO "pattern_link" VALUES(243,'231',1);
INSERT INTO "pattern_link" VALUES(239,'241',0);
INSERT INTO "pattern_link" VALUES(218,'244',1);
INSERT INTO "pattern_link" VALUES(244,'231',1);
INSERT INTO "pattern_link" VALUES(218,'245',1);
INSERT INTO "pattern_link" VALUES(245,'231',1);
INSERT INTO "pattern_link" VALUES(224,'246',0);
INSERT INTO "pattern_link" VALUES(246,'247',0);
INSERT INTO "pattern_link" VALUES(218,'248',1);
INSERT INTO "pattern_link" VALUES(248,'231',1);
INSERT INTO "pattern_link" VALUES(237,'247',0);
INSERT INTO "pattern_link" VALUES(249,'250',1);
INSERT INTO "pattern_link" VALUES(250,'251',0);
INSERT INTO "pattern_link" VALUES(251,'252',0);
INSERT INTO "pattern_link" VALUES(252,'253',1);
INSERT INTO "pattern_link" VALUES(251,'253',1);
INSERT INTO "pattern_link" VALUES(250,'252',0);
INSERT INTO "pattern_link" VALUES(250,'253',1);
INSERT INTO "pattern_link" VALUES(249,'254',1);
INSERT INTO "pattern_link" VALUES(254,'253',1);
INSERT INTO "pattern_link" VALUES(249,'255',1);
INSERT INTO "pattern_link" VALUES(255,'256',0);
INSERT INTO "pattern_link" VALUES(256,'257',0);
INSERT INTO "pattern_link" VALUES(249,'258',1);
INSERT INTO "pattern_link" VALUES(258,'253',1);
INSERT INTO "pattern_link" VALUES(249,'259',1);
INSERT INTO "pattern_link" VALUES(249,'260',1);
INSERT INTO "pattern_link" VALUES(260,'251',0);
INSERT INTO "pattern_link" VALUES(260,'252',0);
INSERT INTO "pattern_link" VALUES(260,'253',1);
INSERT INTO "pattern_link" VALUES(250,'261',0);
INSERT INTO "pattern_link" VALUES(261,'252',0);
INSERT INTO "pattern_link" VALUES(261,'253',1);
INSERT INTO "pattern_link" VALUES(260,'261',0);
INSERT INTO "pattern_link" VALUES(252,'262',1);
INSERT INTO "pattern_link" VALUES(261,'262',1);
INSERT INTO "pattern_link" VALUES(250,'262',1);
INSERT INTO "pattern_link" VALUES(260,'262',1);
INSERT INTO "pattern_link" VALUES(252,'263',1);
INSERT INTO "pattern_link" VALUES(261,'263',1);
INSERT INTO "pattern_link" VALUES(250,'263',1);
INSERT INTO "pattern_link" VALUES(260,'263',1);
INSERT INTO "pattern_link" VALUES(250,'264',0);
INSERT INTO "pattern_link" VALUES(264,'265',0);
INSERT INTO "pattern_link" VALUES(265,'266',1);
INSERT INTO "pattern_link" VALUES(264,'267',1);
INSERT INTO "pattern_link" VALUES(260,'264',0);
INSERT INTO "pattern_link" VALUES(255,'268',0);
INSERT INTO "pattern_link" VALUES(268,'257',0);
INSERT INTO "pattern_link" VALUES(255,'269',0);
INSERT INTO "pattern_link" VALUES(269,'257',0);
INSERT INTO "pattern_link" VALUES(255,'270',0);
INSERT INTO "pattern_link" VALUES(270,'257',0);
INSERT INTO "pattern_link" VALUES(255,'271',0);
INSERT INTO "pattern_link" VALUES(271,'257',0);
INSERT INTO "pattern_link" VALUES(251,'262',1);
INSERT INTO "pattern_link" VALUES(254,'262',1);
INSERT INTO "pattern_link" VALUES(258,'262',1);
INSERT INTO "pattern_link" VALUES(271,'272',0);
INSERT INTO "pattern_link" VALUES(256,'272',0);
INSERT INTO "pattern_link" VALUES(249,'273',1);
INSERT INTO "pattern_link" VALUES(273,'262',1);
INSERT INTO "pattern_link" VALUES(269,'272',0);
INSERT INTO "pattern_link" VALUES(249,'274',1);
INSERT INTO "pattern_link" VALUES(274,'262',1);
INSERT INTO "pattern_link" VALUES(270,'272',0);
INSERT INTO "pattern_link" VALUES(249,'275',1);
INSERT INTO "pattern_link" VALUES(275,'262',1);
INSERT INTO "pattern_link" VALUES(249,'276',1);
INSERT INTO "pattern_link" VALUES(276,'262',1);
INSERT INTO "pattern_link" VALUES(255,'277',0);
INSERT INTO "pattern_link" VALUES(277,'278',0);
INSERT INTO "pattern_link" VALUES(249,'279',1);
INSERT INTO "pattern_link" VALUES(279,'262',1);
INSERT INTO "pattern_link" VALUES(268,'278',0);
INSERT INTO "pattern_link" VALUES(280,'281',1);
INSERT INTO "pattern_link" VALUES(281,'282',0);
INSERT INTO "pattern_link" VALUES(282,'283',0);
INSERT INTO "pattern_link" VALUES(283,'284',1);
INSERT INTO "pattern_link" VALUES(282,'284',1);
INSERT INTO "pattern_link" VALUES(281,'283',0);
INSERT INTO "pattern_link" VALUES(281,'284',1);
INSERT INTO "pattern_link" VALUES(280,'285',1);
INSERT INTO "pattern_link" VALUES(285,'284',1);
INSERT INTO "pattern_link" VALUES(280,'286',1);
INSERT INTO "pattern_link" VALUES(286,'287',0);
INSERT INTO "pattern_link" VALUES(287,'288',0);
INSERT INTO "pattern_link" VALUES(280,'289',1);
INSERT INTO "pattern_link" VALUES(289,'284',1);
INSERT INTO "pattern_link" VALUES(280,'290',1);
INSERT INTO "pattern_link" VALUES(280,'291',1);
INSERT INTO "pattern_link" VALUES(291,'282',0);
INSERT INTO "pattern_link" VALUES(291,'283',0);
INSERT INTO "pattern_link" VALUES(291,'284',1);
INSERT INTO "pattern_link" VALUES(281,'292',0);
INSERT INTO "pattern_link" VALUES(292,'283',0);
INSERT INTO "pattern_link" VALUES(292,'284',1);
INSERT INTO "pattern_link" VALUES(291,'292',0);
INSERT INTO "pattern_link" VALUES(283,'293',1);
INSERT INTO "pattern_link" VALUES(292,'293',1);
INSERT INTO "pattern_link" VALUES(281,'293',1);
INSERT INTO "pattern_link" VALUES(291,'293',1);
INSERT INTO "pattern_link" VALUES(283,'294',1);
INSERT INTO "pattern_link" VALUES(292,'294',1);
INSERT INTO "pattern_link" VALUES(281,'294',1);
INSERT INTO "pattern_link" VALUES(291,'294',1);
INSERT INTO "pattern_link" VALUES(281,'295',0);
INSERT INTO "pattern_link" VALUES(295,'296',0);
INSERT INTO "pattern_link" VALUES(296,'297',1);
INSERT INTO "pattern_link" VALUES(295,'298',1);
INSERT INTO "pattern_link" VALUES(291,'295',0);
INSERT INTO "pattern_link" VALUES(286,'299',0);
INSERT INTO "pattern_link" VALUES(299,'288',0);
INSERT INTO "pattern_link" VALUES(286,'300',0);
INSERT INTO "pattern_link" VALUES(300,'288',0);
INSERT INTO "pattern_link" VALUES(286,'301',0);
INSERT INTO "pattern_link" VALUES(301,'288',0);
INSERT INTO "pattern_link" VALUES(286,'302',0);
INSERT INTO "pattern_link" VALUES(302,'288',0);
INSERT INTO "pattern_link" VALUES(282,'293',1);
INSERT INTO "pattern_link" VALUES(285,'293',1);
INSERT INTO "pattern_link" VALUES(289,'293',1);
INSERT INTO "pattern_link" VALUES(302,'303',0);
INSERT INTO "pattern_link" VALUES(287,'303',0);
INSERT INTO "pattern_link" VALUES(280,'304',1);
INSERT INTO "pattern_link" VALUES(304,'293',1);
INSERT INTO "pattern_link" VALUES(300,'303',0);
INSERT INTO "pattern_link" VALUES(280,'305',1);
INSERT INTO "pattern_link" VALUES(305,'293',1);
INSERT INTO "pattern_link" VALUES(301,'303',0);
INSERT INTO "pattern_link" VALUES(280,'306',1);
INSERT INTO "pattern_link" VALUES(306,'293',1);
INSERT INTO "pattern_link" VALUES(280,'307',1);
INSERT INTO "pattern_link" VALUES(307,'293',1);
INSERT INTO "pattern_link" VALUES(286,'308',0);
INSERT INTO "pattern_link" VALUES(308,'309',0);
INSERT INTO "pattern_link" VALUES(280,'310',1);
INSERT INTO "pattern_link" VALUES(310,'293',1);
INSERT INTO "pattern_link" VALUES(299,'309',0);
INSERT INTO "pattern_link" VALUES(311,'312',1);
INSERT INTO "pattern_link" VALUES(312,'313',0);
INSERT INTO "pattern_link" VALUES(313,'314',0);
INSERT INTO "pattern_link" VALUES(314,'315',1);
INSERT INTO "pattern_link" VALUES(313,'315',1);
INSERT INTO "pattern_link" VALUES(312,'314',0);
INSERT INTO "pattern_link" VALUES(312,'315',1);
INSERT INTO "pattern_link" VALUES(311,'316',1);
INSERT INTO "pattern_link" VALUES(316,'315',1);
INSERT INTO "pattern_link" VALUES(311,'317',1);
INSERT INTO "pattern_link" VALUES(317,'318',0);
INSERT INTO "pattern_link" VALUES(318,'319',0);
INSERT INTO "pattern_link" VALUES(311,'320',1);
INSERT INTO "pattern_link" VALUES(320,'315',1);
INSERT INTO "pattern_link" VALUES(311,'321',1);
INSERT INTO "pattern_link" VALUES(311,'322',1);
INSERT INTO "pattern_link" VALUES(322,'313',0);
INSERT INTO "pattern_link" VALUES(322,'314',0);
INSERT INTO "pattern_link" VALUES(322,'315',1);
INSERT INTO "pattern_link" VALUES(312,'323',0);
INSERT INTO "pattern_link" VALUES(323,'314',0);
INSERT INTO "pattern_link" VALUES(323,'315',1);
INSERT INTO "pattern_link" VALUES(322,'323',0);
INSERT INTO "pattern_link" VALUES(314,'324',1);
INSERT INTO "pattern_link" VALUES(323,'324',1);
INSERT INTO "pattern_link" VALUES(312,'324',1);
INSERT INTO "pattern_link" VALUES(322,'324',1);
INSERT INTO "pattern_link" VALUES(314,'325',1);
INSERT INTO "pattern_link" VALUES(323,'325',1);
INSERT INTO "pattern_link" VALUES(312,'325',1);
INSERT INTO "pattern_link" VALUES(322,'325',1);
INSERT INTO "pattern_link" VALUES(312,'326',0);
INSERT INTO "pattern_link" VALUES(326,'327',0);
INSERT INTO "pattern_link" VALUES(327,'328',1);
INSERT INTO "pattern_link" VALUES(326,'329',1);
INSERT INTO "pattern_link" VALUES(322,'326',0);
INSERT INTO "pattern_link" VALUES(317,'330',0);
INSERT INTO "pattern_link" VALUES(330,'319',0);
INSERT INTO "pattern_link" VALUES(317,'331',0);
INSERT INTO "pattern_link" VALUES(331,'319',0);
INSERT INTO "pattern_link" VALUES(317,'332',0);
INSERT INTO "pattern_link" VALUES(332,'319',0);
INSERT INTO "pattern_link" VALUES(317,'333',0);
INSERT INTO "pattern_link" VALUES(333,'319',0);
INSERT INTO "pattern_link" VALUES(313,'324',1);
INSERT INTO "pattern_link" VALUES(316,'324',1);
INSERT INTO "pattern_link" VALUES(320,'324',1);
INSERT INTO "pattern_link" VALUES(333,'334',0);
INSERT INTO "pattern_link" VALUES(318,'334',0);
INSERT INTO "pattern_link" VALUES(311,'335',1);
INSERT INTO "pattern_link" VALUES(335,'324',1);
INSERT INTO "pattern_link" VALUES(331,'334',0);
INSERT INTO "pattern_link" VALUES(311,'336',1);
INSERT INTO "pattern_link" VALUES(336,'324',1);
INSERT INTO "pattern_link" VALUES(332,'334',0);
INSERT INTO "pattern_link" VALUES(311,'337',1);
INSERT INTO "pattern_link" VALUES(337,'324',1);
INSERT INTO "pattern_link" VALUES(311,'338',1);
INSERT INTO "pattern_link" VALUES(338,'324',1);
INSERT INTO "pattern_link" VALUES(317,'339',0);
INSERT INTO "pattern_link" VALUES(339,'340',0);
INSERT INTO "pattern_link" VALUES(311,'341',1);
INSERT INTO "pattern_link" VALUES(341,'324',1);
INSERT INTO "pattern_link" VALUES(330,'340',0);
INSERT INTO "pattern_link" VALUES(342,'343',1);
INSERT INTO "pattern_link" VALUES(343,'344',0);
INSERT INTO "pattern_link" VALUES(344,'345',0);
INSERT INTO "pattern_link" VALUES(345,'346',1);
INSERT INTO "pattern_link" VALUES(344,'346',1);
INSERT INTO "pattern_link" VALUES(343,'345',0);
INSERT INTO "pattern_link" VALUES(343,'346',1);
INSERT INTO "pattern_link" VALUES(342,'347',1);
INSERT INTO "pattern_link" VALUES(347,'346',1);
INSERT INTO "pattern_link" VALUES(342,'348',1);
INSERT INTO "pattern_link" VALUES(348,'349',0);
INSERT INTO "pattern_link" VALUES(349,'350',0);
INSERT INTO "pattern_link" VALUES(342,'351',1);
INSERT INTO "pattern_link" VALUES(351,'346',1);
INSERT INTO "pattern_link" VALUES(342,'352',1);
INSERT INTO "pattern_link" VALUES(342,'353',1);
INSERT INTO "pattern_link" VALUES(353,'344',0);
INSERT INTO "pattern_link" VALUES(353,'345',0);
INSERT INTO "pattern_link" VALUES(353,'346',1);
INSERT INTO "pattern_link" VALUES(343,'354',0);
INSERT INTO "pattern_link" VALUES(354,'345',0);
INSERT INTO "pattern_link" VALUES(354,'346',1);
INSERT INTO "pattern_link" VALUES(353,'354',0);
INSERT INTO "pattern_link" VALUES(345,'355',1);
INSERT INTO "pattern_link" VALUES(354,'355',1);
INSERT INTO "pattern_link" VALUES(343,'355',1);
INSERT INTO "pattern_link" VALUES(353,'355',1);
INSERT INTO "pattern_link" VALUES(343,'356',0);
INSERT INTO "pattern_link" VALUES(356,'357',0);
INSERT INTO "pattern_link" VALUES(357,'358',1);
INSERT INTO "pattern_link" VALUES(356,'359',1);
INSERT INTO "pattern_link" VALUES(353,'356',0);
INSERT INTO "pattern_link" VALUES(348,'360',0);
INSERT INTO "pattern_link" VALUES(360,'350',0);
INSERT INTO "pattern_link" VALUES(348,'361',0);
INSERT INTO "pattern_link" VALUES(361,'350',0);
INSERT INTO "pattern_link" VALUES(348,'362',0);
INSERT INTO "pattern_link" VALUES(362,'350',0);
INSERT INTO "pattern_link" VALUES(348,'363',0);
INSERT INTO "pattern_link" VALUES(363,'350',0);
INSERT INTO "pattern_link" VALUES(363,'364',0);
INSERT INTO "pattern_link" VALUES(349,'364',0);
INSERT INTO "pattern_link" VALUES(342,'365',1);
INSERT INTO "pattern_link" VALUES(365,'346',1);
INSERT INTO "pattern_link" VALUES(361,'364',0);
INSERT INTO "pattern_link" VALUES(342,'366',1);
INSERT INTO "pattern_link" VALUES(366,'346',1);
INSERT INTO "pattern_link" VALUES(362,'364',0);
INSERT INTO "pattern_link" VALUES(342,'367',1);
INSERT INTO "pattern_link" VALUES(367,'346',1);
INSERT INTO "pattern_link" VALUES(342,'368',1);
INSERT INTO "pattern_link" VALUES(368,'346',1);
INSERT INTO "pattern_link" VALUES(348,'369',0);
INSERT INTO "pattern_link" VALUES(369,'370',0);
INSERT INTO "pattern_link" VALUES(342,'371',1);
INSERT INTO "pattern_link" VALUES(371,'346',1);
INSERT INTO "pattern_link" VALUES(360,'370',0);
INSERT INTO "pattern_link" VALUES(159,'161',1);
INSERT INTO "pattern_link" VALUES(372,'162',1);
INSERT INTO "pattern_link" VALUES(159,'166',1);
INSERT INTO "pattern_link" VALUES(159,'163',1);
INSERT INTO "pattern_link" VALUES(159,'163',0);
INSERT INTO "pattern_link" VALUES(372,'173',1);
INSERT INTO "pattern_link" VALUES(159,'174',1);
INSERT INTO "pattern_link" VALUES(178,'180',1);
INSERT INTO "pattern_link" VALUES(376,'181',1);
INSERT INTO "pattern_link" VALUES(178,'184',1);
INSERT INTO "pattern_link" VALUES(377,'182',0);
INSERT INTO "pattern_link" VALUES(178,'182',1);
INSERT INTO "pattern_link" VALUES(188,'190',1);
INSERT INTO "pattern_link" VALUES(379,'191',1);
INSERT INTO "pattern_link" VALUES(188,'194',1);
INSERT INTO "pattern_link" VALUES(380,'192',0);
INSERT INTO "pattern_link" VALUES(188,'192',1);
INSERT INTO "pattern_link" VALUES(198,'200',1);
INSERT INTO "pattern_link" VALUES(382,'201',1);
INSERT INTO "pattern_link" VALUES(198,'204',1);
INSERT INTO "pattern_link" VALUES(383,'202',0);
INSERT INTO "pattern_link" VALUES(198,'202',1);
INSERT INTO "pattern_link" VALUES(208,'210',1);
INSERT INTO "pattern_link" VALUES(385,'211',1);
INSERT INTO "pattern_link" VALUES(208,'214',1);
INSERT INTO "pattern_link" VALUES(386,'212',0);
INSERT INTO "pattern_link" VALUES(208,'212',1);
CREATE TABLE `question` (            `questionNo` INTEGER PRIMARY KEY AUTOINCREMENT NOT NULL ,            `mood` varchar(50) DEFAULT NULL,            `tag` varchar(50) DEFAULT NULL        );
INSERT INTO "question" VALUES(1,'心情1','美食');
INSERT INTO "question" VALUES(2,'心情1','購物');
INSERT INTO "question" VALUES(3,'心情1','旅遊');
INSERT INTO "question" VALUES(4,'心情1','休閒娛樂');
INSERT INTO "question" VALUES(5,'心情1','戀愛');
INSERT INTO "question" VALUES(6,'心情2','美食');
INSERT INTO "question" VALUES(7,'心情2','購物');
INSERT INTO "question" VALUES(8,'心情2','旅遊');
INSERT INTO "question" VALUES(9,'心情2','休閒娛樂');
INSERT INTO "question" VALUES(10,'心情2','戀愛');
INSERT INTO "question" VALUES(11,'心情3','美食');
INSERT INTO "question" VALUES(12,'心情3','購物');
INSERT INTO "question" VALUES(13,'心情3','旅遊');
INSERT INTO "question" VALUES(14,'心情3','休閒娛樂');
INSERT INTO "question" VALUES(15,'心情3','戀愛');
INSERT INTO "question" VALUES(16,'心情4','美食');
INSERT INTO "question" VALUES(17,'心情4','購物');
INSERT INTO "question" VALUES(18,'心情4','旅遊');
INSERT INTO "question" VALUES(19,'心情4','休閒娛樂');
INSERT INTO "question" VALUES(20,'心情4','戀愛');
INSERT INTO "question" VALUES(21,'心情5','美食');
INSERT INTO "question" VALUES(22,'心情5','購物');
INSERT INTO "question" VALUES(23,'心情5','旅遊');
INSERT INTO "question" VALUES(24,'心情5','休閒娛樂');
INSERT INTO "question" VALUES(25,'心情5','戀愛');
CREATE TABLE `questionclass` (            `questionClassNo` INTEGER PRIMARY KEY AUTOINCREMENT NOT NULL ,            `questionNo` INTEGER DEFAULT NULL,            `questionClass` varchar(50) DEFAULT NULL,            FOREIGN KEY (`questionNo`) REFERENCES `question` (`questionNo`) ON DELETE CASCADE ON UPDATE CASCADE        );
INSERT INTO "questionclass" VALUES(1,1,'what');
INSERT INTO "questionclass" VALUES(2,1,'why');
INSERT INTO "questionclass" VALUES(3,1,'where');
INSERT INTO "questionclass" VALUES(4,1,'when');
INSERT INTO "questionclass" VALUES(5,1,'who');
INSERT INTO "questionclass" VALUES(6,1,'how');
INSERT INTO "questionclass" VALUES(7,2,'what');
INSERT INTO "questionclass" VALUES(8,2,'why');
INSERT INTO "questionclass" VALUES(9,2,'where');
INSERT INTO "questionclass" VALUES(10,2,'when');
INSERT INTO "questionclass" VALUES(11,2,'who');
INSERT INTO "questionclass" VALUES(12,2,'how');
INSERT INTO "questionclass" VALUES(13,3,'what');
INSERT INTO "questionclass" VALUES(14,3,'why');
INSERT INTO "questionclass" VALUES(15,3,'where');
INSERT INTO "questionclass" VALUES(16,3,'when');
INSERT INTO "questionclass" VALUES(17,3,'who');
INSERT INTO "questionclass" VALUES(18,3,'how');
INSERT INTO "questionclass" VALUES(19,4,'what');
INSERT INTO "questionclass" VALUES(20,4,'why');
INSERT INTO "questionclass" VALUES(21,4,'where');
INSERT INTO "questionclass" VALUES(22,4,'when');
INSERT INTO "questionclass" VALUES(23,4,'who');
INSERT INTO "questionclass" VALUES(24,4,'how');
INSERT INTO "questionclass" VALUES(25,5,'what');
INSERT INTO "questionclass" VALUES(26,5,'why');
INSERT INTO "questionclass" VALUES(27,5,'where');
INSERT INTO "questionclass" VALUES(28,5,'when');
INSERT INTO "questionclass" VALUES(29,5,'who');
INSERT INTO "questionclass" VALUES(30,5,'how');
INSERT INTO "questionclass" VALUES(31,6,'what');
INSERT INTO "questionclass" VALUES(32,6,'why');
INSERT INTO "questionclass" VALUES(33,6,'where');
INSERT INTO "questionclass" VALUES(34,6,'when');
INSERT INTO "questionclass" VALUES(35,6,'who');
INSERT INTO "questionclass" VALUES(36,6,'how');
INSERT INTO "questionclass" VALUES(37,7,'what');
INSERT INTO "questionclass" VALUES(38,7,'why');
INSERT INTO "questionclass" VALUES(39,7,'where');
INSERT INTO "questionclass" VALUES(40,7,'when');
INSERT INTO "questionclass" VALUES(41,7,'who');
INSERT INTO "questionclass" VALUES(42,7,'how');
INSERT INTO "questionclass" VALUES(43,8,'what');
INSERT INTO "questionclass" VALUES(44,8,'why');
INSERT INTO "questionclass" VALUES(45,8,'where');
INSERT INTO "questionclass" VALUES(46,8,'when');
INSERT INTO "questionclass" VALUES(47,8,'who');
INSERT INTO "questionclass" VALUES(48,8,'how');
INSERT INTO "questionclass" VALUES(49,12,'what');
INSERT INTO "questionclass" VALUES(50,12,'why');
INSERT INTO "questionclass" VALUES(51,12,'where');
INSERT INTO "questionclass" VALUES(52,12,'when');
INSERT INTO "questionclass" VALUES(53,12,'who');
INSERT INTO "questionclass" VALUES(54,17,'what');
INSERT INTO "questionclass" VALUES(55,17,'why');
INSERT INTO "questionclass" VALUES(56,17,'where');
INSERT INTO "questionclass" VALUES(57,17,'when');
INSERT INTO "questionclass" VALUES(58,17,'who');
INSERT INTO "questionclass" VALUES(59,22,'what');
INSERT INTO "questionclass" VALUES(60,22,'why');
INSERT INTO "questionclass" VALUES(61,22,'where');
INSERT INTO "questionclass" VALUES(62,22,'when');
INSERT INTO "questionclass" VALUES(63,22,'who');
INSERT INTO "questionclass" VALUES(64,12,'how');
INSERT INTO "questionclass" VALUES(65,17,'how');
INSERT INTO "questionclass" VALUES(66,22,'how');
INSERT INTO "questionclass" VALUES(67,11,'what');
INSERT INTO "questionclass" VALUES(68,11,'why');
INSERT INTO "questionclass" VALUES(69,11,'where');
INSERT INTO "questionclass" VALUES(70,11,'when');
INSERT INTO "questionclass" VALUES(71,11,'who');
INSERT INTO "questionclass" VALUES(72,11,'how');
INSERT INTO "questionclass" VALUES(73,16,'what');
INSERT INTO "questionclass" VALUES(74,16,'why');
INSERT INTO "questionclass" VALUES(75,16,'where');
INSERT INTO "questionclass" VALUES(76,16,'when');
INSERT INTO "questionclass" VALUES(77,16,'who');
INSERT INTO "questionclass" VALUES(78,16,'how');
INSERT INTO "questionclass" VALUES(79,21,'what');
INSERT INTO "questionclass" VALUES(80,21,'why');
INSERT INTO "questionclass" VALUES(81,21,'where');
INSERT INTO "questionclass" VALUES(82,21,'when');
INSERT INTO "questionclass" VALUES(83,21,'who');
INSERT INTO "questionclass" VALUES(84,21,'how');
INSERT INTO "questionclass" VALUES(85,9,'what');
INSERT INTO "questionclass" VALUES(86,9,'why');
INSERT INTO "questionclass" VALUES(87,9,'where');
INSERT INTO "questionclass" VALUES(88,9,'when');
INSERT INTO "questionclass" VALUES(89,9,'who');
INSERT INTO "questionclass" VALUES(90,14,'what');
INSERT INTO "questionclass" VALUES(91,14,'why');
INSERT INTO "questionclass" VALUES(92,14,'where');
INSERT INTO "questionclass" VALUES(93,14,'when');
INSERT INTO "questionclass" VALUES(94,14,'who');
INSERT INTO "questionclass" VALUES(95,19,'what');
INSERT INTO "questionclass" VALUES(96,19,'why');
INSERT INTO "questionclass" VALUES(97,19,'where');
INSERT INTO "questionclass" VALUES(98,19,'when');
INSERT INTO "questionclass" VALUES(99,19,'who');
INSERT INTO "questionclass" VALUES(100,24,'what');
INSERT INTO "questionclass" VALUES(101,24,'why');
INSERT INTO "questionclass" VALUES(102,24,'where');
INSERT INTO "questionclass" VALUES(103,24,'when');
INSERT INTO "questionclass" VALUES(104,24,'who');
INSERT INTO "questionclass" VALUES(105,10,'what');
INSERT INTO "questionclass" VALUES(106,10,'why');
INSERT INTO "questionclass" VALUES(107,10,'where');
INSERT INTO "questionclass" VALUES(108,10,'when');
INSERT INTO "questionclass" VALUES(109,10,'who');
INSERT INTO "questionclass" VALUES(110,15,'what');
INSERT INTO "questionclass" VALUES(111,15,'why');
INSERT INTO "questionclass" VALUES(112,15,'where');
INSERT INTO "questionclass" VALUES(113,15,'when');
INSERT INTO "questionclass" VALUES(114,15,'who');
INSERT INTO "questionclass" VALUES(115,20,'what');
INSERT INTO "questionclass" VALUES(116,20,'why');
INSERT INTO "questionclass" VALUES(117,20,'where');
INSERT INTO "questionclass" VALUES(118,20,'when');
INSERT INTO "questionclass" VALUES(119,20,'who');
INSERT INTO "questionclass" VALUES(120,25,'what');
INSERT INTO "questionclass" VALUES(121,25,'why');
INSERT INTO "questionclass" VALUES(122,25,'where');
INSERT INTO "questionclass" VALUES(123,25,'when');
INSERT INTO "questionclass" VALUES(124,25,'who');
INSERT INTO "questionclass" VALUES(125,9,'how');
INSERT INTO "questionclass" VALUES(126,14,'how');
INSERT INTO "questionclass" VALUES(127,19,'how');
INSERT INTO "questionclass" VALUES(128,24,'how');
CREATE TABLE `questioncontent` (            `questionContentNo` INTEGER PRIMARY KEY AUTOINCREMENT NOT NULL ,            `questionClassNo` INTEGER DEFAULT NULL,            `questionContent` varchar(255) DEFAULT NULL,            FOREIGN KEY (`questionClassNo`) REFERENCES `questionclass` (`questionClassNo`) ON DELETE CASCADE ON UPDATE CASCADE,            UNIQUE(questionClassNo, questionContent)        );
INSERT INTO "questioncontent" VALUES(1,1,'今天吃了甚麼呀~心情很好喔');
INSERT INTO "questioncontent" VALUES(2,1,'吃了什麼美食讓你心情這麼好?');
INSERT INTO "questioncontent" VALUES(3,1,'讓你心情這麼好的美食是什麼呢?');
INSERT INTO "questioncontent" VALUES(4,2,'為甚麼會想去吃這個美食');
INSERT INTO "questioncontent" VALUES(5,2,'心情不錯的時候都會去吃嗎');
INSERT INTO "questioncontent" VALUES(6,2,'吃了這個美食會讓你有好心情嗎');
INSERT INTO "questioncontent" VALUES(7,3,'你在哪裡吃的呢?');
INSERT INTO "questioncontent" VALUES(8,3,'這個美食位於哪裡呢?');
INSERT INTO "questioncontent" VALUES(9,3,'賣這個食物的地點在哪裡~');
INSERT INTO "questioncontent" VALUES(10,4,'甚麼時候去吃的~');
INSERT INTO "questioncontent" VALUES(11,4,'是晚餐的時候去吃的嗎?還是其他時間?');
INSERT INTO "questioncontent" VALUES(12,4,'吃了多久呢~');
INSERT INTO "questioncontent" VALUES(13,5,'跟誰去吃呢~跟朋友嗎?');
INSERT INTO "questioncontent" VALUES(14,5,'自己去吃嗎?');
INSERT INTO "questioncontent" VALUES(15,5,'下次想自己吃還是跟其他人去吃呢?');
INSERT INTO "questioncontent" VALUES(16,6,'你對於這份美食的感受?');
INSERT INTO "questioncontent" VALUES(17,6,'這份美食給你的感覺如何呀？');
INSERT INTO "questioncontent" VALUES(18,7,'今天去買了什麼呢?');
INSERT INTO "questioncontent" VALUES(19,7,'你今天買了什麼呢~');
INSERT INTO "questioncontent" VALUES(20,7,'今天買了什麼呢');
INSERT INTO "questioncontent" VALUES(21,8,'為甚麼會想買這個~');
INSERT INTO "questioncontent" VALUES(22,8,'買這個的原因是什麼呢?');
INSERT INTO "questioncontent" VALUES(23,8,'為甚麼想買這個呢~');
INSERT INTO "questioncontent" VALUES(24,9,'去哪裡買這個呢?');
INSERT INTO "questioncontent" VALUES(25,9,'你今天去哪裡買呢~');
INSERT INTO "questioncontent" VALUES(26,9,'這是在哪裡買的呢');
INSERT INTO "questioncontent" VALUES(27,10,'什麼時候去買的呢~');
INSERT INTO "questioncontent" VALUES(28,10,'什麼時間去買的呢?');
INSERT INTO "questioncontent" VALUES(29,10,'大概什麼時候買的?');
INSERT INTO "questioncontent" VALUES(30,11,'有誰和你一起去買呢?');
INSERT INTO "questioncontent" VALUES(31,11,'有邀請誰與你同行呢?');
INSERT INTO "questioncontent" VALUES(32,11,'有找人一起去買嗎?');
INSERT INTO "questioncontent" VALUES(33,12,'買這個感覺如何呢?');
INSERT INTO "questioncontent" VALUES(34,12,'今天買東西感覺如何?');
INSERT INTO "questioncontent" VALUES(35,12,'買完後了感覺如何?');
INSERT INTO "questioncontent" VALUES(36,37,'今天去買了什麼呢?');
INSERT INTO "questioncontent" VALUES(37,37,'你今天買了什麼呢~');
INSERT INTO "questioncontent" VALUES(38,37,'今天買了什麼呢');
INSERT INTO "questioncontent" VALUES(39,38,'為甚麼會想買這個~');
INSERT INTO "questioncontent" VALUES(40,38,'買這個的原因是什麼呢?');
INSERT INTO "questioncontent" VALUES(41,38,'為甚麼想買這個呢~');
INSERT INTO "questioncontent" VALUES(42,39,'去哪裡買這個呢?');
INSERT INTO "questioncontent" VALUES(43,39,'你今天去哪裡買呢~');
INSERT INTO "questioncontent" VALUES(44,39,'這是在哪裡買的呢');
INSERT INTO "questioncontent" VALUES(45,40,'什麼時候去買的呢~');
INSERT INTO "questioncontent" VALUES(46,40,'什麼時間去買的呢?');
INSERT INTO "questioncontent" VALUES(47,40,'大概什麼時候買的?');
INSERT INTO "questioncontent" VALUES(48,41,'有誰和你一起去買呢?');
INSERT INTO "questioncontent" VALUES(49,41,'有邀請誰與你同行呢?');
INSERT INTO "questioncontent" VALUES(50,41,'有找人一起去買嗎?');
INSERT INTO "questioncontent" VALUES(51,42,'買這個感覺如何呢?');
INSERT INTO "questioncontent" VALUES(52,42,'今天買東西感覺如何?');
INSERT INTO "questioncontent" VALUES(53,42,'買完後了感覺如何?');
INSERT INTO "questioncontent" VALUES(54,49,'今天去買了什麼呢?');
INSERT INTO "questioncontent" VALUES(55,49,'你今天買了什麼呢~');
INSERT INTO "questioncontent" VALUES(56,49,'今天買了什麼呢');
INSERT INTO "questioncontent" VALUES(57,50,'為甚麼會想買這個~');
INSERT INTO "questioncontent" VALUES(58,50,'買這個的原因是什麼呢?');
INSERT INTO "questioncontent" VALUES(59,50,'為甚麼想買這個呢~');
INSERT INTO "questioncontent" VALUES(60,51,'去哪裡買這個呢?');
INSERT INTO "questioncontent" VALUES(61,51,'你今天去哪裡買呢~');
INSERT INTO "questioncontent" VALUES(62,51,'這是在哪裡買的呢');
INSERT INTO "questioncontent" VALUES(63,52,'什麼時候去買的呢~');
INSERT INTO "questioncontent" VALUES(64,52,'什麼時間去買的呢?');
INSERT INTO "questioncontent" VALUES(65,52,'大概什麼時候買的?');
INSERT INTO "questioncontent" VALUES(66,53,'有誰和你一起去買呢?');
INSERT INTO "questioncontent" VALUES(67,53,'有邀請誰與你同行呢?');
INSERT INTO "questioncontent" VALUES(68,53,'有找人一起去買嗎?');
INSERT INTO "questioncontent" VALUES(69,64,'心情普通的你覺得如何?');
INSERT INTO "questioncontent" VALUES(70,64,'今天買東西感覺如何?');
INSERT INTO "questioncontent" VALUES(71,64,'買完後了感覺如何?');
INSERT INTO "questioncontent" VALUES(72,54,'今天去買了什麼呢?');
INSERT INTO "questioncontent" VALUES(73,54,'你今天買了什麼呢~');
INSERT INTO "questioncontent" VALUES(74,54,'今天買了什麼呢');
INSERT INTO "questioncontent" VALUES(75,55,'為甚麼會想買這個~');
INSERT INTO "questioncontent" VALUES(76,55,'買這個的原因是什麼呢?');
INSERT INTO "questioncontent" VALUES(77,55,'為甚麼想買這個呢~');
INSERT INTO "questioncontent" VALUES(78,56,'去哪裡買這個呢?');
INSERT INTO "questioncontent" VALUES(79,56,'你今天去哪裡買呢~');
INSERT INTO "questioncontent" VALUES(80,56,'這是在哪裡買的呢');
INSERT INTO "questioncontent" VALUES(81,57,'什麼時候去買的呢~');
INSERT INTO "questioncontent" VALUES(82,57,'什麼時間去買的呢?');
INSERT INTO "questioncontent" VALUES(83,57,'大概什麼時候買的?');
INSERT INTO "questioncontent" VALUES(84,58,'有誰和你一起去買呢?');
INSERT INTO "questioncontent" VALUES(85,58,'有邀請誰與你同行呢?');
INSERT INTO "questioncontent" VALUES(86,58,'有找人一起去買嗎?');
INSERT INTO "questioncontent" VALUES(87,65,'買這個感覺如何呢?');
INSERT INTO "questioncontent" VALUES(88,65,'今天買東西感覺如何?');
INSERT INTO "questioncontent" VALUES(89,65,'買完後了感覺如何?');
INSERT INTO "questioncontent" VALUES(90,59,'今天去買了什麼呢?');
INSERT INTO "questioncontent" VALUES(91,59,'你今天買了什麼呢~');
INSERT INTO "questioncontent" VALUES(92,59,'今天買了什麼呢');
INSERT INTO "questioncontent" VALUES(93,60,'為甚麼會想買這個~');
INSERT INTO "questioncontent" VALUES(94,60,'買這個的原因是什麼呢?');
INSERT INTO "questioncontent" VALUES(95,60,'為甚麼想買這個呢~');
INSERT INTO "questioncontent" VALUES(96,61,'去哪裡買這個呢?');
INSERT INTO "questioncontent" VALUES(97,61,'你今天去哪裡買呢~');
INSERT INTO "questioncontent" VALUES(98,61,'這是在哪裡買的呢');
INSERT INTO "questioncontent" VALUES(99,62,'什麼時候去買的呢~');
INSERT INTO "questioncontent" VALUES(100,62,'什麼時間去買的呢?');
INSERT INTO "questioncontent" VALUES(101,62,'大概什麼時候買的?');
INSERT INTO "questioncontent" VALUES(102,63,'有誰和你一起去買呢?');
INSERT INTO "questioncontent" VALUES(103,63,'有邀請誰與你同行呢?');
INSERT INTO "questioncontent" VALUES(104,63,'有找人一起去買嗎?');
INSERT INTO "questioncontent" VALUES(105,66,'買這個感覺如何呢?');
INSERT INTO "questioncontent" VALUES(106,66,'今天買東西感覺如何?');
INSERT INTO "questioncontent" VALUES(107,66,'買完後了感覺如何?');
INSERT INTO "questioncontent" VALUES(108,1,'今天吃了大餐嗎?心情很棒喔');
INSERT INTO "questioncontent" VALUES(109,4,'吃飯的時間也很重要呢');
INSERT INTO "questioncontent" VALUES(110,5,'今天一起吃飯的夥伴是誰呢?');
INSERT INTO "questioncontent" VALUES(111,6,'吃的如何呢');
INSERT INTO "questioncontent" VALUES(112,6,'吃起來如何呀？');
INSERT INTO "questioncontent" VALUES(113,6,'吃起來怎麼樣呀?');
INSERT INTO "questioncontent" VALUES(114,31,'今天心情還不錯喔~吃了甚麼呀?');
INSERT INTO "questioncontent" VALUES(115,31,'讓我們來記錄今天你吃了什麼吧~!');
INSERT INTO "questioncontent" VALUES(116,31,'今天吃了大餐嗎?心情不錯喔');
INSERT INTO "questioncontent" VALUES(117,32,'怎麼會想吃它呢?');
INSERT INTO "questioncontent" VALUES(118,32,'心情不錯的時候都會去吃嗎?');
INSERT INTO "questioncontent" VALUES(119,32,'是什麼原因讓你想吃它的呢?');
INSERT INTO "questioncontent" VALUES(120,33,'還是環境讓你覺得心情不錯?');
INSERT INTO "questioncontent" VALUES(121,33,'你在哪裡吃到的呢?');
INSERT INTO "questioncontent" VALUES(122,33,'這是你喜歡的美食嗎?');
INSERT INTO "questioncontent" VALUES(123,34,'甚麼時候去吃的~');
INSERT INTO "questioncontent" VALUES(124,34,'吃飯的時間也很重要呢');
INSERT INTO "questioncontent" VALUES(125,34,'吃了多久呢~');
INSERT INTO "questioncontent" VALUES(126,35,'跟誰去吃呢~跟朋友嗎?');
INSERT INTO "questioncontent" VALUES(127,35,'自己去吃嗎?');
INSERT INTO "questioncontent" VALUES(128,35,'今天一起吃飯的夥伴是誰呢?');
INSERT INTO "questioncontent" VALUES(129,36,'吃起來怎麼樣呀?');
INSERT INTO "questioncontent" VALUES(130,36,'吃的如何呢');
INSERT INTO "questioncontent" VALUES(131,36,'吃起來如何呀？');
INSERT INTO "questioncontent" VALUES(132,67,'吃了甚麼呀?');
INSERT INTO "questioncontent" VALUES(133,67,'讓我們來記錄今天你吃了什麼吧~');
INSERT INTO "questioncontent" VALUES(134,67,'心情不錯喔');
INSERT INTO "questioncontent" VALUES(135,68,'怎麼會想吃它呢?');
INSERT INTO "questioncontent" VALUES(136,68,'平凡的一餐呢!為什麼會想吃它呢?');
INSERT INTO "questioncontent" VALUES(137,68,'是什麼原因讓你想吃它的呢?');
INSERT INTO "questioncontent" VALUES(138,69,'是老地方嗎?');
INSERT INTO "questioncontent" VALUES(139,69,'你在哪裡吃到的呢?');
INSERT INTO "questioncontent" VALUES(140,70,'甚麼時候去吃的~');
INSERT INTO "questioncontent" VALUES(141,70,'吃飯的時間也很重要呢');
INSERT INTO "questioncontent" VALUES(142,70,'吃了多久呢~');
INSERT INTO "questioncontent" VALUES(143,71,'跟誰去吃呢~跟朋友嗎?');
INSERT INTO "questioncontent" VALUES(144,71,'自己去吃嗎?');
INSERT INTO "questioncontent" VALUES(145,71,'今天一起吃飯的夥伴是誰呢?');
INSERT INTO "questioncontent" VALUES(146,72,'吃起來怎麼樣呀?');
INSERT INTO "questioncontent" VALUES(147,72,'吃的如何呢');
INSERT INTO "questioncontent" VALUES(148,72,'吃起來如何呀？');
INSERT INTO "questioncontent" VALUES(149,73,'今天心情有點差喔~吃了甚麼呀?');
INSERT INTO "questioncontent" VALUES(150,73,'讓我們來記錄今天你吃了什麼吧!');
INSERT INTO "questioncontent" VALUES(151,73,'今天吃的不好嗎?心情有點差喔');
INSERT INTO "questioncontent" VALUES(152,74,'怎麼會想吃它呢?');
INSERT INTO "questioncontent" VALUES(153,74,'心情不太好的時候都會去吃嗎?');
INSERT INTO "questioncontent" VALUES(154,74,'是什麼原因讓你想吃它的呢?');
INSERT INTO "questioncontent" VALUES(155,75,'還是環境讓你覺得心情有點差?');
INSERT INTO "questioncontent" VALUES(156,75,'你在哪裡吃到的呢?');
INSERT INTO "questioncontent" VALUES(157,75,'這是你不喜歡的地方嗎?');
INSERT INTO "questioncontent" VALUES(158,76,'甚麼時候去吃的?');
INSERT INTO "questioncontent" VALUES(159,76,'吃飯的時間也很重要!');
INSERT INTO "questioncontent" VALUES(160,76,'吃了多久?');
INSERT INTO "questioncontent" VALUES(161,77,'今天跟誰去吃?跟朋友嗎?');
INSERT INTO "questioncontent" VALUES(162,77,'自己去吃嗎?');
INSERT INTO "questioncontent" VALUES(163,77,'是和一起吃飯的人吵架了嗎?');
INSERT INTO "questioncontent" VALUES(164,78,'吃起來怎麼樣呀?');
INSERT INTO "questioncontent" VALUES(165,78,'吃的如何呢');
INSERT INTO "questioncontent" VALUES(166,78,'吃起來如何呀？');
INSERT INTO "questioncontent" VALUES(167,79,'今天心情很差喔~吃了甚麼呀?');
INSERT INTO "questioncontent" VALUES(168,79,'吃到狗屎?');
INSERT INTO "questioncontent" VALUES(169,79,'今天吃的不好嗎?心情很差喔');
INSERT INTO "questioncontent" VALUES(170,80,'怎麼會想吃它呢?');
INSERT INTO "questioncontent" VALUES(171,80,'心情不好的時候都會去吃嗎?');
INSERT INTO "questioncontent" VALUES(172,80,'是什麼原因讓你想吃它的呢?');
INSERT INTO "questioncontent" VALUES(173,81,'還是環境讓你覺得心情很糟?');
INSERT INTO "questioncontent" VALUES(174,81,'你在哪裡吃到的呢?');
INSERT INTO "questioncontent" VALUES(175,81,'這是你討厭的地方嗎?');
INSERT INTO "questioncontent" VALUES(176,82,'甚麼時候去吃的?');
INSERT INTO "questioncontent" VALUES(177,82,'吃飯的時間也很重要!');
INSERT INTO "questioncontent" VALUES(178,82,'吃了多久?');
INSERT INTO "questioncontent" VALUES(179,83,'今天跟誰去吃?跟朋友嗎?');
INSERT INTO "questioncontent" VALUES(180,83,'自己去吃嗎?');
INSERT INTO "questioncontent" VALUES(181,83,'是和一起吃飯的人吵架了嗎?');
INSERT INTO "questioncontent" VALUES(182,84,'吃起來怎麼樣呀?');
INSERT INTO "questioncontent" VALUES(183,84,'吃的如何呢');
INSERT INTO "questioncontent" VALUES(184,84,'吃起來如何呀？');
INSERT INTO "questioncontent" VALUES(185,19,'你今天做了什麼呢心情那麼好？');
INSERT INTO "questioncontent" VALUES(186,19,'哇～心情很好耶！做了什麼事呀？');
INSERT INTO "questioncontent" VALUES(187,19,'做了什麼事呀？讓你心情很好');
INSERT INTO "questioncontent" VALUES(188,20,'為什麼會想做這個活動呀？');
INSERT INTO "questioncontent" VALUES(189,20,'是什麼原因讓你想做這個事呢？');
INSERT INTO "questioncontent" VALUES(190,20,'怎麼會選擇做這項活動呀？');
INSERT INTO "questioncontent" VALUES(191,21,'去哪邊做這個休閒娛樂呢？');
INSERT INTO "questioncontent" VALUES(192,21,'在哪裡做這件事呢？');
INSERT INTO "questioncontent" VALUES(193,21,'在哪個地點做這個活動？');
INSERT INTO "questioncontent" VALUES(194,22,'什麼時候做這個事呢？');
INSERT INTO "questioncontent" VALUES(195,22,'做這件事是什麼時候呀？');
INSERT INTO "questioncontent" VALUES(196,23,'跟誰一起做了這個事情呀？');
INSERT INTO "questioncontent" VALUES(197,23,'是自己一個人嗎？還是有和誰一起呢？');
INSERT INTO "questioncontent" VALUES(198,24,'這項活動你覺得怎麼樣呢？');
INSERT INTO "questioncontent" VALUES(199,24,'做這個活動時感覺如何呀？');
INSERT INTO "questioncontent" VALUES(200,85,'你今天做了什麼呢心情那麼好？');
INSERT INTO "questioncontent" VALUES(201,85,'哇～心情不錯呦！做了什麼事呀？');
INSERT INTO "questioncontent" VALUES(202,85,'做了什麼事呀？讓你心情蠻好的');
INSERT INTO "questioncontent" VALUES(203,86,'為什麼會想做這個活動呀？');
INSERT INTO "questioncontent" VALUES(204,86,'是什麼原因讓你想做這個事呢？');
INSERT INTO "questioncontent" VALUES(205,86,'怎麼會選擇做這項活動呀？');
INSERT INTO "questioncontent" VALUES(206,87,'去哪邊做這個休閒娛樂呢？');
INSERT INTO "questioncontent" VALUES(207,87,'在哪裡做這件事呢？');
INSERT INTO "questioncontent" VALUES(208,87,'在哪個地點做這個活動？');
INSERT INTO "questioncontent" VALUES(209,88,'什麼時候做這個事呢？');
INSERT INTO "questioncontent" VALUES(210,88,'做這件事是什麼時候呀？');
INSERT INTO "questioncontent" VALUES(211,89,'跟誰一起做了這個事情呀？');
INSERT INTO "questioncontent" VALUES(212,89,'是自己一個人嗎？還是有和誰一起呢？');
INSERT INTO "questioncontent" VALUES(213,125,'這項活動你覺得怎麼樣呢？');
INSERT INTO "questioncontent" VALUES(214,125,'做這個活動時感覺如何呀？');
INSERT INTO "questioncontent" VALUES(215,90,'你今天做了什麼呢心情那麼好？');
INSERT INTO "questioncontent" VALUES(216,90,'心情還行呦，是做了什麼事呀？');
INSERT INTO "questioncontent" VALUES(217,90,'做了什麼事呀？讓你心情普通');
INSERT INTO "questioncontent" VALUES(218,91,'為什麼會想做這個活動呀？');
INSERT INTO "questioncontent" VALUES(219,91,'是什麼原因讓你想做這個事呢？');
INSERT INTO "questioncontent" VALUES(220,91,'怎麼會選擇做這項活動呀？');
INSERT INTO "questioncontent" VALUES(221,92,'去哪邊做這個休閒娛樂呢？');
INSERT INTO "questioncontent" VALUES(222,92,'在哪裡做這件事呢？');
INSERT INTO "questioncontent" VALUES(223,92,'在哪個地點做這個活動？');
INSERT INTO "questioncontent" VALUES(224,93,'什麼時候做這個事呢？');
INSERT INTO "questioncontent" VALUES(225,93,'做這件事是什麼時候呀？');
INSERT INTO "questioncontent" VALUES(226,94,'跟誰一起做了這個事情呀？');
INSERT INTO "questioncontent" VALUES(227,94,'是自己一個人嗎？還是有和誰一起呢？');
INSERT INTO "questioncontent" VALUES(228,126,'這項活動你覺得怎麼樣呢？');
INSERT INTO "questioncontent" VALUES(229,126,'做這個活動時感覺如何呀？');
INSERT INTO "questioncontent" VALUES(230,95,'你今天做了什麼呢心情那麼好？');
INSERT INTO "questioncontent" VALUES(231,95,'心情不太好誒..是做了什麼事嗎？');
INSERT INTO "questioncontent" VALUES(232,95,'做了什麼事呀？讓你心情不太好');
INSERT INTO "questioncontent" VALUES(233,96,'為什麼會想做這個活動呀？');
INSERT INTO "questioncontent" VALUES(234,96,'是什麼原因讓你想做這個事呢？');
INSERT INTO "questioncontent" VALUES(235,96,'怎麼會選擇做這項活動呀？');
INSERT INTO "questioncontent" VALUES(236,97,'去哪邊做這個休閒娛樂呢？');
INSERT INTO "questioncontent" VALUES(237,97,'在哪裡做這件事呢？');
INSERT INTO "questioncontent" VALUES(238,97,'在哪個地點做這個活動？');
INSERT INTO "questioncontent" VALUES(239,98,'什麼時候做這個事呢？');
INSERT INTO "questioncontent" VALUES(240,98,'做這件事是什麼時候呀？');
INSERT INTO "questioncontent" VALUES(241,99,'跟誰一起做了這個事情呀？');
INSERT INTO "questioncontent" VALUES(242,99,'是自己一個人嗎？還是有和誰一起呢？');
INSERT INTO "questioncontent" VALUES(243,127,'這項活動你覺得怎麼樣呢？');
INSERT INTO "questioncontent" VALUES(244,127,'做這個活動時感覺如何呀？');
INSERT INTO "questioncontent" VALUES(245,100,'你今天做了什麼呢心情那麼好？');
INSERT INTO "questioncontent" VALUES(246,100,'怎麼心情不好了呢，是做了什麼事呀？');
INSERT INTO "questioncontent" VALUES(247,100,'做了什麼事呀？讓你心情那麼不好');
INSERT INTO "questioncontent" VALUES(248,101,'為什麼會想做這個活動呀？');
INSERT INTO "questioncontent" VALUES(249,101,'是什麼原因讓你想做這個事呢？');
INSERT INTO "questioncontent" VALUES(250,101,'怎麼會選擇做這項活動呀？');
INSERT INTO "questioncontent" VALUES(251,102,'去哪邊做這個休閒娛樂呢？');
INSERT INTO "questioncontent" VALUES(252,102,'在哪裡做這件事呢？');
INSERT INTO "questioncontent" VALUES(253,102,'在哪個地點做這個活動？');
INSERT INTO "questioncontent" VALUES(254,103,'什麼時候做這個事呢？');
INSERT INTO "questioncontent" VALUES(255,103,'做這件事是什麼時候呀？');
INSERT INTO "questioncontent" VALUES(256,104,'跟誰一起做了這個事情呀？');
INSERT INTO "questioncontent" VALUES(257,104,'是自己一個人嗎？還是有和誰一起呢？');
INSERT INTO "questioncontent" VALUES(258,128,'這項活動你覺得怎麼樣呢？');
INSERT INTO "questioncontent" VALUES(259,128,'做這個活動時感覺如何呀？');
INSERT INTO "questioncontent" VALUES(260,25,'今天去做了什麼事呢?');
INSERT INTO "questioncontent" VALUES(261,25,'你們今天做了什麼事~');
INSERT INTO "questioncontent" VALUES(262,25,'今天做了哪些事呢');
INSERT INTO "questioncontent" VALUES(263,26,'為甚麼會想做這件事~');
INSERT INTO "questioncontent" VALUES(264,26,'做這件事的原因是什麼呢?');
INSERT INTO "questioncontent" VALUES(265,26,'為甚麼想做這件事呢~');
INSERT INTO "questioncontent" VALUES(266,27,'去哪裡做這件事呢?');
INSERT INTO "questioncontent" VALUES(267,27,'你們今天去哪裡~');
INSERT INTO "questioncontent" VALUES(268,27,'這是在哪裡呢');
INSERT INTO "questioncontent" VALUES(269,28,'什麼時候去的呢~');
INSERT INTO "questioncontent" VALUES(270,28,'什麼時間去的呢?');
INSERT INTO "questioncontent" VALUES(271,28,'大概什麼時候呢?');
INSERT INTO "questioncontent" VALUES(272,29,'有誰和你們一起去呢?');
INSERT INTO "questioncontent" VALUES(273,29,'有邀請誰與你們同行呢?');
INSERT INTO "questioncontent" VALUES(274,29,'有找人一起去嗎?');
INSERT INTO "questioncontent" VALUES(275,105,'今天去做了什麼事呢?');
INSERT INTO "questioncontent" VALUES(276,105,'你們今天做了什麼事~');
INSERT INTO "questioncontent" VALUES(277,105,'今天做了哪些事呢');
INSERT INTO "questioncontent" VALUES(278,106,'為甚麼會想做這件事~');
INSERT INTO "questioncontent" VALUES(279,106,'做這件事的原因是什麼呢?');
INSERT INTO "questioncontent" VALUES(280,106,'為甚麼想做這件事呢~');
INSERT INTO "questioncontent" VALUES(281,107,'去哪裡做這件事呢?');
INSERT INTO "questioncontent" VALUES(282,107,'你們今天去哪裡~');
INSERT INTO "questioncontent" VALUES(283,107,'這是在哪裡呢');
INSERT INTO "questioncontent" VALUES(284,108,'什麼時候去的呢~');
INSERT INTO "questioncontent" VALUES(285,108,'什麼時間去的呢?');
INSERT INTO "questioncontent" VALUES(286,108,'大概什麼時候呢?');
INSERT INTO "questioncontent" VALUES(287,109,'有誰和你們一起去呢?');
INSERT INTO "questioncontent" VALUES(288,109,'有邀請誰與你們同行呢?');
INSERT INTO "questioncontent" VALUES(289,109,'有找人一起去嗎?');
INSERT INTO "questioncontent" VALUES(290,110,'今天去做了什麼事呢?');
INSERT INTO "questioncontent" VALUES(291,110,'你們今天做了什麼事~');
INSERT INTO "questioncontent" VALUES(292,110,'今天做了哪些事呢');
INSERT INTO "questioncontent" VALUES(293,111,'為甚麼會想做這件事~');
INSERT INTO "questioncontent" VALUES(294,111,'做這件事的原因是什麼呢?');
INSERT INTO "questioncontent" VALUES(295,111,'為甚麼想做這件事呢~');
INSERT INTO "questioncontent" VALUES(296,112,'去哪裡做這件事呢?');
INSERT INTO "questioncontent" VALUES(297,112,'你們今天去哪裡~');
INSERT INTO "questioncontent" VALUES(298,112,'這是在哪裡呢');
INSERT INTO "questioncontent" VALUES(299,113,'什麼時候去的呢~');
INSERT INTO "questioncontent" VALUES(300,113,'什麼時間去的呢?');
INSERT INTO "questioncontent" VALUES(301,113,'大概什麼時候呢?');
INSERT INTO "questioncontent" VALUES(302,114,'有誰和你們一起去呢?');
INSERT INTO "questioncontent" VALUES(303,114,'有邀請誰與你們同行呢?');
INSERT INTO "questioncontent" VALUES(304,114,'有找人一起去嗎?');
INSERT INTO "questioncontent" VALUES(305,115,'今天去做了什麼事呢?');
INSERT INTO "questioncontent" VALUES(306,115,'你們今天做了什麼事~');
INSERT INTO "questioncontent" VALUES(307,115,'今天做了哪些事呢');
INSERT INTO "questioncontent" VALUES(308,116,'為甚麼會想做這件事~');
INSERT INTO "questioncontent" VALUES(309,116,'做這件事的原因是什麼呢?');
INSERT INTO "questioncontent" VALUES(310,116,'為甚麼想做這件事呢~');
INSERT INTO "questioncontent" VALUES(311,117,'去哪裡做這件事呢?');
INSERT INTO "questioncontent" VALUES(312,117,'你們今天去哪裡~');
INSERT INTO "questioncontent" VALUES(313,117,'這是在哪裡呢');
INSERT INTO "questioncontent" VALUES(314,118,'什麼時候去的呢~');
INSERT INTO "questioncontent" VALUES(315,118,'什麼時間去的呢?');
INSERT INTO "questioncontent" VALUES(316,118,'大概什麼時候呢?');
INSERT INTO "questioncontent" VALUES(317,119,'有誰和你們一起去呢?');
INSERT INTO "questioncontent" VALUES(318,119,'有邀請誰與你們同行呢?');
INSERT INTO "questioncontent" VALUES(319,119,'有找人一起去嗎?');
INSERT INTO "questioncontent" VALUES(320,120,'你們之間發生什麼事了?');
INSERT INTO "questioncontent" VALUES(321,120,'有甚麼事情發生嗎?');
INSERT INTO "questioncontent" VALUES(322,120,'發生什麼事情?');
INSERT INTO "questioncontent" VALUES(323,121,'為什麼會這樣 :(');
INSERT INTO "questioncontent" VALUES(324,121,'怎麼會這樣  :(');
INSERT INTO "questioncontent" VALUES(325,121,'怎麼了?');
INSERT INTO "questioncontent" VALUES(326,122,'在哪裡發生的?');
INSERT INTO "questioncontent" VALUES(327,122,'什麼地方發生的?');
INSERT INTO "questioncontent" VALUES(328,123,'什麼時候發生的?');
INSERT INTO "questioncontent" VALUES(329,124,'有向誰訴說心情嗎?');
INSERT INTO "questioncontent" VALUES(330,124,'有試著與誰分享嗎?');
INSERT INTO "questioncontent" VALUES(331,124,'有找人討論問題所在嗎~');
CREATE TABLE `sentence_pattern` (            `sentencePatternNo` INTEGER PRIMARY KEY AUTOINCREMENT NOT NULL,            `pattern` varchar(255) NOT NULL,            `questionClassNo` INTEGER NOT NULL,            FOREIGN KEY (`questionClassNo`) REFERENCES `questionclass` (`questionClassNo`),            UNIQUE(pattern, questionClassNo)        );
INSERT INTO "sentence_pattern" VALUES(1,'吃了一份_option_',1);
INSERT INTO "sentence_pattern" VALUES(2,'享用了_option_',1);
INSERT INTO "sentence_pattern" VALUES(3,'喝了_option_',1);
INSERT INTO "sentence_pattern" VALUES(4,'小酌了_option_',1);
INSERT INTO "sentence_pattern" VALUES(5,'沒什麼特別原因',2);
INSERT INTO "sentence_pattern" VALUES(6,'沒為什麼',2);
INSERT INTO "sentence_pattern" VALUES(7,'因為_option_',2);
INSERT INTO "sentence_pattern" VALUES(8,'因為肚子餓了',2);
INSERT INTO "sentence_pattern" VALUES(9,'因為有_option_要參加',2);
INSERT INTO "sentence_pattern" VALUES(10,'因為要_option_',2);
INSERT INTO "sentence_pattern" VALUES(11,'為了_option_',2);
INSERT INTO "sentence_pattern" VALUES(12,'因為這道料理很_option_',2);
INSERT INTO "sentence_pattern" VALUES(13,'為了要解饞',2);
INSERT INTO "sentence_pattern" VALUES(14,'因為想_option_',2);
INSERT INTO "sentence_pattern" VALUES(15,'去了一家_option_',3);
INSERT INTO "sentence_pattern" VALUES(16,'在_option_',3);
INSERT INTO "sentence_pattern" VALUES(17,'去_option_',3);
INSERT INTO "sentence_pattern" VALUES(18,'待在_option_',3);
INSERT INTO "sentence_pattern" VALUES(19,'在_option_的時候',4);
INSERT INTO "sentence_pattern" VALUES(20,'早晨時',4);
INSERT INTO "sentence_pattern" VALUES(21,'日落後',4);
INSERT INTO "sentence_pattern" VALUES(22,'半夜時',4);
INSERT INTO "sentence_pattern" VALUES(23,'跟_option_在一起',5);
INSERT INTO "sentence_pattern" VALUES(24,'過程中有_opotion_的陪伴',5);
INSERT INTO "sentence_pattern" VALUES(25,'和_option_',5);
INSERT INTO "sentence_pattern" VALUES(26,'和_option_一起',5);
INSERT INTO "sentence_pattern" VALUES(27,'自己一個人',5);
INSERT INTO "sentence_pattern" VALUES(28,'一個人',5);
INSERT INTO "sentence_pattern" VALUES(29,'嚐起來_multiOption_',6);
INSERT INTO "sentence_pattern" VALUES(30,'看起來_multiOption_',6);
INSERT INTO "sentence_pattern" VALUES(31,'可以聞到_multiOption_的味道',6);
INSERT INTO "sentence_pattern" VALUES(32,'有_multiOption_的口感',6);
INSERT INTO "sentence_pattern" VALUES(33,'今天_option_的時候',10);
INSERT INTO "sentence_pattern" VALUES(34,'我和_option_',11);
INSERT INTO "sentence_pattern" VALUES(35,'因為_option_',8);
INSERT INTO "sentence_pattern" VALUES(36,'所以到_option_',9);
INSERT INTO "sentence_pattern" VALUES(37,'買_option_',7);
INSERT INTO "sentence_pattern" VALUES(38,'到_option_',9);
INSERT INTO "sentence_pattern" VALUES(39,'去買_option_',7);
INSERT INTO "sentence_pattern" VALUES(40,'今天_option_',8);
INSERT INTO "sentence_pattern" VALUES(41,'今天到_option_',9);
INSERT INTO "sentence_pattern" VALUES(42,'今天去買_option_',7);
INSERT INTO "sentence_pattern" VALUES(43,'今天_option_的時候',40);
INSERT INTO "sentence_pattern" VALUES(44,'我和_option_',41);
INSERT INTO "sentence_pattern" VALUES(45,'因為_option_',38);
INSERT INTO "sentence_pattern" VALUES(46,'所以到_option_',39);
INSERT INTO "sentence_pattern" VALUES(47,'買_option_',37);
INSERT INTO "sentence_pattern" VALUES(48,'到_option_',39);
INSERT INTO "sentence_pattern" VALUES(49,'去買_option_',37);
INSERT INTO "sentence_pattern" VALUES(50,'今天_option_',38);
INSERT INTO "sentence_pattern" VALUES(51,'今天到_option_',39);
INSERT INTO "sentence_pattern" VALUES(52,'今天去買_option_',37);
INSERT INTO "sentence_pattern" VALUES(53,'今天_option_的時候',52);
INSERT INTO "sentence_pattern" VALUES(54,'我和_option_',53);
INSERT INTO "sentence_pattern" VALUES(55,'因為_option_',50);
INSERT INTO "sentence_pattern" VALUES(56,'所以到_option_',51);
INSERT INTO "sentence_pattern" VALUES(57,'買_option_',49);
INSERT INTO "sentence_pattern" VALUES(58,'到_option_',51);
INSERT INTO "sentence_pattern" VALUES(59,'去買_option_',49);
INSERT INTO "sentence_pattern" VALUES(60,'今天_option_',50);
INSERT INTO "sentence_pattern" VALUES(61,'今天到_option_',51);
INSERT INTO "sentence_pattern" VALUES(62,'今天去買_option_',49);
INSERT INTO "sentence_pattern" VALUES(63,'今天_option_的時候',57);
INSERT INTO "sentence_pattern" VALUES(64,'我和_option_',58);
INSERT INTO "sentence_pattern" VALUES(65,'因為_option_',55);
INSERT INTO "sentence_pattern" VALUES(66,'所以到_option_',56);
INSERT INTO "sentence_pattern" VALUES(67,'買_option_',54);
INSERT INTO "sentence_pattern" VALUES(68,'到_option_',56);
INSERT INTO "sentence_pattern" VALUES(69,'去買_option_',54);
INSERT INTO "sentence_pattern" VALUES(70,'今天_option_',55);
INSERT INTO "sentence_pattern" VALUES(71,'今天到_option_',56);
INSERT INTO "sentence_pattern" VALUES(72,'今天去買_option_',54);
INSERT INTO "sentence_pattern" VALUES(73,'今天_option_的時候',62);
INSERT INTO "sentence_pattern" VALUES(74,'我和_option_',63);
INSERT INTO "sentence_pattern" VALUES(75,'因為_option_',60);
INSERT INTO "sentence_pattern" VALUES(76,'所以到_option_',61);
INSERT INTO "sentence_pattern" VALUES(77,'買_option_',59);
INSERT INTO "sentence_pattern" VALUES(78,'到_option_',61);
INSERT INTO "sentence_pattern" VALUES(79,'去買_option_',59);
INSERT INTO "sentence_pattern" VALUES(80,'今天_option_',60);
INSERT INTO "sentence_pattern" VALUES(81,'今天到_option_',61);
INSERT INTO "sentence_pattern" VALUES(82,'今天去買_option_',59);
INSERT INTO "sentence_pattern" VALUES(83,'今天_option_的時候',34);
INSERT INTO "sentence_pattern" VALUES(84,'我和_option_',35);
INSERT INTO "sentence_pattern" VALUES(85,'因為_option_',32);
INSERT INTO "sentence_pattern" VALUES(86,'所以到_option_',33);
INSERT INTO "sentence_pattern" VALUES(87,'吃_option_',31);
INSERT INTO "sentence_pattern" VALUES(88,'到_option_',33);
INSERT INTO "sentence_pattern" VALUES(89,'去吃_option_',31);
INSERT INTO "sentence_pattern" VALUES(90,'今天_option_',32);
INSERT INTO "sentence_pattern" VALUES(91,'今天到_option_',33);
INSERT INTO "sentence_pattern" VALUES(92,'今天去吃_option_',31);
INSERT INTO "sentence_pattern" VALUES(93,'這道料理吃起來有_multiOption_',36);
INSERT INTO "sentence_pattern" VALUES(94,'這道料理看起來有_multiOption_的感覺',36);
INSERT INTO "sentence_pattern" VALUES(95,'這道料理聞起來有著_multiOption_的感覺',36);
INSERT INTO "sentence_pattern" VALUES(96,'喝_option_',31);
INSERT INTO "sentence_pattern" VALUES(97,'去喝_option_',31);
INSERT INTO "sentence_pattern" VALUES(98,'今天去喝_option_',31);
INSERT INTO "sentence_pattern" VALUES(99,'它喝起來有_multiOption_',36);
INSERT INTO "sentence_pattern" VALUES(100,'它看起來有_multiOption_的感覺',36);
INSERT INTO "sentence_pattern" VALUES(101,'它聞起來有著_multiOption_的感覺',36);
INSERT INTO "sentence_pattern" VALUES(102,'今天_option_的時候',70);
INSERT INTO "sentence_pattern" VALUES(103,'我和_option_',71);
INSERT INTO "sentence_pattern" VALUES(104,'因為_option_',68);
INSERT INTO "sentence_pattern" VALUES(105,'所以到_option_',69);
INSERT INTO "sentence_pattern" VALUES(106,'吃_option_',67);
INSERT INTO "sentence_pattern" VALUES(107,'到_option_',69);
INSERT INTO "sentence_pattern" VALUES(108,'去吃_option_',67);
INSERT INTO "sentence_pattern" VALUES(109,'今天_option_',68);
INSERT INTO "sentence_pattern" VALUES(110,'今天到_option_',69);
INSERT INTO "sentence_pattern" VALUES(111,'今天去吃_option_',67);
INSERT INTO "sentence_pattern" VALUES(112,'這道料理吃起來有_multiOption_',72);
INSERT INTO "sentence_pattern" VALUES(113,'這道料理看起來有_multiOption_的感覺',72);
INSERT INTO "sentence_pattern" VALUES(114,'這道料理聞起來有著_multiOption_的感覺',72);
INSERT INTO "sentence_pattern" VALUES(115,'喝_option_',67);
INSERT INTO "sentence_pattern" VALUES(116,'去喝_option_',67);
INSERT INTO "sentence_pattern" VALUES(117,'今天去喝_option_',67);
INSERT INTO "sentence_pattern" VALUES(118,'它喝起來有_multiOption_',72);
INSERT INTO "sentence_pattern" VALUES(119,'它看起來有_multiOption_的感覺',72);
INSERT INTO "sentence_pattern" VALUES(120,'它聞起來有著_multiOption_的感覺',72);
INSERT INTO "sentence_pattern" VALUES(121,'今天_option_的時候',76);
INSERT INTO "sentence_pattern" VALUES(122,'我和_option_',77);
INSERT INTO "sentence_pattern" VALUES(123,'因為_option_',74);
INSERT INTO "sentence_pattern" VALUES(124,'所以到_option_',75);
INSERT INTO "sentence_pattern" VALUES(125,'吃_option_',73);
INSERT INTO "sentence_pattern" VALUES(126,'到_option_',75);
INSERT INTO "sentence_pattern" VALUES(127,'去吃_option_',73);
INSERT INTO "sentence_pattern" VALUES(128,'今天_option_',74);
INSERT INTO "sentence_pattern" VALUES(129,'今天到_option_',75);
INSERT INTO "sentence_pattern" VALUES(130,'今天去吃_option_',73);
INSERT INTO "sentence_pattern" VALUES(131,'這道料理吃起來有_multiOption_',78);
INSERT INTO "sentence_pattern" VALUES(132,'這道料理看起來有_multiOption_的感覺',78);
INSERT INTO "sentence_pattern" VALUES(133,'這道料理聞起來有著_multiOption_的感覺',78);
INSERT INTO "sentence_pattern" VALUES(134,'喝_option_',73);
INSERT INTO "sentence_pattern" VALUES(135,'去喝_option_',73);
INSERT INTO "sentence_pattern" VALUES(136,'今天去喝_option_',73);
INSERT INTO "sentence_pattern" VALUES(137,'它喝起來有_multiOption_',78);
INSERT INTO "sentence_pattern" VALUES(138,'它看起來有_multiOption_的感覺',78);
INSERT INTO "sentence_pattern" VALUES(139,'它聞起來有著_multiOption_的感覺',78);
INSERT INTO "sentence_pattern" VALUES(140,'今天_option_的時候',82);
INSERT INTO "sentence_pattern" VALUES(141,'我和_option_',83);
INSERT INTO "sentence_pattern" VALUES(142,'因為_option_',80);
INSERT INTO "sentence_pattern" VALUES(143,'所以到_option_',81);
INSERT INTO "sentence_pattern" VALUES(144,'吃_option_',79);
INSERT INTO "sentence_pattern" VALUES(145,'到_option_',81);
INSERT INTO "sentence_pattern" VALUES(146,'去吃_option_',79);
INSERT INTO "sentence_pattern" VALUES(147,'今天_option_',80);
INSERT INTO "sentence_pattern" VALUES(148,'今天到_option_',81);
INSERT INTO "sentence_pattern" VALUES(149,'今天去吃_option_',79);
INSERT INTO "sentence_pattern" VALUES(150,'這道料理吃起來有_multiOption_',84);
INSERT INTO "sentence_pattern" VALUES(151,'這道料理看起來有_multiOption_的感覺',84);
INSERT INTO "sentence_pattern" VALUES(152,'這道料理聞起來有著_multiOption_的感覺',84);
INSERT INTO "sentence_pattern" VALUES(153,'喝_option_',79);
INSERT INTO "sentence_pattern" VALUES(154,'去喝_option_',79);
INSERT INTO "sentence_pattern" VALUES(155,'今天去喝_option_',79);
INSERT INTO "sentence_pattern" VALUES(156,'它喝起來有_multiOption_',84);
INSERT INTO "sentence_pattern" VALUES(157,'它看起來有_multiOption_的感覺',84);
INSERT INTO "sentence_pattern" VALUES(158,'它聞起來有著_multiOption_的感覺',84);
INSERT INTO "sentence_pattern" VALUES(159,'_option_的時候',22);
INSERT INTO "sentence_pattern" VALUES(160,'我和_option_',23);
INSERT INTO "sentence_pattern" VALUES(161,'因為_option_',20);
INSERT INTO "sentence_pattern" VALUES(162,'所以在_option_',21);
INSERT INTO "sentence_pattern" VALUES(163,'_option_',19);
INSERT INTO "sentence_pattern" VALUES(164,'今天_option_的時候',22);
INSERT INTO "sentence_pattern" VALUES(165,'所以去_option_',21);
INSERT INTO "sentence_pattern" VALUES(166,'在_option_',21);
INSERT INTO "sentence_pattern" VALUES(167,'我今天因為_option_',20);
INSERT INTO "sentence_pattern" VALUES(168,'今天在_option_',21);
INSERT INTO "sentence_pattern" VALUES(169,'我今天去_option_',19);
INSERT INTO "sentence_pattern" VALUES(170,'我今天_option_',19);
INSERT INTO "sentence_pattern" VALUES(171,'我今天在_option_',19);
INSERT INTO "sentence_pattern" VALUES(172,'今天在_option_上',21);
INSERT INTO "sentence_pattern" VALUES(173,'所以在_option_上',21);
INSERT INTO "sentence_pattern" VALUES(174,'在_option_上',21);
INSERT INTO "sentence_pattern" VALUES(175,'所以在_option_上上',21);
INSERT INTO "sentence_pattern" VALUES(176,'所以去_option_',19);
INSERT INTO "sentence_pattern" VALUES(177,'我_option_',23);
INSERT INTO "sentence_pattern" VALUES(178,'_option_的時候',88);
INSERT INTO "sentence_pattern" VALUES(179,'我和_option_',89);
INSERT INTO "sentence_pattern" VALUES(180,'因為_option_',86);
INSERT INTO "sentence_pattern" VALUES(181,'所以在_option_',87);
INSERT INTO "sentence_pattern" VALUES(182,'_option_',85);
INSERT INTO "sentence_pattern" VALUES(183,'今天_option_的時候',88);
INSERT INTO "sentence_pattern" VALUES(184,'在_option_',87);
INSERT INTO "sentence_pattern" VALUES(185,'我今天因為_option_',86);
INSERT INTO "sentence_pattern" VALUES(186,'今天到_option_',87);
INSERT INTO "sentence_pattern" VALUES(187,'我今天_option_',85);
INSERT INTO "sentence_pattern" VALUES(188,'_option_的時候',93);
INSERT INTO "sentence_pattern" VALUES(189,'我和_option_',94);
INSERT INTO "sentence_pattern" VALUES(190,'因為_option_',91);
INSERT INTO "sentence_pattern" VALUES(191,'所以在_option_',92);
INSERT INTO "sentence_pattern" VALUES(192,'_option_',90);
INSERT INTO "sentence_pattern" VALUES(193,'今天_option_的時候',93);
INSERT INTO "sentence_pattern" VALUES(194,'在_option_',92);
INSERT INTO "sentence_pattern" VALUES(195,'我今天因為_option_',91);
INSERT INTO "sentence_pattern" VALUES(196,'今天到_option_',92);
INSERT INTO "sentence_pattern" VALUES(197,'我今天_option_',90);
INSERT INTO "sentence_pattern" VALUES(198,'_option_的時候',98);
INSERT INTO "sentence_pattern" VALUES(199,'我和_option_',99);
INSERT INTO "sentence_pattern" VALUES(200,'因為_option_',96);
INSERT INTO "sentence_pattern" VALUES(201,'所以在_option_',97);
INSERT INTO "sentence_pattern" VALUES(202,'_option_',95);
INSERT INTO "sentence_pattern" VALUES(203,'今天_option_的時候',98);
INSERT INTO "sentence_pattern" VALUES(204,'在_option_',97);
INSERT INTO "sentence_pattern" VALUES(205,'我今天因為_option_',96);
INSERT INTO "sentence_pattern" VALUES(206,'今天到_option_',97);
INSERT INTO "sentence_pattern" VALUES(207,'我今天_option_',95);
INSERT INTO "sentence_pattern" VALUES(208,'_option_的時候',103);
INSERT INTO "sentence_pattern" VALUES(209,'我和_option_',104);
INSERT INTO "sentence_pattern" VALUES(210,'因為_option_',101);
INSERT INTO "sentence_pattern" VALUES(211,'所以在_option_',102);
INSERT INTO "sentence_pattern" VALUES(212,'_option_',100);
INSERT INTO "sentence_pattern" VALUES(213,'今天_option_的時候',103);
INSERT INTO "sentence_pattern" VALUES(214,'在_option_',102);
INSERT INTO "sentence_pattern" VALUES(215,'我今天因為_option_',101);
INSERT INTO "sentence_pattern" VALUES(216,'今天到_option_',102);
INSERT INTO "sentence_pattern" VALUES(217,'我今天_option_',100);
INSERT INTO "sentence_pattern" VALUES(218,'_option_的時候',28);
INSERT INTO "sentence_pattern" VALUES(219,'我和情人及_option_',29);
INSERT INTO "sentence_pattern" VALUES(220,'去_option_',27);
INSERT INTO "sentence_pattern" VALUES(221,'_option_',25);
INSERT INTO "sentence_pattern" VALUES(222,'因為我們要_option_',26);
INSERT INTO "sentence_pattern" VALUES(223,'我和情人去_option_',27);
INSERT INTO "sentence_pattern" VALUES(224,'我和情人及家人',27);
INSERT INTO "sentence_pattern" VALUES(225,'去餐廳',25);
INSERT INTO "sentence_pattern" VALUES(226,'約會',26);
INSERT INTO "sentence_pattern" VALUES(227,'我和情人_option_',25);
INSERT INTO "sentence_pattern" VALUES(228,'我和情人',26);
INSERT INTO "sentence_pattern" VALUES(229,'我和情人_option_',29);
INSERT INTO "sentence_pattern" VALUES(230,'在_option_',27);
INSERT INTO "sentence_pattern" VALUES(231,'因為我們_option_',26);
INSERT INTO "sentence_pattern" VALUES(232,'因為是我們_option_',26);
INSERT INTO "sentence_pattern" VALUES(233,'在賣場',27);
INSERT INTO "sentence_pattern" VALUES(234,'超市',25);
INSERT INTO "sentence_pattern" VALUES(235,'逛街',26);
INSERT INTO "sentence_pattern" VALUES(236,'超市',26);
INSERT INTO "sentence_pattern" VALUES(237,'去公園',25);
INSERT INTO "sentence_pattern" VALUES(238,'去百貨公司',25);
INSERT INTO "sentence_pattern" VALUES(239,'去商圈',25);
INSERT INTO "sentence_pattern" VALUES(240,'去夜市',25);
INSERT INTO "sentence_pattern" VALUES(241,'吃飯',26);
INSERT INTO "sentence_pattern" VALUES(242,'我和情人去百貨公司',27);
INSERT INTO "sentence_pattern" VALUES(243,'我和情人去商圈',27);
INSERT INTO "sentence_pattern" VALUES(244,'我和情人去夜市',27);
INSERT INTO "sentence_pattern" VALUES(245,'我和情人去家裡',27);
INSERT INTO "sentence_pattern" VALUES(246,'去家裡',25);
INSERT INTO "sentence_pattern" VALUES(247,'運動',26);
INSERT INTO "sentence_pattern" VALUES(248,'我和情人去公園',27);
INSERT INTO "sentence_pattern" VALUES(249,'_option_的時候',108);
INSERT INTO "sentence_pattern" VALUES(250,'我和情人及_option_',109);
INSERT INTO "sentence_pattern" VALUES(251,'去_option_',107);
INSERT INTO "sentence_pattern" VALUES(252,'_option_',105);
INSERT INTO "sentence_pattern" VALUES(253,'因為我們要_option_',106);
INSERT INTO "sentence_pattern" VALUES(254,'我和情人去_option_',107);
INSERT INTO "sentence_pattern" VALUES(255,'我和情人及家人',107);
INSERT INTO "sentence_pattern" VALUES(256,'去餐廳',105);
INSERT INTO "sentence_pattern" VALUES(257,'約會',106);
INSERT INTO "sentence_pattern" VALUES(258,'我和情人_option_',105);
INSERT INTO "sentence_pattern" VALUES(259,'我和情人',106);
INSERT INTO "sentence_pattern" VALUES(260,'我和情人_option_',109);
INSERT INTO "sentence_pattern" VALUES(261,'在_option_',107);
INSERT INTO "sentence_pattern" VALUES(262,'因為我們_option_',106);
INSERT INTO "sentence_pattern" VALUES(263,'因為是我們_option_',106);
INSERT INTO "sentence_pattern" VALUES(264,'在賣場',107);
INSERT INTO "sentence_pattern" VALUES(265,'超市',105);
INSERT INTO "sentence_pattern" VALUES(266,'逛街',106);
INSERT INTO "sentence_pattern" VALUES(267,'超市',106);
INSERT INTO "sentence_pattern" VALUES(268,'去公園',105);
INSERT INTO "sentence_pattern" VALUES(269,'去百貨公司',105);
INSERT INTO "sentence_pattern" VALUES(270,'去商圈',105);
INSERT INTO "sentence_pattern" VALUES(271,'去夜市',105);
INSERT INTO "sentence_pattern" VALUES(272,'吃飯',106);
INSERT INTO "sentence_pattern" VALUES(273,'我和情人去百貨公司',107);
INSERT INTO "sentence_pattern" VALUES(274,'我和情人去商圈',107);
INSERT INTO "sentence_pattern" VALUES(275,'我和情人去夜市',107);
INSERT INTO "sentence_pattern" VALUES(276,'我和情人去家裡',107);
INSERT INTO "sentence_pattern" VALUES(277,'去家裡',105);
INSERT INTO "sentence_pattern" VALUES(278,'運動',106);
INSERT INTO "sentence_pattern" VALUES(279,'我和情人去公園',107);
INSERT INTO "sentence_pattern" VALUES(280,'_option_的時候',113);
INSERT INTO "sentence_pattern" VALUES(281,'我和情人及_option_',114);
INSERT INTO "sentence_pattern" VALUES(282,'去_option_',112);
INSERT INTO "sentence_pattern" VALUES(283,'_option_',110);
INSERT INTO "sentence_pattern" VALUES(284,'因為我們要_option_',111);
INSERT INTO "sentence_pattern" VALUES(285,'我和情人去_option_',112);
INSERT INTO "sentence_pattern" VALUES(286,'我和情人及家人',112);
INSERT INTO "sentence_pattern" VALUES(287,'去餐廳',110);
INSERT INTO "sentence_pattern" VALUES(288,'約會',111);
INSERT INTO "sentence_pattern" VALUES(289,'我和情人_option_',110);
INSERT INTO "sentence_pattern" VALUES(290,'我和情人',111);
INSERT INTO "sentence_pattern" VALUES(291,'我和情人_option_',114);
INSERT INTO "sentence_pattern" VALUES(292,'在_option_',112);
INSERT INTO "sentence_pattern" VALUES(293,'因為我們_option_',111);
INSERT INTO "sentence_pattern" VALUES(294,'因為是我們_option_',111);
INSERT INTO "sentence_pattern" VALUES(295,'在賣場',112);
INSERT INTO "sentence_pattern" VALUES(296,'超市',110);
INSERT INTO "sentence_pattern" VALUES(297,'逛街',111);
INSERT INTO "sentence_pattern" VALUES(298,'超市',111);
INSERT INTO "sentence_pattern" VALUES(299,'去公園',110);
INSERT INTO "sentence_pattern" VALUES(300,'去百貨公司',110);
INSERT INTO "sentence_pattern" VALUES(301,'去商圈',110);
INSERT INTO "sentence_pattern" VALUES(302,'去夜市',110);
INSERT INTO "sentence_pattern" VALUES(303,'吃飯',111);
INSERT INTO "sentence_pattern" VALUES(304,'我和情人去百貨公司',112);
INSERT INTO "sentence_pattern" VALUES(305,'我和情人去商圈',112);
INSERT INTO "sentence_pattern" VALUES(306,'我和情人去夜市',112);
INSERT INTO "sentence_pattern" VALUES(307,'我和情人去家裡',112);
INSERT INTO "sentence_pattern" VALUES(308,'去家裡',110);
INSERT INTO "sentence_pattern" VALUES(309,'運動',111);
INSERT INTO "sentence_pattern" VALUES(310,'我和情人去公園',112);
INSERT INTO "sentence_pattern" VALUES(311,'_option_的時候',118);
INSERT INTO "sentence_pattern" VALUES(312,'我和情人及_option_',119);
INSERT INTO "sentence_pattern" VALUES(313,'去_option_',117);
INSERT INTO "sentence_pattern" VALUES(314,'_option_',115);
INSERT INTO "sentence_pattern" VALUES(315,'因為我們要_option_',116);
INSERT INTO "sentence_pattern" VALUES(316,'我和情人去_option_',117);
INSERT INTO "sentence_pattern" VALUES(317,'我和情人及家人',117);
INSERT INTO "sentence_pattern" VALUES(318,'去餐廳',115);
INSERT INTO "sentence_pattern" VALUES(319,'約會',116);
INSERT INTO "sentence_pattern" VALUES(320,'我和情人_option_',115);
INSERT INTO "sentence_pattern" VALUES(321,'我和情人',116);
INSERT INTO "sentence_pattern" VALUES(322,'我和情人_option_',119);
INSERT INTO "sentence_pattern" VALUES(323,'在_option_',117);
INSERT INTO "sentence_pattern" VALUES(324,'因為我們_option_',116);
INSERT INTO "sentence_pattern" VALUES(325,'因為是我們_option_',116);
INSERT INTO "sentence_pattern" VALUES(326,'在賣場',117);
INSERT INTO "sentence_pattern" VALUES(327,'超市',115);
INSERT INTO "sentence_pattern" VALUES(328,'逛街',116);
INSERT INTO "sentence_pattern" VALUES(329,'超市',116);
INSERT INTO "sentence_pattern" VALUES(330,'去公園',115);
INSERT INTO "sentence_pattern" VALUES(331,'去百貨公司',115);
INSERT INTO "sentence_pattern" VALUES(332,'去商圈',115);
INSERT INTO "sentence_pattern" VALUES(333,'去夜市',115);
INSERT INTO "sentence_pattern" VALUES(334,'吃飯',116);
INSERT INTO "sentence_pattern" VALUES(335,'我和情人去百貨公司',117);
INSERT INTO "sentence_pattern" VALUES(336,'我和情人去商圈',117);
INSERT INTO "sentence_pattern" VALUES(337,'我和情人去夜市',117);
INSERT INTO "sentence_pattern" VALUES(338,'我和情人去家裡',117);
INSERT INTO "sentence_pattern" VALUES(339,'去家裡',115);
INSERT INTO "sentence_pattern" VALUES(340,'運動',116);
INSERT INTO "sentence_pattern" VALUES(341,'我和情人去公園',117);
INSERT INTO "sentence_pattern" VALUES(342,'_option_的時候',123);
INSERT INTO "sentence_pattern" VALUES(343,'我和情人及_option_',124);
INSERT INTO "sentence_pattern" VALUES(344,'去_option_',122);
INSERT INTO "sentence_pattern" VALUES(345,'_option_',120);
INSERT INTO "sentence_pattern" VALUES(346,'因為我們_option_',121);
INSERT INTO "sentence_pattern" VALUES(347,'我和情人去_option_',122);
INSERT INTO "sentence_pattern" VALUES(348,'我和情人及家人',122);
INSERT INTO "sentence_pattern" VALUES(349,'去餐廳',120);
INSERT INTO "sentence_pattern" VALUES(350,'吵架',121);
INSERT INTO "sentence_pattern" VALUES(351,'我和情人_option_',120);
INSERT INTO "sentence_pattern" VALUES(352,'我和情人',121);
INSERT INTO "sentence_pattern" VALUES(353,'我和情人_option_',124);
INSERT INTO "sentence_pattern" VALUES(354,'在_option_',122);
INSERT INTO "sentence_pattern" VALUES(355,'因為是我們_option_',121);
INSERT INTO "sentence_pattern" VALUES(356,'在賣場',122);
INSERT INTO "sentence_pattern" VALUES(357,'超市',120);
INSERT INTO "sentence_pattern" VALUES(358,'抱怨',121);
INSERT INTO "sentence_pattern" VALUES(359,'超市',121);
INSERT INTO "sentence_pattern" VALUES(360,'去公園',120);
INSERT INTO "sentence_pattern" VALUES(361,'去百貨公司',120);
INSERT INTO "sentence_pattern" VALUES(362,'去商圈',120);
INSERT INTO "sentence_pattern" VALUES(363,'去夜市',120);
INSERT INTO "sentence_pattern" VALUES(364,'打架',121);
INSERT INTO "sentence_pattern" VALUES(365,'我和情人去百貨公司',122);
INSERT INTO "sentence_pattern" VALUES(366,'我和情人去商圈',122);
INSERT INTO "sentence_pattern" VALUES(367,'我和情人去夜市',122);
INSERT INTO "sentence_pattern" VALUES(368,'我和情人去家裡',122);
INSERT INTO "sentence_pattern" VALUES(369,'去家裡',120);
INSERT INTO "sentence_pattern" VALUES(370,'分手',121);
INSERT INTO "sentence_pattern" VALUES(371,'我和情人去公園',122);
INSERT INTO "sentence_pattern" VALUES(372,'我因為_option_',20);
INSERT INTO "sentence_pattern" VALUES(373,'我去_option_',19);
INSERT INTO "sentence_pattern" VALUES(374,'我_option_',19);
INSERT INTO "sentence_pattern" VALUES(375,'我在_option_',19);
INSERT INTO "sentence_pattern" VALUES(376,'我因為_option_',86);
INSERT INTO "sentence_pattern" VALUES(377,'到_option_',87);
INSERT INTO "sentence_pattern" VALUES(378,'我_option_',85);
INSERT INTO "sentence_pattern" VALUES(379,'我因為_option_',91);
INSERT INTO "sentence_pattern" VALUES(380,'到_option_',92);
INSERT INTO "sentence_pattern" VALUES(381,'我_option_',90);
INSERT INTO "sentence_pattern" VALUES(382,'我因為_option_',96);
INSERT INTO "sentence_pattern" VALUES(383,'到_option_',97);
INSERT INTO "sentence_pattern" VALUES(384,'我_option_',95);
INSERT INTO "sentence_pattern" VALUES(385,'我因為_option_',101);
INSERT INTO "sentence_pattern" VALUES(386,'到_option_',102);
INSERT INTO "sentence_pattern" VALUES(387,'我_option_',100);
DELETE FROM "sqlite_sequence";
INSERT INTO "sqlite_sequence" VALUES('question',25);
INSERT INTO "sqlite_sequence" VALUES('questionclass',128);
INSERT INTO "sqlite_sequence" VALUES('questioncontent',331);
INSERT INTO "sqlite_sequence" VALUES('option',628);
INSERT INTO "sqlite_sequence" VALUES('how_describe',28);
INSERT INTO "sqlite_sequence" VALUES('sentence_pattern',387);
COMMIT;