BEGIN TRANSACTION;
CREATE TABLE `how_describe` (            `howNo` INTEGER PRIMARY KEY AUTOINCREMENT NOT NULL,            `optionNo` INTEGER NOT NULL,            `sence` int(5) DEFAULT NULL,            `describe` varchar(255) DEFAULT NULL,            UNIQUE(sence, describe),            FOREIGN KEY (`optionNo`) REFERENCES `option` (`optionNo`) ON DELETE CASCADE ON UPDATE CASCADE        );
INSERT INTO "how_describe" VALUES(1,41,0,'有層次感');
INSERT INTO "how_describe" VALUES(2,41,0,'家鄉味');
INSERT INTO "how_describe" VALUES(3,41,0,'單調');
INSERT INTO "how_describe" VALUES(4,41,0,'樸實');
INSERT INTO "how_describe" VALUES(5,41,0,'豐富');
INSERT INTO "how_describe" VALUES(6,41,0,'苦');
INSERT INTO "how_describe" VALUES(7,41,0,'辣');
INSERT INTO "how_describe" VALUES(8,41,0,'酸');
INSERT INTO "how_describe" VALUES(9,41,0,'甜');
INSERT INTO "how_describe" VALUES(10,41,0,'鹹');
INSERT INTO "how_describe" VALUES(11,41,0,'奇妙');
INSERT INTO "how_describe" VALUES(12,41,0,'獨特');
INSERT INTO "how_describe" VALUES(13,41,0,'噁心');
INSERT INTO "how_describe" VALUES(14,42,1,'有層次感');
INSERT INTO "how_describe" VALUES(15,42,1,'樸素');
INSERT INTO "how_describe" VALUES(16,42,1,'精緻');
INSERT INTO "how_describe" VALUES(17,42,1,'怪異');
INSERT INTO "how_describe" VALUES(18,42,1,'特別');
INSERT INTO "how_describe" VALUES(19,43,2,'香');
INSERT INTO "how_describe" VALUES(20,43,2,'臭');
INSERT INTO "how_describe" VALUES(21,43,2,'濃厚');
INSERT INTO "how_describe" VALUES(22,43,2,'淡香');
INSERT INTO "how_describe" VALUES(23,43,2,'刺鼻');
INSERT INTO "how_describe" VALUES(24,44,0,'軟Q');
INSERT INTO "how_describe" VALUES(25,44,0,'順口');
INSERT INTO "how_describe" VALUES(26,44,0,'滑嫩');
INSERT INTO "how_describe" VALUES(27,44,0,'酥脆');
INSERT INTO "how_describe" VALUES(28,44,0,'嚼勁');
CREATE TABLE `option` (            `optionNo` INTEGER PRIMARY KEY AUTOINCREMENT NOT NULL ,            `questionClassNo` INTEGER DEFAULT NULL,            `optionClass` varchar(255) DEFAULT NULL,            FOREIGN KEY (`questionClassNo`) REFERENCES `questionclass` (`questionClassNo`) ON DELETE CASCADE ON UPDATE CASCADE,            UNIQUE(questionClassNo, optionClass)        );
INSERT INTO "option" VALUES(1,1,'日式料理');
INSERT INTO "option" VALUES(2,1,'韓式料理');
INSERT INTO "option" VALUES(3,1,'美式料理');
INSERT INTO "option" VALUES(4,1,'台式料理');
INSERT INTO "option" VALUES(5,1,'泰式料理');
INSERT INTO "option" VALUES(6,1,'義式料理');
INSERT INTO "option" VALUES(7,1,'東南亞料理');
INSERT INTO "option" VALUES(8,1,'中式料理');
INSERT INTO "option" VALUES(9,1,'港式料理');
INSERT INTO "option" VALUES(10,1,'其他料理');
INSERT INTO "option" VALUES(11,1,'無菜單料理');
INSERT INTO "option" VALUES(12,1,'飲料');
INSERT INTO "option" VALUES(13,1,'酒類');
INSERT INTO "option" VALUES(14,2,'沒為什麼');
INSERT INTO "option" VALUES(15,2,'餓了');
INSERT INTO "option" VALUES(16,2,'聚會');
INSERT INTO "option" VALUES(17,2,'慶祝');
INSERT INTO "option" VALUES(18,2,'合胃口');
INSERT INTO "option" VALUES(19,2,'嘴饞');
INSERT INTO "option" VALUES(20,2,'嚐鮮');
INSERT INTO "option" VALUES(21,3,'餐廳');
INSERT INTO "option" VALUES(22,3,'路邊攤');
INSERT INTO "option" VALUES(23,3,'小吃店');
INSERT INTO "option" VALUES(24,3,'夜市');
INSERT INTO "option" VALUES(25,3,'居酒屋');
INSERT INTO "option" VALUES(26,3,'速食店');
INSERT INTO "option" VALUES(27,3,'咖啡廳');
INSERT INTO "option" VALUES(28,3,'學校');
INSERT INTO "option" VALUES(29,3,'辦公室');
INSERT INTO "option" VALUES(30,4,'早上');
INSERT INTO "option" VALUES(31,4,'中午');
INSERT INTO "option" VALUES(32,4,'下午');
INSERT INTO "option" VALUES(33,4,'晚上');
INSERT INTO "option" VALUES(34,4,'深夜');
INSERT INTO "option" VALUES(35,5,'家人');
INSERT INTO "option" VALUES(36,5,'朋友');
INSERT INTO "option" VALUES(37,5,'情人');
INSERT INTO "option" VALUES(38,5,'曖昧對象');
INSERT INTO "option" VALUES(39,5,'自己');
INSERT INTO "option" VALUES(40,5,'同事');
INSERT INTO "option" VALUES(41,6,'味覺');
INSERT INTO "option" VALUES(42,6,'視覺');
INSERT INTO "option" VALUES(43,6,'嗅覺');
INSERT INTO "option" VALUES(44,6,'觸覺');
INSERT INTO "option" VALUES(45,7,'生活用品');
INSERT INTO "option" VALUES(46,7,'食物及食品');
INSERT INTO "option" VALUES(47,7,'家電及3C產品');
INSERT INTO "option" VALUES(48,7,'美妝護理品');
INSERT INTO "option" VALUES(49,7,'車用品');
INSERT INTO "option" VALUES(50,7,'服飾鞋包');
INSERT INTO "option" VALUES(51,8,'沒為什麼');
INSERT INTO "option" VALUES(52,8,'送禮');
INSERT INTO "option" VALUES(53,8,'想逛街');
INSERT INTO "option" VALUES(54,8,'有需求');
INSERT INTO "option" VALUES(55,8,'衝動性消費');
INSERT INTO "option" VALUES(56,8,'本來沒有要去');
INSERT INTO "option" VALUES(57,9,'大賣場');
INSERT INTO "option" VALUES(58,9,'百貨公司');
INSERT INTO "option" VALUES(59,9,'傳統市場');
INSERT INTO "option" VALUES(60,9,'商圈');
INSERT INTO "option" VALUES(61,9,'線上購物');
INSERT INTO "option" VALUES(62,10,'早上');
INSERT INTO "option" VALUES(63,10,'中午');
INSERT INTO "option" VALUES(64,10,'下午');
INSERT INTO "option" VALUES(65,10,'晚上');
INSERT INTO "option" VALUES(66,10,'深夜');
INSERT INTO "option" VALUES(67,11,'朋友');
INSERT INTO "option" VALUES(68,11,'家人');
INSERT INTO "option" VALUES(69,11,'另一半');
INSERT INTO "option" VALUES(70,11,'自己');
INSERT INTO "option" VALUES(71,11,'同事');
INSERT INTO "option" VALUES(72,37,'生活用品');
INSERT INTO "option" VALUES(73,37,'食物及食品');
INSERT INTO "option" VALUES(74,37,'家電及3C產品');
INSERT INTO "option" VALUES(75,37,'美妝護理品');
INSERT INTO "option" VALUES(76,37,'車用品');
INSERT INTO "option" VALUES(77,37,'服飾鞋包');
INSERT INTO "option" VALUES(78,38,'沒為什麼');
INSERT INTO "option" VALUES(79,38,'送禮');
INSERT INTO "option" VALUES(80,38,'想逛街');
INSERT INTO "option" VALUES(81,38,'有需求');
INSERT INTO "option" VALUES(82,38,'衝動性消費');
INSERT INTO "option" VALUES(83,38,'本來沒有要去');
INSERT INTO "option" VALUES(84,39,'大賣場');
INSERT INTO "option" VALUES(85,39,'百貨公司');
INSERT INTO "option" VALUES(86,39,'傳統市場');
INSERT INTO "option" VALUES(87,39,'商圈');
INSERT INTO "option" VALUES(88,39,'線上購物');
INSERT INTO "option" VALUES(89,40,'早上');
INSERT INTO "option" VALUES(90,40,'中午');
INSERT INTO "option" VALUES(91,40,'下午');
INSERT INTO "option" VALUES(92,40,'晚上');
INSERT INTO "option" VALUES(93,40,'深夜');
INSERT INTO "option" VALUES(94,41,'朋友');
INSERT INTO "option" VALUES(95,41,'家人');
INSERT INTO "option" VALUES(96,41,'另一半');
INSERT INTO "option" VALUES(97,41,'自己');
INSERT INTO "option" VALUES(98,41,'同事');
INSERT INTO "option" VALUES(99,49,'生活用品');
INSERT INTO "option" VALUES(100,49,'食物及食品');
INSERT INTO "option" VALUES(101,49,'家電及3C產品');
INSERT INTO "option" VALUES(102,49,'美妝護理品');
INSERT INTO "option" VALUES(103,49,'車用品');
INSERT INTO "option" VALUES(104,49,'服飾鞋包');
INSERT INTO "option" VALUES(105,50,'沒為什麼');
INSERT INTO "option" VALUES(106,50,'送禮');
INSERT INTO "option" VALUES(107,50,'想逛街');
INSERT INTO "option" VALUES(108,50,'有需求');
INSERT INTO "option" VALUES(109,50,'衝動性消費');
INSERT INTO "option" VALUES(110,50,'本來沒有要去');
INSERT INTO "option" VALUES(111,51,'大賣場');
INSERT INTO "option" VALUES(112,51,'百貨公司');
INSERT INTO "option" VALUES(113,51,'傳統市場');
INSERT INTO "option" VALUES(114,51,'商圈');
INSERT INTO "option" VALUES(115,51,'線上購物');
INSERT INTO "option" VALUES(116,52,'早上');
INSERT INTO "option" VALUES(117,52,'中午');
INSERT INTO "option" VALUES(118,52,'下午');
INSERT INTO "option" VALUES(119,52,'晚上');
INSERT INTO "option" VALUES(120,52,'深夜');
INSERT INTO "option" VALUES(121,53,'朋友');
INSERT INTO "option" VALUES(122,53,'家人');
INSERT INTO "option" VALUES(123,53,'另一半');
INSERT INTO "option" VALUES(124,53,'自己');
INSERT INTO "option" VALUES(125,53,'同事');
INSERT INTO "option" VALUES(126,54,'生活用品');
INSERT INTO "option" VALUES(127,54,'食物及食品');
INSERT INTO "option" VALUES(128,54,'家電及3C產品');
INSERT INTO "option" VALUES(129,54,'美妝護理品');
INSERT INTO "option" VALUES(130,54,'車用品');
INSERT INTO "option" VALUES(131,54,'服飾鞋包');
INSERT INTO "option" VALUES(132,55,'沒為什麼');
INSERT INTO "option" VALUES(133,55,'送禮');
INSERT INTO "option" VALUES(134,55,'想逛街');
INSERT INTO "option" VALUES(135,55,'有需求');
INSERT INTO "option" VALUES(136,55,'衝動性消費');
INSERT INTO "option" VALUES(137,55,'本來沒有要去');
INSERT INTO "option" VALUES(138,56,'大賣場');
INSERT INTO "option" VALUES(139,56,'百貨公司');
INSERT INTO "option" VALUES(140,56,'傳統市場');
INSERT INTO "option" VALUES(141,56,'商圈');
INSERT INTO "option" VALUES(142,56,'線上購物');
INSERT INTO "option" VALUES(143,57,'早上');
INSERT INTO "option" VALUES(144,57,'中午');
INSERT INTO "option" VALUES(145,57,'下午');
INSERT INTO "option" VALUES(146,57,'晚上');
INSERT INTO "option" VALUES(147,57,'深夜');
INSERT INTO "option" VALUES(148,58,'朋友');
INSERT INTO "option" VALUES(149,58,'家人');
INSERT INTO "option" VALUES(150,58,'另一半');
INSERT INTO "option" VALUES(151,58,'自己');
INSERT INTO "option" VALUES(152,58,'同事');
INSERT INTO "option" VALUES(153,59,'生活用品');
INSERT INTO "option" VALUES(154,59,'食物及食品');
INSERT INTO "option" VALUES(155,59,'家電及3C產品');
INSERT INTO "option" VALUES(156,59,'美妝護理品');
INSERT INTO "option" VALUES(157,59,'車用品');
INSERT INTO "option" VALUES(158,59,'服飾鞋包');
INSERT INTO "option" VALUES(159,60,'沒為什麼');
INSERT INTO "option" VALUES(160,60,'送禮');
INSERT INTO "option" VALUES(161,60,'想逛街');
INSERT INTO "option" VALUES(162,60,'有需求');
INSERT INTO "option" VALUES(163,60,'衝動性消費');
INSERT INTO "option" VALUES(164,60,'本來沒有要去');
INSERT INTO "option" VALUES(165,61,'大賣場');
INSERT INTO "option" VALUES(166,61,'百貨公司');
INSERT INTO "option" VALUES(167,61,'傳統市場');
INSERT INTO "option" VALUES(168,61,'商圈');
INSERT INTO "option" VALUES(169,61,'線上購物');
INSERT INTO "option" VALUES(170,62,'早上');
INSERT INTO "option" VALUES(171,62,'中午');
INSERT INTO "option" VALUES(172,62,'下午');
INSERT INTO "option" VALUES(173,62,'晚上');
INSERT INTO "option" VALUES(174,62,'深夜');
INSERT INTO "option" VALUES(175,63,'朋友');
INSERT INTO "option" VALUES(176,63,'家人');
INSERT INTO "option" VALUES(177,63,'另一半');
INSERT INTO "option" VALUES(178,63,'自己');
INSERT INTO "option" VALUES(179,63,'同事');
CREATE TABLE `pattern_index` (            `optionNo` INTEGER NOT NULL,            `sentencePatternNo` INTEGER NOT NULL,            PRIMARY KEY (`optionNo`,`sentencePatternNo`),            FOREIGN KEY (`optionNo`) REFERENCES `option` (`optionNo`),            FOREIGN KEY (`sentencePatternNo`) REFERENCES `sentence_pattern` (`sentencePatternNo`)        );
INSERT INTO "pattern_index" VALUES(1,1);
INSERT INTO "pattern_index" VALUES(2,1);
INSERT INTO "pattern_index" VALUES(3,1);
INSERT INTO "pattern_index" VALUES(4,1);
INSERT INTO "pattern_index" VALUES(5,1);
INSERT INTO "pattern_index" VALUES(6,1);
INSERT INTO "pattern_index" VALUES(7,1);
INSERT INTO "pattern_index" VALUES(8,1);
INSERT INTO "pattern_index" VALUES(9,1);
INSERT INTO "pattern_index" VALUES(10,1);
INSERT INTO "pattern_index" VALUES(11,1);
INSERT INTO "pattern_index" VALUES(1,2);
INSERT INTO "pattern_index" VALUES(2,2);
INSERT INTO "pattern_index" VALUES(3,2);
INSERT INTO "pattern_index" VALUES(4,2);
INSERT INTO "pattern_index" VALUES(5,2);
INSERT INTO "pattern_index" VALUES(6,2);
INSERT INTO "pattern_index" VALUES(7,2);
INSERT INTO "pattern_index" VALUES(8,2);
INSERT INTO "pattern_index" VALUES(9,2);
INSERT INTO "pattern_index" VALUES(10,2);
INSERT INTO "pattern_index" VALUES(11,2);
INSERT INTO "pattern_index" VALUES(12,3);
INSERT INTO "pattern_index" VALUES(13,3);
INSERT INTO "pattern_index" VALUES(13,4);
INSERT INTO "pattern_index" VALUES(14,5);
INSERT INTO "pattern_index" VALUES(14,6);
INSERT INTO "pattern_index" VALUES(15,7);
INSERT INTO "pattern_index" VALUES(19,7);
INSERT INTO "pattern_index" VALUES(15,8);
INSERT INTO "pattern_index" VALUES(16,9);
INSERT INTO "pattern_index" VALUES(16,10);
INSERT INTO "pattern_index" VALUES(17,10);
INSERT INTO "pattern_index" VALUES(17,11);
INSERT INTO "pattern_index" VALUES(18,12);
INSERT INTO "pattern_index" VALUES(19,13);
INSERT INTO "pattern_index" VALUES(17,14);
INSERT INTO "pattern_index" VALUES(20,14);
INSERT INTO "pattern_index" VALUES(21,15);
INSERT INTO "pattern_index" VALUES(23,15);
INSERT INTO "pattern_index" VALUES(25,15);
INSERT INTO "pattern_index" VALUES(26,15);
INSERT INTO "pattern_index" VALUES(27,15);
INSERT INTO "pattern_index" VALUES(21,16);
INSERT INTO "pattern_index" VALUES(22,16);
INSERT INTO "pattern_index" VALUES(23,16);
INSERT INTO "pattern_index" VALUES(24,16);
INSERT INTO "pattern_index" VALUES(25,16);
INSERT INTO "pattern_index" VALUES(26,16);
INSERT INTO "pattern_index" VALUES(27,16);
INSERT INTO "pattern_index" VALUES(28,16);
INSERT INTO "pattern_index" VALUES(29,16);
INSERT INTO "pattern_index" VALUES(21,17);
INSERT INTO "pattern_index" VALUES(22,17);
INSERT INTO "pattern_index" VALUES(23,17);
INSERT INTO "pattern_index" VALUES(24,17);
INSERT INTO "pattern_index" VALUES(25,17);
INSERT INTO "pattern_index" VALUES(26,17);
INSERT INTO "pattern_index" VALUES(27,17);
INSERT INTO "pattern_index" VALUES(28,18);
INSERT INTO "pattern_index" VALUES(29,18);
INSERT INTO "pattern_index" VALUES(30,19);
INSERT INTO "pattern_index" VALUES(31,19);
INSERT INTO "pattern_index" VALUES(32,19);
INSERT INTO "pattern_index" VALUES(33,19);
INSERT INTO "pattern_index" VALUES(30,20);
INSERT INTO "pattern_index" VALUES(33,21);
INSERT INTO "pattern_index" VALUES(34,22);
INSERT INTO "pattern_index" VALUES(35,23);
INSERT INTO "pattern_index" VALUES(36,23);
INSERT INTO "pattern_index" VALUES(37,23);
INSERT INTO "pattern_index" VALUES(38,23);
INSERT INTO "pattern_index" VALUES(40,23);
INSERT INTO "pattern_index" VALUES(35,24);
INSERT INTO "pattern_index" VALUES(36,24);
INSERT INTO "pattern_index" VALUES(37,24);
INSERT INTO "pattern_index" VALUES(38,24);
INSERT INTO "pattern_index" VALUES(35,25);
INSERT INTO "pattern_index" VALUES(36,25);
INSERT INTO "pattern_index" VALUES(37,25);
INSERT INTO "pattern_index" VALUES(38,25);
INSERT INTO "pattern_index" VALUES(40,25);
INSERT INTO "pattern_index" VALUES(35,26);
INSERT INTO "pattern_index" VALUES(36,26);
INSERT INTO "pattern_index" VALUES(37,26);
INSERT INTO "pattern_index" VALUES(38,26);
INSERT INTO "pattern_index" VALUES(40,26);
INSERT INTO "pattern_index" VALUES(39,27);
INSERT INTO "pattern_index" VALUES(39,28);
INSERT INTO "pattern_index" VALUES(41,29);
INSERT INTO "pattern_index" VALUES(42,30);
INSERT INTO "pattern_index" VALUES(43,31);
INSERT INTO "pattern_index" VALUES(44,32);
INSERT INTO "pattern_index" VALUES(62,33);
INSERT INTO "pattern_index" VALUES(67,34);
INSERT INTO "pattern_index" VALUES(51,35);
INSERT INTO "pattern_index" VALUES(57,36);
INSERT INTO "pattern_index" VALUES(45,37);
INSERT INTO "pattern_index" VALUES(57,38);
INSERT INTO "pattern_index" VALUES(45,39);
INSERT INTO "pattern_index" VALUES(51,40);
INSERT INTO "pattern_index" VALUES(57,41);
INSERT INTO "pattern_index" VALUES(45,42);
INSERT INTO "pattern_index" VALUES(46,37);
INSERT INTO "pattern_index" VALUES(46,39);
INSERT INTO "pattern_index" VALUES(46,42);
INSERT INTO "pattern_index" VALUES(47,37);
INSERT INTO "pattern_index" VALUES(47,39);
INSERT INTO "pattern_index" VALUES(47,42);
INSERT INTO "pattern_index" VALUES(48,37);
INSERT INTO "pattern_index" VALUES(48,39);
INSERT INTO "pattern_index" VALUES(48,42);
INSERT INTO "pattern_index" VALUES(49,37);
INSERT INTO "pattern_index" VALUES(49,39);
INSERT INTO "pattern_index" VALUES(49,42);
INSERT INTO "pattern_index" VALUES(50,37);
INSERT INTO "pattern_index" VALUES(50,39);
INSERT INTO "pattern_index" VALUES(50,42);
INSERT INTO "pattern_index" VALUES(58,36);
INSERT INTO "pattern_index" VALUES(58,38);
INSERT INTO "pattern_index" VALUES(58,41);
INSERT INTO "pattern_index" VALUES(59,36);
INSERT INTO "pattern_index" VALUES(59,38);
INSERT INTO "pattern_index" VALUES(59,41);
INSERT INTO "pattern_index" VALUES(60,36);
INSERT INTO "pattern_index" VALUES(60,38);
INSERT INTO "pattern_index" VALUES(60,41);
INSERT INTO "pattern_index" VALUES(61,36);
INSERT INTO "pattern_index" VALUES(61,38);
INSERT INTO "pattern_index" VALUES(61,41);
INSERT INTO "pattern_index" VALUES(52,35);
INSERT INTO "pattern_index" VALUES(52,40);
INSERT INTO "pattern_index" VALUES(53,35);
INSERT INTO "pattern_index" VALUES(53,40);
INSERT INTO "pattern_index" VALUES(54,35);
INSERT INTO "pattern_index" VALUES(54,40);
INSERT INTO "pattern_index" VALUES(55,35);
INSERT INTO "pattern_index" VALUES(55,40);
INSERT INTO "pattern_index" VALUES(56,35);
INSERT INTO "pattern_index" VALUES(56,40);
INSERT INTO "pattern_index" VALUES(68,34);
INSERT INTO "pattern_index" VALUES(69,34);
INSERT INTO "pattern_index" VALUES(70,34);
INSERT INTO "pattern_index" VALUES(71,34);
INSERT INTO "pattern_index" VALUES(63,33);
INSERT INTO "pattern_index" VALUES(64,33);
INSERT INTO "pattern_index" VALUES(65,33);
INSERT INTO "pattern_index" VALUES(66,33);
INSERT INTO "pattern_index" VALUES(89,43);
INSERT INTO "pattern_index" VALUES(94,44);
INSERT INTO "pattern_index" VALUES(78,45);
INSERT INTO "pattern_index" VALUES(84,46);
INSERT INTO "pattern_index" VALUES(72,47);
INSERT INTO "pattern_index" VALUES(84,48);
INSERT INTO "pattern_index" VALUES(72,49);
INSERT INTO "pattern_index" VALUES(78,50);
INSERT INTO "pattern_index" VALUES(84,51);
INSERT INTO "pattern_index" VALUES(72,52);
INSERT INTO "pattern_index" VALUES(73,47);
INSERT INTO "pattern_index" VALUES(73,49);
INSERT INTO "pattern_index" VALUES(73,52);
INSERT INTO "pattern_index" VALUES(74,47);
INSERT INTO "pattern_index" VALUES(74,49);
INSERT INTO "pattern_index" VALUES(74,52);
INSERT INTO "pattern_index" VALUES(75,47);
INSERT INTO "pattern_index" VALUES(75,49);
INSERT INTO "pattern_index" VALUES(75,52);
INSERT INTO "pattern_index" VALUES(76,47);
INSERT INTO "pattern_index" VALUES(76,49);
INSERT INTO "pattern_index" VALUES(76,52);
INSERT INTO "pattern_index" VALUES(77,47);
INSERT INTO "pattern_index" VALUES(77,49);
INSERT INTO "pattern_index" VALUES(77,52);
INSERT INTO "pattern_index" VALUES(85,46);
INSERT INTO "pattern_index" VALUES(85,48);
INSERT INTO "pattern_index" VALUES(85,51);
INSERT INTO "pattern_index" VALUES(86,46);
INSERT INTO "pattern_index" VALUES(86,48);
INSERT INTO "pattern_index" VALUES(86,51);
INSERT INTO "pattern_index" VALUES(87,46);
INSERT INTO "pattern_index" VALUES(87,48);
INSERT INTO "pattern_index" VALUES(87,51);
INSERT INTO "pattern_index" VALUES(88,46);
INSERT INTO "pattern_index" VALUES(88,48);
INSERT INTO "pattern_index" VALUES(88,51);
INSERT INTO "pattern_index" VALUES(79,45);
INSERT INTO "pattern_index" VALUES(79,50);
INSERT INTO "pattern_index" VALUES(80,45);
INSERT INTO "pattern_index" VALUES(80,50);
INSERT INTO "pattern_index" VALUES(81,45);
INSERT INTO "pattern_index" VALUES(81,50);
INSERT INTO "pattern_index" VALUES(82,45);
INSERT INTO "pattern_index" VALUES(82,50);
INSERT INTO "pattern_index" VALUES(83,45);
INSERT INTO "pattern_index" VALUES(83,50);
INSERT INTO "pattern_index" VALUES(95,44);
INSERT INTO "pattern_index" VALUES(96,44);
INSERT INTO "pattern_index" VALUES(97,44);
INSERT INTO "pattern_index" VALUES(98,44);
INSERT INTO "pattern_index" VALUES(90,43);
INSERT INTO "pattern_index" VALUES(91,43);
INSERT INTO "pattern_index" VALUES(92,43);
INSERT INTO "pattern_index" VALUES(93,43);
INSERT INTO "pattern_index" VALUES(116,53);
INSERT INTO "pattern_index" VALUES(121,54);
INSERT INTO "pattern_index" VALUES(105,55);
INSERT INTO "pattern_index" VALUES(111,56);
INSERT INTO "pattern_index" VALUES(99,57);
INSERT INTO "pattern_index" VALUES(111,58);
INSERT INTO "pattern_index" VALUES(99,59);
INSERT INTO "pattern_index" VALUES(105,60);
INSERT INTO "pattern_index" VALUES(111,61);
INSERT INTO "pattern_index" VALUES(99,62);
INSERT INTO "pattern_index" VALUES(100,57);
INSERT INTO "pattern_index" VALUES(100,59);
INSERT INTO "pattern_index" VALUES(100,62);
INSERT INTO "pattern_index" VALUES(101,57);
INSERT INTO "pattern_index" VALUES(101,59);
INSERT INTO "pattern_index" VALUES(101,62);
INSERT INTO "pattern_index" VALUES(102,57);
INSERT INTO "pattern_index" VALUES(102,59);
INSERT INTO "pattern_index" VALUES(102,62);
INSERT INTO "pattern_index" VALUES(103,57);
INSERT INTO "pattern_index" VALUES(103,59);
INSERT INTO "pattern_index" VALUES(103,62);
INSERT INTO "pattern_index" VALUES(104,57);
INSERT INTO "pattern_index" VALUES(104,59);
INSERT INTO "pattern_index" VALUES(104,62);
INSERT INTO "pattern_index" VALUES(112,56);
INSERT INTO "pattern_index" VALUES(112,58);
INSERT INTO "pattern_index" VALUES(112,61);
INSERT INTO "pattern_index" VALUES(113,56);
INSERT INTO "pattern_index" VALUES(113,58);
INSERT INTO "pattern_index" VALUES(113,61);
INSERT INTO "pattern_index" VALUES(114,56);
INSERT INTO "pattern_index" VALUES(114,58);
INSERT INTO "pattern_index" VALUES(114,61);
INSERT INTO "pattern_index" VALUES(115,56);
INSERT INTO "pattern_index" VALUES(115,58);
INSERT INTO "pattern_index" VALUES(115,61);
INSERT INTO "pattern_index" VALUES(106,55);
INSERT INTO "pattern_index" VALUES(106,60);
INSERT INTO "pattern_index" VALUES(107,55);
INSERT INTO "pattern_index" VALUES(107,60);
INSERT INTO "pattern_index" VALUES(108,55);
INSERT INTO "pattern_index" VALUES(108,60);
INSERT INTO "pattern_index" VALUES(109,55);
INSERT INTO "pattern_index" VALUES(109,60);
INSERT INTO "pattern_index" VALUES(110,55);
INSERT INTO "pattern_index" VALUES(110,60);
INSERT INTO "pattern_index" VALUES(122,54);
INSERT INTO "pattern_index" VALUES(123,54);
INSERT INTO "pattern_index" VALUES(124,54);
INSERT INTO "pattern_index" VALUES(125,54);
INSERT INTO "pattern_index" VALUES(117,53);
INSERT INTO "pattern_index" VALUES(118,53);
INSERT INTO "pattern_index" VALUES(119,53);
INSERT INTO "pattern_index" VALUES(120,53);
INSERT INTO "pattern_index" VALUES(143,63);
INSERT INTO "pattern_index" VALUES(148,64);
INSERT INTO "pattern_index" VALUES(132,65);
INSERT INTO "pattern_index" VALUES(138,66);
INSERT INTO "pattern_index" VALUES(126,67);
INSERT INTO "pattern_index" VALUES(138,68);
INSERT INTO "pattern_index" VALUES(126,69);
INSERT INTO "pattern_index" VALUES(132,70);
INSERT INTO "pattern_index" VALUES(138,71);
INSERT INTO "pattern_index" VALUES(126,72);
INSERT INTO "pattern_index" VALUES(127,67);
INSERT INTO "pattern_index" VALUES(127,69);
INSERT INTO "pattern_index" VALUES(127,72);
INSERT INTO "pattern_index" VALUES(128,67);
INSERT INTO "pattern_index" VALUES(128,69);
INSERT INTO "pattern_index" VALUES(128,72);
INSERT INTO "pattern_index" VALUES(129,67);
INSERT INTO "pattern_index" VALUES(129,69);
INSERT INTO "pattern_index" VALUES(129,72);
INSERT INTO "pattern_index" VALUES(130,67);
INSERT INTO "pattern_index" VALUES(130,69);
INSERT INTO "pattern_index" VALUES(130,72);
INSERT INTO "pattern_index" VALUES(131,67);
INSERT INTO "pattern_index" VALUES(131,69);
INSERT INTO "pattern_index" VALUES(131,72);
INSERT INTO "pattern_index" VALUES(139,66);
INSERT INTO "pattern_index" VALUES(139,68);
INSERT INTO "pattern_index" VALUES(139,71);
INSERT INTO "pattern_index" VALUES(140,66);
INSERT INTO "pattern_index" VALUES(140,68);
INSERT INTO "pattern_index" VALUES(140,71);
INSERT INTO "pattern_index" VALUES(141,66);
INSERT INTO "pattern_index" VALUES(141,68);
INSERT INTO "pattern_index" VALUES(141,71);
INSERT INTO "pattern_index" VALUES(142,66);
INSERT INTO "pattern_index" VALUES(142,68);
INSERT INTO "pattern_index" VALUES(142,71);
INSERT INTO "pattern_index" VALUES(133,65);
INSERT INTO "pattern_index" VALUES(133,70);
INSERT INTO "pattern_index" VALUES(134,65);
INSERT INTO "pattern_index" VALUES(134,70);
INSERT INTO "pattern_index" VALUES(135,65);
INSERT INTO "pattern_index" VALUES(135,70);
INSERT INTO "pattern_index" VALUES(136,65);
INSERT INTO "pattern_index" VALUES(136,70);
INSERT INTO "pattern_index" VALUES(137,65);
INSERT INTO "pattern_index" VALUES(137,70);
INSERT INTO "pattern_index" VALUES(149,64);
INSERT INTO "pattern_index" VALUES(150,64);
INSERT INTO "pattern_index" VALUES(151,64);
INSERT INTO "pattern_index" VALUES(152,64);
INSERT INTO "pattern_index" VALUES(144,63);
INSERT INTO "pattern_index" VALUES(145,63);
INSERT INTO "pattern_index" VALUES(146,63);
INSERT INTO "pattern_index" VALUES(147,63);
INSERT INTO "pattern_index" VALUES(170,73);
INSERT INTO "pattern_index" VALUES(175,74);
INSERT INTO "pattern_index" VALUES(159,75);
INSERT INTO "pattern_index" VALUES(165,76);
INSERT INTO "pattern_index" VALUES(153,77);
INSERT INTO "pattern_index" VALUES(165,78);
INSERT INTO "pattern_index" VALUES(153,79);
INSERT INTO "pattern_index" VALUES(159,80);
INSERT INTO "pattern_index" VALUES(165,81);
INSERT INTO "pattern_index" VALUES(153,82);
INSERT INTO "pattern_index" VALUES(154,77);
INSERT INTO "pattern_index" VALUES(154,79);
INSERT INTO "pattern_index" VALUES(154,82);
INSERT INTO "pattern_index" VALUES(155,77);
INSERT INTO "pattern_index" VALUES(155,79);
INSERT INTO "pattern_index" VALUES(155,82);
INSERT INTO "pattern_index" VALUES(156,77);
INSERT INTO "pattern_index" VALUES(156,79);
INSERT INTO "pattern_index" VALUES(156,82);
INSERT INTO "pattern_index" VALUES(157,77);
INSERT INTO "pattern_index" VALUES(157,79);
INSERT INTO "pattern_index" VALUES(157,82);
INSERT INTO "pattern_index" VALUES(158,77);
INSERT INTO "pattern_index" VALUES(158,79);
INSERT INTO "pattern_index" VALUES(158,82);
INSERT INTO "pattern_index" VALUES(166,76);
INSERT INTO "pattern_index" VALUES(166,78);
INSERT INTO "pattern_index" VALUES(166,81);
INSERT INTO "pattern_index" VALUES(167,76);
INSERT INTO "pattern_index" VALUES(167,78);
INSERT INTO "pattern_index" VALUES(167,81);
INSERT INTO "pattern_index" VALUES(168,76);
INSERT INTO "pattern_index" VALUES(168,78);
INSERT INTO "pattern_index" VALUES(168,81);
INSERT INTO "pattern_index" VALUES(169,76);
INSERT INTO "pattern_index" VALUES(169,78);
INSERT INTO "pattern_index" VALUES(169,81);
INSERT INTO "pattern_index" VALUES(160,75);
INSERT INTO "pattern_index" VALUES(160,80);
INSERT INTO "pattern_index" VALUES(161,75);
INSERT INTO "pattern_index" VALUES(161,80);
INSERT INTO "pattern_index" VALUES(162,75);
INSERT INTO "pattern_index" VALUES(162,80);
INSERT INTO "pattern_index" VALUES(163,75);
INSERT INTO "pattern_index" VALUES(163,80);
INSERT INTO "pattern_index" VALUES(164,75);
INSERT INTO "pattern_index" VALUES(164,80);
INSERT INTO "pattern_index" VALUES(176,74);
INSERT INTO "pattern_index" VALUES(177,74);
INSERT INTO "pattern_index" VALUES(178,74);
INSERT INTO "pattern_index" VALUES(179,74);
INSERT INTO "pattern_index" VALUES(171,73);
INSERT INTO "pattern_index" VALUES(172,73);
INSERT INTO "pattern_index" VALUES(173,73);
INSERT INTO "pattern_index" VALUES(174,73);
CREATE TABLE `pattern_link` (            `sentencePatternNo` INTEGER NOT NULL,            `nextPattern` varchar(255) NOT NULL,            `punctuationMark` INTEGER NOT NULL,            PRIMARY KEY (`sentencePatternNo`,`nextPattern`,`punctuationMark`),            FOREIGN KEY (`sentencePatternNo`) REFERENCES `sentence_pattern` (`sentencePatternNo`)        );
INSERT INTO "pattern_link" VALUES(1,'10',1);
INSERT INTO "pattern_link" VALUES(1,'12',1);
INSERT INTO "pattern_link" VALUES(1,'14',1);
INSERT INTO "pattern_link" VALUES(1,'29',1);
INSERT INTO "pattern_link" VALUES(1,'30',1);
INSERT INTO "pattern_link" VALUES(1,'31',1);
INSERT INTO "pattern_link" VALUES(1,'32',1);
INSERT INTO "pattern_link" VALUES(1,'7',1);
INSERT INTO "pattern_link" VALUES(1,'8',1);
INSERT INTO "pattern_link" VALUES(1,'9',1);
INSERT INTO "pattern_link" VALUES(2,'10',1);
INSERT INTO "pattern_link" VALUES(2,'12',1);
INSERT INTO "pattern_link" VALUES(2,'14',1);
INSERT INTO "pattern_link" VALUES(2,'29',1);
INSERT INTO "pattern_link" VALUES(2,'30',1);
INSERT INTO "pattern_link" VALUES(2,'31',1);
INSERT INTO "pattern_link" VALUES(2,'32',1);
INSERT INTO "pattern_link" VALUES(2,'7',1);
INSERT INTO "pattern_link" VALUES(2,'8',1);
INSERT INTO "pattern_link" VALUES(2,'9',1);
INSERT INTO "pattern_link" VALUES(3,'10',1);
INSERT INTO "pattern_link" VALUES(3,'12',1);
INSERT INTO "pattern_link" VALUES(3,'14',1);
INSERT INTO "pattern_link" VALUES(3,'29',1);
INSERT INTO "pattern_link" VALUES(3,'30',1);
INSERT INTO "pattern_link" VALUES(3,'31',1);
INSERT INTO "pattern_link" VALUES(3,'32',1);
INSERT INTO "pattern_link" VALUES(3,'7',1);
INSERT INTO "pattern_link" VALUES(3,'8',1);
INSERT INTO "pattern_link" VALUES(3,'9',1);
INSERT INTO "pattern_link" VALUES(4,'10',1);
INSERT INTO "pattern_link" VALUES(4,'12',1);
INSERT INTO "pattern_link" VALUES(4,'14',1);
INSERT INTO "pattern_link" VALUES(4,'29',1);
INSERT INTO "pattern_link" VALUES(4,'30',1);
INSERT INTO "pattern_link" VALUES(4,'31',1);
INSERT INTO "pattern_link" VALUES(4,'32',1);
INSERT INTO "pattern_link" VALUES(4,'7',1);
INSERT INTO "pattern_link" VALUES(4,'8',1);
INSERT INTO "pattern_link" VALUES(4,'9',1);
INSERT INTO "pattern_link" VALUES(5,'1',1);
INSERT INTO "pattern_link" VALUES(5,'15',1);
INSERT INTO "pattern_link" VALUES(5,'16',1);
INSERT INTO "pattern_link" VALUES(5,'17',1);
INSERT INTO "pattern_link" VALUES(5,'18',1);
INSERT INTO "pattern_link" VALUES(5,'2',1);
INSERT INTO "pattern_link" VALUES(5,'3',1);
INSERT INTO "pattern_link" VALUES(5,'4',1);
INSERT INTO "pattern_link" VALUES(6,'1',1);
INSERT INTO "pattern_link" VALUES(6,'15',1);
INSERT INTO "pattern_link" VALUES(6,'16',1);
INSERT INTO "pattern_link" VALUES(6,'17',1);
INSERT INTO "pattern_link" VALUES(6,'18',1);
INSERT INTO "pattern_link" VALUES(6,'2',1);
INSERT INTO "pattern_link" VALUES(6,'3',1);
INSERT INTO "pattern_link" VALUES(6,'4',1);
INSERT INTO "pattern_link" VALUES(7,'1',1);
INSERT INTO "pattern_link" VALUES(7,'15',1);
INSERT INTO "pattern_link" VALUES(7,'16',1);
INSERT INTO "pattern_link" VALUES(7,'17',1);
INSERT INTO "pattern_link" VALUES(7,'18',1);
INSERT INTO "pattern_link" VALUES(7,'2',1);
INSERT INTO "pattern_link" VALUES(7,'3',1);
INSERT INTO "pattern_link" VALUES(7,'4',1);
INSERT INTO "pattern_link" VALUES(8,'1',1);
INSERT INTO "pattern_link" VALUES(8,'15',1);
INSERT INTO "pattern_link" VALUES(8,'16',1);
INSERT INTO "pattern_link" VALUES(8,'17',1);
INSERT INTO "pattern_link" VALUES(8,'18',1);
INSERT INTO "pattern_link" VALUES(8,'2',1);
INSERT INTO "pattern_link" VALUES(8,'3',1);
INSERT INTO "pattern_link" VALUES(8,'4',1);
INSERT INTO "pattern_link" VALUES(9,'1',1);
INSERT INTO "pattern_link" VALUES(9,'15',1);
INSERT INTO "pattern_link" VALUES(9,'16',1);
INSERT INTO "pattern_link" VALUES(9,'17',1);
INSERT INTO "pattern_link" VALUES(9,'18',1);
INSERT INTO "pattern_link" VALUES(9,'2',1);
INSERT INTO "pattern_link" VALUES(9,'3',1);
INSERT INTO "pattern_link" VALUES(9,'4',1);
INSERT INTO "pattern_link" VALUES(10,'1',1);
INSERT INTO "pattern_link" VALUES(10,'15',1);
INSERT INTO "pattern_link" VALUES(10,'16',1);
INSERT INTO "pattern_link" VALUES(10,'17',1);
INSERT INTO "pattern_link" VALUES(10,'18',1);
INSERT INTO "pattern_link" VALUES(10,'2',1);
INSERT INTO "pattern_link" VALUES(10,'3',1);
INSERT INTO "pattern_link" VALUES(10,'4',1);
INSERT INTO "pattern_link" VALUES(11,'1',1);
INSERT INTO "pattern_link" VALUES(11,'15',1);
INSERT INTO "pattern_link" VALUES(11,'16',1);
INSERT INTO "pattern_link" VALUES(11,'17',1);
INSERT INTO "pattern_link" VALUES(11,'18',1);
INSERT INTO "pattern_link" VALUES(11,'2',1);
INSERT INTO "pattern_link" VALUES(11,'3',1);
INSERT INTO "pattern_link" VALUES(11,'4',1);
INSERT INTO "pattern_link" VALUES(12,'1',1);
INSERT INTO "pattern_link" VALUES(12,'15',1);
INSERT INTO "pattern_link" VALUES(12,'16',1);
INSERT INTO "pattern_link" VALUES(12,'17',1);
INSERT INTO "pattern_link" VALUES(12,'18',1);
INSERT INTO "pattern_link" VALUES(12,'2',1);
INSERT INTO "pattern_link" VALUES(12,'3',1);
INSERT INTO "pattern_link" VALUES(12,'4',1);
INSERT INTO "pattern_link" VALUES(13,'1',1);
INSERT INTO "pattern_link" VALUES(13,'15',1);
INSERT INTO "pattern_link" VALUES(13,'16',1);
INSERT INTO "pattern_link" VALUES(13,'17',1);
INSERT INTO "pattern_link" VALUES(13,'18',1);
INSERT INTO "pattern_link" VALUES(13,'2',1);
INSERT INTO "pattern_link" VALUES(13,'3',1);
INSERT INTO "pattern_link" VALUES(13,'4',1);
INSERT INTO "pattern_link" VALUES(14,'1',1);
INSERT INTO "pattern_link" VALUES(14,'15',1);
INSERT INTO "pattern_link" VALUES(14,'16',1);
INSERT INTO "pattern_link" VALUES(14,'17',1);
INSERT INTO "pattern_link" VALUES(14,'18',1);
INSERT INTO "pattern_link" VALUES(14,'2',1);
INSERT INTO "pattern_link" VALUES(14,'3',1);
INSERT INTO "pattern_link" VALUES(14,'4',1);
INSERT INTO "pattern_link" VALUES(15,'1',1);
INSERT INTO "pattern_link" VALUES(15,'1',0);
INSERT INTO "pattern_link" VALUES(15,'10',1);
INSERT INTO "pattern_link" VALUES(15,'11',1);
INSERT INTO "pattern_link" VALUES(15,'12',1);
INSERT INTO "pattern_link" VALUES(15,'13',1);
INSERT INTO "pattern_link" VALUES(15,'14',1);
INSERT INTO "pattern_link" VALUES(15,'2',1);
INSERT INTO "pattern_link" VALUES(15,'3',1);
INSERT INTO "pattern_link" VALUES(15,'4',1);
INSERT INTO "pattern_link" VALUES(15,'2',0);
INSERT INTO "pattern_link" VALUES(15,'3',0);
INSERT INTO "pattern_link" VALUES(15,'4',0);
INSERT INTO "pattern_link" VALUES(15,'5',1);
INSERT INTO "pattern_link" VALUES(15,'6',1);
INSERT INTO "pattern_link" VALUES(15,'7',1);
INSERT INTO "pattern_link" VALUES(15,'8',1);
INSERT INTO "pattern_link" VALUES(15,'9',1);
INSERT INTO "pattern_link" VALUES(16,'1',1);
INSERT INTO "pattern_link" VALUES(16,'1',0);
INSERT INTO "pattern_link" VALUES(16,'10',1);
INSERT INTO "pattern_link" VALUES(16,'11',1);
INSERT INTO "pattern_link" VALUES(16,'12',1);
INSERT INTO "pattern_link" VALUES(16,'13',1);
INSERT INTO "pattern_link" VALUES(16,'14',1);
INSERT INTO "pattern_link" VALUES(16,'2',1);
INSERT INTO "pattern_link" VALUES(16,'3',1);
INSERT INTO "pattern_link" VALUES(16,'4',1);
INSERT INTO "pattern_link" VALUES(16,'2',0);
INSERT INTO "pattern_link" VALUES(16,'3',0);
INSERT INTO "pattern_link" VALUES(16,'4',0);
INSERT INTO "pattern_link" VALUES(16,'5',1);
INSERT INTO "pattern_link" VALUES(16,'6',1);
INSERT INTO "pattern_link" VALUES(16,'7',1);
INSERT INTO "pattern_link" VALUES(16,'8',1);
INSERT INTO "pattern_link" VALUES(16,'9',1);
INSERT INTO "pattern_link" VALUES(17,'1',1);
INSERT INTO "pattern_link" VALUES(17,'1',0);
INSERT INTO "pattern_link" VALUES(17,'10',1);
INSERT INTO "pattern_link" VALUES(17,'11',1);
INSERT INTO "pattern_link" VALUES(17,'12',1);
INSERT INTO "pattern_link" VALUES(17,'13',1);
INSERT INTO "pattern_link" VALUES(17,'14',1);
INSERT INTO "pattern_link" VALUES(17,'2',1);
INSERT INTO "pattern_link" VALUES(17,'3',1);
INSERT INTO "pattern_link" VALUES(17,'4',1);
INSERT INTO "pattern_link" VALUES(17,'2',0);
INSERT INTO "pattern_link" VALUES(17,'3',0);
INSERT INTO "pattern_link" VALUES(17,'4',0);
INSERT INTO "pattern_link" VALUES(17,'5',1);
INSERT INTO "pattern_link" VALUES(17,'6',1);
INSERT INTO "pattern_link" VALUES(17,'7',1);
INSERT INTO "pattern_link" VALUES(17,'8',1);
INSERT INTO "pattern_link" VALUES(17,'9',1);
INSERT INTO "pattern_link" VALUES(18,'1',1);
INSERT INTO "pattern_link" VALUES(18,'1',0);
INSERT INTO "pattern_link" VALUES(18,'10',1);
INSERT INTO "pattern_link" VALUES(18,'11',1);
INSERT INTO "pattern_link" VALUES(18,'12',1);
INSERT INTO "pattern_link" VALUES(18,'13',1);
INSERT INTO "pattern_link" VALUES(18,'14',1);
INSERT INTO "pattern_link" VALUES(18,'2',1);
INSERT INTO "pattern_link" VALUES(18,'3',1);
INSERT INTO "pattern_link" VALUES(18,'4',1);
INSERT INTO "pattern_link" VALUES(18,'2',0);
INSERT INTO "pattern_link" VALUES(18,'3',0);
INSERT INTO "pattern_link" VALUES(18,'4',0);
INSERT INTO "pattern_link" VALUES(18,'5',1);
INSERT INTO "pattern_link" VALUES(18,'6',1);
INSERT INTO "pattern_link" VALUES(18,'7',1);
INSERT INTO "pattern_link" VALUES(18,'8',1);
INSERT INTO "pattern_link" VALUES(18,'9',1);
INSERT INTO "pattern_link" VALUES(19,'1',1);
INSERT INTO "pattern_link" VALUES(19,'10',1);
INSERT INTO "pattern_link" VALUES(19,'11',1);
INSERT INTO "pattern_link" VALUES(19,'13',1);
INSERT INTO "pattern_link" VALUES(19,'14',1);
INSERT INTO "pattern_link" VALUES(19,'15',1);
INSERT INTO "pattern_link" VALUES(19,'16',1);
INSERT INTO "pattern_link" VALUES(19,'17',1);
INSERT INTO "pattern_link" VALUES(19,'18',1);
INSERT INTO "pattern_link" VALUES(19,'2',1);
INSERT INTO "pattern_link" VALUES(19,'23',1);
INSERT INTO "pattern_link" VALUES(19,'25',1);
INSERT INTO "pattern_link" VALUES(19,'26',1);
INSERT INTO "pattern_link" VALUES(19,'27',1);
INSERT INTO "pattern_link" VALUES(19,'28',1);
INSERT INTO "pattern_link" VALUES(19,'3',1);
INSERT INTO "pattern_link" VALUES(19,'4',1);
INSERT INTO "pattern_link" VALUES(19,'5',1);
INSERT INTO "pattern_link" VALUES(19,'7',1);
INSERT INTO "pattern_link" VALUES(19,'8',1);
INSERT INTO "pattern_link" VALUES(19,'9',1);
INSERT INTO "pattern_link" VALUES(19,'1',0);
INSERT INTO "pattern_link" VALUES(19,'10',0);
INSERT INTO "pattern_link" VALUES(19,'11',0);
INSERT INTO "pattern_link" VALUES(19,'13',0);
INSERT INTO "pattern_link" VALUES(19,'14',0);
INSERT INTO "pattern_link" VALUES(19,'15',0);
INSERT INTO "pattern_link" VALUES(19,'16',0);
INSERT INTO "pattern_link" VALUES(19,'17',0);
INSERT INTO "pattern_link" VALUES(19,'18',0);
INSERT INTO "pattern_link" VALUES(19,'2',0);
INSERT INTO "pattern_link" VALUES(19,'23',0);
INSERT INTO "pattern_link" VALUES(19,'25',0);
INSERT INTO "pattern_link" VALUES(19,'26',0);
INSERT INTO "pattern_link" VALUES(19,'27',0);
INSERT INTO "pattern_link" VALUES(19,'28',0);
INSERT INTO "pattern_link" VALUES(19,'3',0);
INSERT INTO "pattern_link" VALUES(19,'4',0);
INSERT INTO "pattern_link" VALUES(19,'5',0);
INSERT INTO "pattern_link" VALUES(19,'7',0);
INSERT INTO "pattern_link" VALUES(19,'8',0);
INSERT INTO "pattern_link" VALUES(19,'9',0);
INSERT INTO "pattern_link" VALUES(20,'1',1);
INSERT INTO "pattern_link" VALUES(20,'10',1);
INSERT INTO "pattern_link" VALUES(20,'11',1);
INSERT INTO "pattern_link" VALUES(20,'13',1);
INSERT INTO "pattern_link" VALUES(20,'14',1);
INSERT INTO "pattern_link" VALUES(20,'15',1);
INSERT INTO "pattern_link" VALUES(20,'16',1);
INSERT INTO "pattern_link" VALUES(20,'17',1);
INSERT INTO "pattern_link" VALUES(20,'18',1);
INSERT INTO "pattern_link" VALUES(20,'2',1);
INSERT INTO "pattern_link" VALUES(20,'23',1);
INSERT INTO "pattern_link" VALUES(20,'25',1);
INSERT INTO "pattern_link" VALUES(20,'26',1);
INSERT INTO "pattern_link" VALUES(20,'27',1);
INSERT INTO "pattern_link" VALUES(20,'28',1);
INSERT INTO "pattern_link" VALUES(20,'3',1);
INSERT INTO "pattern_link" VALUES(20,'4',1);
INSERT INTO "pattern_link" VALUES(20,'5',1);
INSERT INTO "pattern_link" VALUES(20,'7',1);
INSERT INTO "pattern_link" VALUES(20,'8',1);
INSERT INTO "pattern_link" VALUES(20,'9',1);
INSERT INTO "pattern_link" VALUES(20,'1',0);
INSERT INTO "pattern_link" VALUES(20,'10',0);
INSERT INTO "pattern_link" VALUES(20,'11',0);
INSERT INTO "pattern_link" VALUES(20,'13',0);
INSERT INTO "pattern_link" VALUES(20,'14',0);
INSERT INTO "pattern_link" VALUES(20,'15',0);
INSERT INTO "pattern_link" VALUES(20,'16',0);
INSERT INTO "pattern_link" VALUES(20,'17',0);
INSERT INTO "pattern_link" VALUES(20,'18',0);
INSERT INTO "pattern_link" VALUES(20,'2',0);
INSERT INTO "pattern_link" VALUES(20,'23',0);
INSERT INTO "pattern_link" VALUES(20,'25',0);
INSERT INTO "pattern_link" VALUES(20,'26',0);
INSERT INTO "pattern_link" VALUES(20,'27',0);
INSERT INTO "pattern_link" VALUES(20,'28',0);
INSERT INTO "pattern_link" VALUES(20,'3',0);
INSERT INTO "pattern_link" VALUES(20,'4',0);
INSERT INTO "pattern_link" VALUES(20,'5',0);
INSERT INTO "pattern_link" VALUES(20,'7',0);
INSERT INTO "pattern_link" VALUES(20,'8',0);
INSERT INTO "pattern_link" VALUES(20,'9',0);
INSERT INTO "pattern_link" VALUES(21,'1',1);
INSERT INTO "pattern_link" VALUES(21,'10',1);
INSERT INTO "pattern_link" VALUES(21,'11',1);
INSERT INTO "pattern_link" VALUES(21,'13',1);
INSERT INTO "pattern_link" VALUES(21,'14',1);
INSERT INTO "pattern_link" VALUES(21,'15',1);
INSERT INTO "pattern_link" VALUES(21,'16',1);
INSERT INTO "pattern_link" VALUES(21,'17',1);
INSERT INTO "pattern_link" VALUES(21,'18',1);
INSERT INTO "pattern_link" VALUES(21,'2',1);
INSERT INTO "pattern_link" VALUES(21,'23',1);
INSERT INTO "pattern_link" VALUES(21,'25',1);
INSERT INTO "pattern_link" VALUES(21,'26',1);
INSERT INTO "pattern_link" VALUES(21,'27',1);
INSERT INTO "pattern_link" VALUES(21,'28',1);
INSERT INTO "pattern_link" VALUES(21,'3',1);
INSERT INTO "pattern_link" VALUES(21,'4',1);
INSERT INTO "pattern_link" VALUES(21,'5',1);
INSERT INTO "pattern_link" VALUES(21,'7',1);
INSERT INTO "pattern_link" VALUES(21,'8',1);
INSERT INTO "pattern_link" VALUES(21,'9',1);
INSERT INTO "pattern_link" VALUES(21,'1',0);
INSERT INTO "pattern_link" VALUES(21,'10',0);
INSERT INTO "pattern_link" VALUES(21,'11',0);
INSERT INTO "pattern_link" VALUES(21,'13',0);
INSERT INTO "pattern_link" VALUES(21,'14',0);
INSERT INTO "pattern_link" VALUES(21,'15',0);
INSERT INTO "pattern_link" VALUES(21,'16',0);
INSERT INTO "pattern_link" VALUES(21,'17',0);
INSERT INTO "pattern_link" VALUES(21,'18',0);
INSERT INTO "pattern_link" VALUES(21,'2',0);
INSERT INTO "pattern_link" VALUES(21,'23',0);
INSERT INTO "pattern_link" VALUES(21,'25',0);
INSERT INTO "pattern_link" VALUES(21,'26',0);
INSERT INTO "pattern_link" VALUES(21,'27',0);
INSERT INTO "pattern_link" VALUES(21,'28',0);
INSERT INTO "pattern_link" VALUES(21,'3',0);
INSERT INTO "pattern_link" VALUES(21,'4',0);
INSERT INTO "pattern_link" VALUES(21,'5',0);
INSERT INTO "pattern_link" VALUES(21,'7',0);
INSERT INTO "pattern_link" VALUES(21,'8',0);
INSERT INTO "pattern_link" VALUES(21,'9',0);
INSERT INTO "pattern_link" VALUES(22,'1',1);
INSERT INTO "pattern_link" VALUES(22,'10',1);
INSERT INTO "pattern_link" VALUES(22,'11',1);
INSERT INTO "pattern_link" VALUES(22,'13',1);
INSERT INTO "pattern_link" VALUES(22,'14',1);
INSERT INTO "pattern_link" VALUES(22,'15',1);
INSERT INTO "pattern_link" VALUES(22,'16',1);
INSERT INTO "pattern_link" VALUES(22,'17',1);
INSERT INTO "pattern_link" VALUES(22,'18',1);
INSERT INTO "pattern_link" VALUES(22,'2',1);
INSERT INTO "pattern_link" VALUES(22,'23',1);
INSERT INTO "pattern_link" VALUES(22,'25',1);
INSERT INTO "pattern_link" VALUES(22,'26',1);
INSERT INTO "pattern_link" VALUES(22,'27',1);
INSERT INTO "pattern_link" VALUES(22,'28',1);
INSERT INTO "pattern_link" VALUES(22,'3',1);
INSERT INTO "pattern_link" VALUES(22,'4',1);
INSERT INTO "pattern_link" VALUES(22,'5',1);
INSERT INTO "pattern_link" VALUES(22,'7',1);
INSERT INTO "pattern_link" VALUES(22,'8',1);
INSERT INTO "pattern_link" VALUES(22,'9',1);
INSERT INTO "pattern_link" VALUES(22,'1',0);
INSERT INTO "pattern_link" VALUES(22,'10',0);
INSERT INTO "pattern_link" VALUES(22,'11',0);
INSERT INTO "pattern_link" VALUES(22,'13',0);
INSERT INTO "pattern_link" VALUES(22,'14',0);
INSERT INTO "pattern_link" VALUES(22,'15',0);
INSERT INTO "pattern_link" VALUES(22,'16',0);
INSERT INTO "pattern_link" VALUES(22,'17',0);
INSERT INTO "pattern_link" VALUES(22,'18',0);
INSERT INTO "pattern_link" VALUES(22,'2',0);
INSERT INTO "pattern_link" VALUES(22,'23',0);
INSERT INTO "pattern_link" VALUES(22,'25',0);
INSERT INTO "pattern_link" VALUES(22,'26',0);
INSERT INTO "pattern_link" VALUES(22,'27',0);
INSERT INTO "pattern_link" VALUES(22,'28',0);
INSERT INTO "pattern_link" VALUES(22,'3',0);
INSERT INTO "pattern_link" VALUES(22,'4',0);
INSERT INTO "pattern_link" VALUES(22,'5',0);
INSERT INTO "pattern_link" VALUES(22,'7',0);
INSERT INTO "pattern_link" VALUES(22,'8',0);
INSERT INTO "pattern_link" VALUES(22,'9',0);
INSERT INTO "pattern_link" VALUES(23,'1',1);
INSERT INTO "pattern_link" VALUES(23,'10',1);
INSERT INTO "pattern_link" VALUES(23,'11',1);
INSERT INTO "pattern_link" VALUES(23,'12',1);
INSERT INTO "pattern_link" VALUES(23,'13',1);
INSERT INTO "pattern_link" VALUES(23,'14',1);
INSERT INTO "pattern_link" VALUES(23,'2',1);
INSERT INTO "pattern_link" VALUES(23,'3',1);
INSERT INTO "pattern_link" VALUES(23,'4',1);
INSERT INTO "pattern_link" VALUES(23,'5',1);
INSERT INTO "pattern_link" VALUES(23,'6',1);
INSERT INTO "pattern_link" VALUES(23,'7',1);
INSERT INTO "pattern_link" VALUES(23,'8',1);
INSERT INTO "pattern_link" VALUES(23,'9',1);
INSERT INTO "pattern_link" VALUES(25,'1',0);
INSERT INTO "pattern_link" VALUES(25,'10',1);
INSERT INTO "pattern_link" VALUES(25,'11',1);
INSERT INTO "pattern_link" VALUES(25,'12',1);
INSERT INTO "pattern_link" VALUES(25,'13',1);
INSERT INTO "pattern_link" VALUES(25,'14',1);
INSERT INTO "pattern_link" VALUES(25,'15',0);
INSERT INTO "pattern_link" VALUES(25,'16',0);
INSERT INTO "pattern_link" VALUES(25,'17',0);
INSERT INTO "pattern_link" VALUES(25,'18',0);
INSERT INTO "pattern_link" VALUES(25,'2',0);
INSERT INTO "pattern_link" VALUES(25,'3',0);
INSERT INTO "pattern_link" VALUES(25,'4',0);
INSERT INTO "pattern_link" VALUES(25,'5',1);
INSERT INTO "pattern_link" VALUES(25,'6',1);
INSERT INTO "pattern_link" VALUES(25,'7',1);
INSERT INTO "pattern_link" VALUES(25,'8',1);
INSERT INTO "pattern_link" VALUES(25,'9',1);
INSERT INTO "pattern_link" VALUES(26,'1',0);
INSERT INTO "pattern_link" VALUES(26,'10',1);
INSERT INTO "pattern_link" VALUES(26,'11',1);
INSERT INTO "pattern_link" VALUES(26,'12',1);
INSERT INTO "pattern_link" VALUES(26,'13',1);
INSERT INTO "pattern_link" VALUES(26,'14',1);
INSERT INTO "pattern_link" VALUES(26,'15',0);
INSERT INTO "pattern_link" VALUES(26,'16',0);
INSERT INTO "pattern_link" VALUES(26,'17',0);
INSERT INTO "pattern_link" VALUES(26,'18',0);
INSERT INTO "pattern_link" VALUES(26,'2',0);
INSERT INTO "pattern_link" VALUES(26,'3',0);
INSERT INTO "pattern_link" VALUES(26,'4',0);
INSERT INTO "pattern_link" VALUES(26,'5',1);
INSERT INTO "pattern_link" VALUES(26,'6',1);
INSERT INTO "pattern_link" VALUES(26,'7',1);
INSERT INTO "pattern_link" VALUES(26,'8',1);
INSERT INTO "pattern_link" VALUES(26,'9',1);
INSERT INTO "pattern_link" VALUES(27,'1',0);
INSERT INTO "pattern_link" VALUES(27,'10',1);
INSERT INTO "pattern_link" VALUES(27,'11',1);
INSERT INTO "pattern_link" VALUES(27,'12',1);
INSERT INTO "pattern_link" VALUES(27,'13',1);
INSERT INTO "pattern_link" VALUES(27,'14',1);
INSERT INTO "pattern_link" VALUES(27,'15',0);
INSERT INTO "pattern_link" VALUES(27,'16',0);
INSERT INTO "pattern_link" VALUES(27,'17',0);
INSERT INTO "pattern_link" VALUES(27,'18',0);
INSERT INTO "pattern_link" VALUES(27,'2',0);
INSERT INTO "pattern_link" VALUES(27,'3',0);
INSERT INTO "pattern_link" VALUES(27,'4',0);
INSERT INTO "pattern_link" VALUES(27,'5',1);
INSERT INTO "pattern_link" VALUES(27,'6',1);
INSERT INTO "pattern_link" VALUES(27,'7',1);
INSERT INTO "pattern_link" VALUES(27,'8',1);
INSERT INTO "pattern_link" VALUES(27,'9',1);
INSERT INTO "pattern_link" VALUES(28,'1',0);
INSERT INTO "pattern_link" VALUES(28,'10',1);
INSERT INTO "pattern_link" VALUES(28,'11',1);
INSERT INTO "pattern_link" VALUES(28,'12',1);
INSERT INTO "pattern_link" VALUES(28,'13',1);
INSERT INTO "pattern_link" VALUES(28,'14',1);
INSERT INTO "pattern_link" VALUES(28,'15',0);
INSERT INTO "pattern_link" VALUES(28,'16',0);
INSERT INTO "pattern_link" VALUES(28,'17',0);
INSERT INTO "pattern_link" VALUES(28,'18',0);
INSERT INTO "pattern_link" VALUES(28,'2',0);
INSERT INTO "pattern_link" VALUES(28,'3',0);
INSERT INTO "pattern_link" VALUES(28,'4',0);
INSERT INTO "pattern_link" VALUES(28,'5',1);
INSERT INTO "pattern_link" VALUES(28,'6',1);
INSERT INTO "pattern_link" VALUES(28,'7',1);
INSERT INTO "pattern_link" VALUES(28,'8',1);
INSERT INTO "pattern_link" VALUES(28,'9',1);
INSERT INTO "pattern_link" VALUES(29,'30',1);
INSERT INTO "pattern_link" VALUES(29,'31',1);
INSERT INTO "pattern_link" VALUES(29,'32',1);
INSERT INTO "pattern_link" VALUES(30,'29',1);
INSERT INTO "pattern_link" VALUES(30,'31',1);
INSERT INTO "pattern_link" VALUES(30,'32',1);
INSERT INTO "pattern_link" VALUES(31,'29',1);
INSERT INTO "pattern_link" VALUES(31,'30',1);
INSERT INTO "pattern_link" VALUES(31,'32',1);
INSERT INTO "pattern_link" VALUES(32,'29',1);
INSERT INTO "pattern_link" VALUES(32,'30',1);
INSERT INTO "pattern_link" VALUES(32,'31',1);
INSERT INTO "pattern_link" VALUES(33,'34',1);
INSERT INTO "pattern_link" VALUES(34,'35',0);
INSERT INTO "pattern_link" VALUES(35,'36',1);
INSERT INTO "pattern_link" VALUES(36,'37',0);
INSERT INTO "pattern_link" VALUES(33,'35',1);
INSERT INTO "pattern_link" VALUES(34,'38',0);
INSERT INTO "pattern_link" VALUES(38,'37',0);
INSERT INTO "pattern_link" VALUES(35,'39',1);
INSERT INTO "pattern_link" VALUES(40,'36',1);
INSERT INTO "pattern_link" VALUES(33,'38',1);
INSERT INTO "pattern_link" VALUES(34,'37',0);
INSERT INTO "pattern_link" VALUES(41,'37',0);
INSERT INTO "pattern_link" VALUES(33,'39',1);
INSERT INTO "pattern_link" VALUES(43,'44',1);
INSERT INTO "pattern_link" VALUES(44,'45',0);
INSERT INTO "pattern_link" VALUES(45,'46',1);
INSERT INTO "pattern_link" VALUES(46,'47',0);
INSERT INTO "pattern_link" VALUES(43,'45',1);
INSERT INTO "pattern_link" VALUES(44,'48',0);
INSERT INTO "pattern_link" VALUES(48,'47',0);
INSERT INTO "pattern_link" VALUES(45,'49',1);
INSERT INTO "pattern_link" VALUES(50,'46',1);
INSERT INTO "pattern_link" VALUES(43,'48',1);
INSERT INTO "pattern_link" VALUES(44,'47',0);
INSERT INTO "pattern_link" VALUES(51,'47',0);
INSERT INTO "pattern_link" VALUES(43,'49',1);
INSERT INTO "pattern_link" VALUES(53,'54',1);
INSERT INTO "pattern_link" VALUES(54,'55',0);
INSERT INTO "pattern_link" VALUES(55,'56',1);
INSERT INTO "pattern_link" VALUES(56,'57',0);
INSERT INTO "pattern_link" VALUES(53,'55',1);
INSERT INTO "pattern_link" VALUES(54,'58',0);
INSERT INTO "pattern_link" VALUES(58,'57',0);
INSERT INTO "pattern_link" VALUES(55,'59',1);
INSERT INTO "pattern_link" VALUES(60,'56',1);
INSERT INTO "pattern_link" VALUES(53,'58',1);
INSERT INTO "pattern_link" VALUES(54,'57',0);
INSERT INTO "pattern_link" VALUES(61,'57',0);
INSERT INTO "pattern_link" VALUES(53,'59',1);
INSERT INTO "pattern_link" VALUES(63,'64',1);
INSERT INTO "pattern_link" VALUES(64,'65',0);
INSERT INTO "pattern_link" VALUES(65,'66',1);
INSERT INTO "pattern_link" VALUES(66,'67',0);
INSERT INTO "pattern_link" VALUES(63,'65',1);
INSERT INTO "pattern_link" VALUES(64,'68',0);
INSERT INTO "pattern_link" VALUES(68,'67',0);
INSERT INTO "pattern_link" VALUES(65,'69',1);
INSERT INTO "pattern_link" VALUES(70,'66',1);
INSERT INTO "pattern_link" VALUES(63,'68',1);
INSERT INTO "pattern_link" VALUES(64,'67',0);
INSERT INTO "pattern_link" VALUES(71,'67',0);
INSERT INTO "pattern_link" VALUES(63,'69',1);
INSERT INTO "pattern_link" VALUES(73,'74',1);
INSERT INTO "pattern_link" VALUES(74,'75',0);
INSERT INTO "pattern_link" VALUES(75,'76',1);
INSERT INTO "pattern_link" VALUES(76,'77',0);
INSERT INTO "pattern_link" VALUES(73,'75',1);
INSERT INTO "pattern_link" VALUES(74,'78',0);
INSERT INTO "pattern_link" VALUES(78,'77',0);
INSERT INTO "pattern_link" VALUES(75,'79',1);
INSERT INTO "pattern_link" VALUES(80,'76',1);
INSERT INTO "pattern_link" VALUES(73,'78',1);
INSERT INTO "pattern_link" VALUES(74,'77',0);
INSERT INTO "pattern_link" VALUES(81,'77',0);
INSERT INTO "pattern_link" VALUES(73,'79',1);
CREATE TABLE `question` (            `questionNo` INTEGER PRIMARY KEY AUTOINCREMENT NOT NULL ,            `mood` varchar(50) DEFAULT NULL,            `tag` varchar(50) DEFAULT NULL        );
INSERT INTO "question" VALUES(1,'心情1','美食');
INSERT INTO "question" VALUES(2,'心情1','購物');
INSERT INTO "question" VALUES(3,'心情1','旅遊');
INSERT INTO "question" VALUES(4,'心情1','休閒娛樂');
INSERT INTO "question" VALUES(5,'心情1','戀愛');
INSERT INTO "question" VALUES(6,'心情2','美食');
INSERT INTO "question" VALUES(7,'心情2','購物');
INSERT INTO "question" VALUES(8,'心情2','旅遊');
INSERT INTO "question" VALUES(9,'心情2','休閒娛樂');
INSERT INTO "question" VALUES(10,'心情2','戀愛');
INSERT INTO "question" VALUES(11,'心情3','美食');
INSERT INTO "question" VALUES(12,'心情3','購物');
INSERT INTO "question" VALUES(13,'心情3','旅遊');
INSERT INTO "question" VALUES(14,'心情3','休閒娛樂');
INSERT INTO "question" VALUES(15,'心情3','戀愛');
INSERT INTO "question" VALUES(16,'心情4','美食');
INSERT INTO "question" VALUES(17,'心情4','購物');
INSERT INTO "question" VALUES(18,'心情4','旅遊');
INSERT INTO "question" VALUES(19,'心情4','休閒娛樂');
INSERT INTO "question" VALUES(20,'心情4','戀愛');
INSERT INTO "question" VALUES(21,'心情5','美食');
INSERT INTO "question" VALUES(22,'心情5','購物');
INSERT INTO "question" VALUES(23,'心情5','旅遊');
INSERT INTO "question" VALUES(24,'心情5','休閒娛樂');
INSERT INTO "question" VALUES(25,'心情5','戀愛');
CREATE TABLE `questionclass` (            `questionClassNo` INTEGER PRIMARY KEY AUTOINCREMENT NOT NULL ,            `questionNo` INTEGER DEFAULT NULL,            `questionClass` varchar(50) DEFAULT NULL,            FOREIGN KEY (`questionNo`) REFERENCES `question` (`questionNo`) ON DELETE CASCADE ON UPDATE CASCADE        );
INSERT INTO "questionclass" VALUES(1,1,'what');
INSERT INTO "questionclass" VALUES(2,1,'why');
INSERT INTO "questionclass" VALUES(3,1,'where');
INSERT INTO "questionclass" VALUES(4,1,'when');
INSERT INTO "questionclass" VALUES(5,1,'who');
INSERT INTO "questionclass" VALUES(6,1,'how');
INSERT INTO "questionclass" VALUES(7,2,'what');
INSERT INTO "questionclass" VALUES(8,2,'why');
INSERT INTO "questionclass" VALUES(9,2,'where');
INSERT INTO "questionclass" VALUES(10,2,'when');
INSERT INTO "questionclass" VALUES(11,2,'who');
INSERT INTO "questionclass" VALUES(12,2,'how');
INSERT INTO "questionclass" VALUES(13,3,'what');
INSERT INTO "questionclass" VALUES(14,3,'why');
INSERT INTO "questionclass" VALUES(15,3,'where');
INSERT INTO "questionclass" VALUES(16,3,'when');
INSERT INTO "questionclass" VALUES(17,3,'who');
INSERT INTO "questionclass" VALUES(18,3,'how');
INSERT INTO "questionclass" VALUES(19,4,'what');
INSERT INTO "questionclass" VALUES(20,4,'why');
INSERT INTO "questionclass" VALUES(21,4,'where');
INSERT INTO "questionclass" VALUES(22,4,'when');
INSERT INTO "questionclass" VALUES(23,4,'who');
INSERT INTO "questionclass" VALUES(24,4,'how');
INSERT INTO "questionclass" VALUES(25,5,'what');
INSERT INTO "questionclass" VALUES(26,5,'why');
INSERT INTO "questionclass" VALUES(27,5,'where');
INSERT INTO "questionclass" VALUES(28,5,'when');
INSERT INTO "questionclass" VALUES(29,5,'who');
INSERT INTO "questionclass" VALUES(30,5,'how');
INSERT INTO "questionclass" VALUES(31,6,'what');
INSERT INTO "questionclass" VALUES(32,6,'why');
INSERT INTO "questionclass" VALUES(33,6,'where');
INSERT INTO "questionclass" VALUES(34,6,'when');
INSERT INTO "questionclass" VALUES(35,6,'who');
INSERT INTO "questionclass" VALUES(36,6,'how');
INSERT INTO "questionclass" VALUES(37,7,'what');
INSERT INTO "questionclass" VALUES(38,7,'why');
INSERT INTO "questionclass" VALUES(39,7,'where');
INSERT INTO "questionclass" VALUES(40,7,'when');
INSERT INTO "questionclass" VALUES(41,7,'who');
INSERT INTO "questionclass" VALUES(42,7,'how');
INSERT INTO "questionclass" VALUES(43,8,'what');
INSERT INTO "questionclass" VALUES(44,8,'why');
INSERT INTO "questionclass" VALUES(45,8,'where');
INSERT INTO "questionclass" VALUES(46,8,'when');
INSERT INTO "questionclass" VALUES(47,8,'who');
INSERT INTO "questionclass" VALUES(48,8,'how');
INSERT INTO "questionclass" VALUES(49,12,'what');
INSERT INTO "questionclass" VALUES(50,12,'why');
INSERT INTO "questionclass" VALUES(51,12,'where');
INSERT INTO "questionclass" VALUES(52,12,'when');
INSERT INTO "questionclass" VALUES(53,12,'who');
INSERT INTO "questionclass" VALUES(54,17,'what');
INSERT INTO "questionclass" VALUES(55,17,'why');
INSERT INTO "questionclass" VALUES(56,17,'where');
INSERT INTO "questionclass" VALUES(57,17,'when');
INSERT INTO "questionclass" VALUES(58,17,'who');
INSERT INTO "questionclass" VALUES(59,22,'what');
INSERT INTO "questionclass" VALUES(60,22,'why');
INSERT INTO "questionclass" VALUES(61,22,'where');
INSERT INTO "questionclass" VALUES(62,22,'when');
INSERT INTO "questionclass" VALUES(63,22,'who');
INSERT INTO "questionclass" VALUES(64,12,'how');
INSERT INTO "questionclass" VALUES(65,17,'how');
INSERT INTO "questionclass" VALUES(66,22,'how');
CREATE TABLE `questioncontent` (            `questionContentNo` INTEGER PRIMARY KEY AUTOINCREMENT NOT NULL ,            `questionClassNo` INTEGER DEFAULT NULL,            `questionContent` varchar(255) DEFAULT NULL,            FOREIGN KEY (`questionClassNo`) REFERENCES `questionclass` (`questionClassNo`) ON DELETE CASCADE ON UPDATE CASCADE,            UNIQUE(questionClassNo, questionContent)        );
INSERT INTO "questioncontent" VALUES(1,1,'今天吃了甚麼呀~心情很好喔');
INSERT INTO "questioncontent" VALUES(2,1,'吃了什麼美食讓你心情這麼好?');
INSERT INTO "questioncontent" VALUES(3,1,'讓你心情這麼好的美食是什麼呢?');
INSERT INTO "questioncontent" VALUES(4,2,'為甚麼會想去吃這個美食');
INSERT INTO "questioncontent" VALUES(5,2,'心情不錯的時候都會去吃嗎');
INSERT INTO "questioncontent" VALUES(6,2,'吃了這個美食會讓你有好心情嗎');
INSERT INTO "questioncontent" VALUES(7,3,'你在哪裡吃的呢?');
INSERT INTO "questioncontent" VALUES(8,3,'這個美食位於哪裡呢?');
INSERT INTO "questioncontent" VALUES(9,3,'賣這個食物的地點在哪裡~');
INSERT INTO "questioncontent" VALUES(10,4,'甚麼時候去吃的~');
INSERT INTO "questioncontent" VALUES(11,4,'是晚餐的時候去吃的嗎?還是其他時間?');
INSERT INTO "questioncontent" VALUES(12,4,'吃了多久呢~');
INSERT INTO "questioncontent" VALUES(13,5,'跟誰去吃呢~跟朋友嗎?');
INSERT INTO "questioncontent" VALUES(14,5,'自己去吃嗎?');
INSERT INTO "questioncontent" VALUES(15,5,'下次想自己吃還是跟其他人去吃呢?');
INSERT INTO "questioncontent" VALUES(16,6,'你對於這份美食的感受?');
INSERT INTO "questioncontent" VALUES(17,6,'這份美食給你的感覺如何呀？');
INSERT INTO "questioncontent" VALUES(18,7,'今天去買了什麼呢?');
INSERT INTO "questioncontent" VALUES(19,7,'你今天買了什麼呢~');
INSERT INTO "questioncontent" VALUES(20,7,'今天買了什麼呢');
INSERT INTO "questioncontent" VALUES(21,8,'為甚麼會想買這個~');
INSERT INTO "questioncontent" VALUES(22,8,'買這個的原因是什麼呢?');
INSERT INTO "questioncontent" VALUES(23,8,'為甚麼想買這個呢~');
INSERT INTO "questioncontent" VALUES(24,9,'去哪裡買這個呢?');
INSERT INTO "questioncontent" VALUES(25,9,'你今天去哪裡買呢~');
INSERT INTO "questioncontent" VALUES(26,9,'這是在哪裡買的呢');
INSERT INTO "questioncontent" VALUES(27,10,'什麼時候去買的呢~');
INSERT INTO "questioncontent" VALUES(28,10,'什麼時間去買的呢?');
INSERT INTO "questioncontent" VALUES(29,10,'大概什麼時候買的?');
INSERT INTO "questioncontent" VALUES(30,11,'有誰和你一起去買呢?');
INSERT INTO "questioncontent" VALUES(31,11,'有邀請誰與你同行呢?');
INSERT INTO "questioncontent" VALUES(32,11,'有找人一起去買嗎?');
INSERT INTO "questioncontent" VALUES(33,12,'買這個感覺如何呢?');
INSERT INTO "questioncontent" VALUES(34,12,'今天買東西感覺如何?');
INSERT INTO "questioncontent" VALUES(35,12,'買完後了感覺如何?');
INSERT INTO "questioncontent" VALUES(36,37,'今天去買了什麼呢?');
INSERT INTO "questioncontent" VALUES(37,37,'你今天買了什麼呢~');
INSERT INTO "questioncontent" VALUES(38,37,'今天買了什麼呢');
INSERT INTO "questioncontent" VALUES(39,38,'為甚麼會想買這個~');
INSERT INTO "questioncontent" VALUES(40,38,'買這個的原因是什麼呢?');
INSERT INTO "questioncontent" VALUES(41,38,'為甚麼想買這個呢~');
INSERT INTO "questioncontent" VALUES(42,39,'去哪裡買這個呢?');
INSERT INTO "questioncontent" VALUES(43,39,'你今天去哪裡買呢~');
INSERT INTO "questioncontent" VALUES(44,39,'這是在哪裡買的呢');
INSERT INTO "questioncontent" VALUES(45,40,'什麼時候去買的呢~');
INSERT INTO "questioncontent" VALUES(46,40,'什麼時間去買的呢?');
INSERT INTO "questioncontent" VALUES(47,40,'大概什麼時候買的?');
INSERT INTO "questioncontent" VALUES(48,41,'有誰和你一起去買呢?');
INSERT INTO "questioncontent" VALUES(49,41,'有邀請誰與你同行呢?');
INSERT INTO "questioncontent" VALUES(50,41,'有找人一起去買嗎?');
INSERT INTO "questioncontent" VALUES(51,42,'買這個感覺如何呢?');
INSERT INTO "questioncontent" VALUES(52,42,'今天買東西感覺如何?');
INSERT INTO "questioncontent" VALUES(53,42,'買完後了感覺如何?');
INSERT INTO "questioncontent" VALUES(54,49,'今天去買了什麼呢?');
INSERT INTO "questioncontent" VALUES(55,49,'你今天買了什麼呢~');
INSERT INTO "questioncontent" VALUES(56,49,'今天買了什麼呢');
INSERT INTO "questioncontent" VALUES(57,50,'為甚麼會想買這個~');
INSERT INTO "questioncontent" VALUES(58,50,'買這個的原因是什麼呢?');
INSERT INTO "questioncontent" VALUES(59,50,'為甚麼想買這個呢~');
INSERT INTO "questioncontent" VALUES(60,51,'去哪裡買這個呢?');
INSERT INTO "questioncontent" VALUES(61,51,'你今天去哪裡買呢~');
INSERT INTO "questioncontent" VALUES(62,51,'這是在哪裡買的呢');
INSERT INTO "questioncontent" VALUES(63,52,'什麼時候去買的呢~');
INSERT INTO "questioncontent" VALUES(64,52,'什麼時間去買的呢?');
INSERT INTO "questioncontent" VALUES(65,52,'大概什麼時候買的?');
INSERT INTO "questioncontent" VALUES(66,53,'有誰和你一起去買呢?');
INSERT INTO "questioncontent" VALUES(67,53,'有邀請誰與你同行呢?');
INSERT INTO "questioncontent" VALUES(68,53,'有找人一起去買嗎?');
INSERT INTO "questioncontent" VALUES(69,64,'心情普通的你覺得如何?');
INSERT INTO "questioncontent" VALUES(70,64,'今天買東西感覺如何?');
INSERT INTO "questioncontent" VALUES(71,64,'買完後了感覺如何?');
INSERT INTO "questioncontent" VALUES(72,54,'今天去買了什麼呢?');
INSERT INTO "questioncontent" VALUES(73,54,'你今天買了什麼呢~');
INSERT INTO "questioncontent" VALUES(74,54,'今天買了什麼呢');
INSERT INTO "questioncontent" VALUES(75,55,'為甚麼會想買這個~');
INSERT INTO "questioncontent" VALUES(76,55,'買這個的原因是什麼呢?');
INSERT INTO "questioncontent" VALUES(77,55,'為甚麼想買這個呢~');
INSERT INTO "questioncontent" VALUES(78,56,'去哪裡買這個呢?');
INSERT INTO "questioncontent" VALUES(79,56,'你今天去哪裡買呢~');
INSERT INTO "questioncontent" VALUES(80,56,'這是在哪裡買的呢');
INSERT INTO "questioncontent" VALUES(81,57,'什麼時候去買的呢~');
INSERT INTO "questioncontent" VALUES(82,57,'什麼時間去買的呢?');
INSERT INTO "questioncontent" VALUES(83,57,'大概什麼時候買的?');
INSERT INTO "questioncontent" VALUES(84,58,'有誰和你一起去買呢?');
INSERT INTO "questioncontent" VALUES(85,58,'有邀請誰與你同行呢?');
INSERT INTO "questioncontent" VALUES(86,58,'有找人一起去買嗎?');
INSERT INTO "questioncontent" VALUES(87,65,'買這個感覺如何呢?');
INSERT INTO "questioncontent" VALUES(88,65,'今天買東西感覺如何?');
INSERT INTO "questioncontent" VALUES(89,65,'買完後了感覺如何?');
INSERT INTO "questioncontent" VALUES(90,59,'今天去買了什麼呢?');
INSERT INTO "questioncontent" VALUES(91,59,'你今天買了什麼呢~');
INSERT INTO "questioncontent" VALUES(92,59,'今天買了什麼呢');
INSERT INTO "questioncontent" VALUES(93,60,'為甚麼會想買這個~');
INSERT INTO "questioncontent" VALUES(94,60,'買這個的原因是什麼呢?');
INSERT INTO "questioncontent" VALUES(95,60,'為甚麼想買這個呢~');
INSERT INTO "questioncontent" VALUES(96,61,'去哪裡買這個呢?');
INSERT INTO "questioncontent" VALUES(97,61,'你今天去哪裡買呢~');
INSERT INTO "questioncontent" VALUES(98,61,'這是在哪裡買的呢');
INSERT INTO "questioncontent" VALUES(99,62,'什麼時候去買的呢~');
INSERT INTO "questioncontent" VALUES(100,62,'什麼時間去買的呢?');
INSERT INTO "questioncontent" VALUES(101,62,'大概什麼時候買的?');
INSERT INTO "questioncontent" VALUES(102,63,'有誰和你一起去買呢?');
INSERT INTO "questioncontent" VALUES(103,63,'有邀請誰與你同行呢?');
INSERT INTO "questioncontent" VALUES(104,63,'有找人一起去買嗎?');
INSERT INTO "questioncontent" VALUES(105,66,'買這個感覺如何呢?');
INSERT INTO "questioncontent" VALUES(106,66,'今天買東西感覺如何?');
INSERT INTO "questioncontent" VALUES(107,66,'買完後了感覺如何?');
CREATE TABLE `sentence_pattern` (            `sentencePatternNo` INTEGER PRIMARY KEY AUTOINCREMENT NOT NULL,            `pattern` varchar(255) NOT NULL,            `questionClassNo` INTEGER NOT NULL,            FOREIGN KEY (`questionClassNo`) REFERENCES `questionclass` (`questionClassNo`),            UNIQUE(pattern, questionClassNo)        );
INSERT INTO "sentence_pattern" VALUES(1,'吃了一份_option_',1);
INSERT INTO "sentence_pattern" VALUES(2,'享用了_option_',1);
INSERT INTO "sentence_pattern" VALUES(3,'喝了_option_',1);
INSERT INTO "sentence_pattern" VALUES(4,'小酌了_option_',1);
INSERT INTO "sentence_pattern" VALUES(5,'沒什麼特別原因',2);
INSERT INTO "sentence_pattern" VALUES(6,'沒為什麼',2);
INSERT INTO "sentence_pattern" VALUES(7,'因為_option_',2);
INSERT INTO "sentence_pattern" VALUES(8,'因為肚子餓了',2);
INSERT INTO "sentence_pattern" VALUES(9,'因為有_option_要參加',2);
INSERT INTO "sentence_pattern" VALUES(10,'因為要_option_',2);
INSERT INTO "sentence_pattern" VALUES(11,'為了_option_',2);
INSERT INTO "sentence_pattern" VALUES(12,'因為這道料理很_option_',2);
INSERT INTO "sentence_pattern" VALUES(13,'為了要解饞',2);
INSERT INTO "sentence_pattern" VALUES(14,'因為想_option_',2);
INSERT INTO "sentence_pattern" VALUES(15,'去了一家_option_',3);
INSERT INTO "sentence_pattern" VALUES(16,'在_option_',3);
INSERT INTO "sentence_pattern" VALUES(17,'去_option_',3);
INSERT INTO "sentence_pattern" VALUES(18,'待在_option_',3);
INSERT INTO "sentence_pattern" VALUES(19,'在_option_的時候',4);
INSERT INTO "sentence_pattern" VALUES(20,'早晨時',4);
INSERT INTO "sentence_pattern" VALUES(21,'日落後',4);
INSERT INTO "sentence_pattern" VALUES(22,'半夜時',4);
INSERT INTO "sentence_pattern" VALUES(23,'跟_option_在一起',5);
INSERT INTO "sentence_pattern" VALUES(24,'過程中有_opotion_的陪伴',5);
INSERT INTO "sentence_pattern" VALUES(25,'和_option_',5);
INSERT INTO "sentence_pattern" VALUES(26,'和_option_一起',5);
INSERT INTO "sentence_pattern" VALUES(27,'自己一個人',5);
INSERT INTO "sentence_pattern" VALUES(28,'一個人',5);
INSERT INTO "sentence_pattern" VALUES(29,'嚐起來_multiOption_',6);
INSERT INTO "sentence_pattern" VALUES(30,'看起來_multiOption_',6);
INSERT INTO "sentence_pattern" VALUES(31,'可以聞到_multiOption_的味道',6);
INSERT INTO "sentence_pattern" VALUES(32,'有_multiOption_的口感',6);
INSERT INTO "sentence_pattern" VALUES(33,'今天_option_的時候',10);
INSERT INTO "sentence_pattern" VALUES(34,'我和_option_',11);
INSERT INTO "sentence_pattern" VALUES(35,'因為_option_',8);
INSERT INTO "sentence_pattern" VALUES(36,'所以到_option_',9);
INSERT INTO "sentence_pattern" VALUES(37,'買_option_',7);
INSERT INTO "sentence_pattern" VALUES(38,'到_option_',9);
INSERT INTO "sentence_pattern" VALUES(39,'去買_option_',7);
INSERT INTO "sentence_pattern" VALUES(40,'今天_option_',8);
INSERT INTO "sentence_pattern" VALUES(41,'今天到_option_',9);
INSERT INTO "sentence_pattern" VALUES(42,'今天去買_option_',7);
INSERT INTO "sentence_pattern" VALUES(43,'今天_option_的時候',40);
INSERT INTO "sentence_pattern" VALUES(44,'我和_option_',41);
INSERT INTO "sentence_pattern" VALUES(45,'因為_option_',38);
INSERT INTO "sentence_pattern" VALUES(46,'所以到_option_',39);
INSERT INTO "sentence_pattern" VALUES(47,'買_option_',37);
INSERT INTO "sentence_pattern" VALUES(48,'到_option_',39);
INSERT INTO "sentence_pattern" VALUES(49,'去買_option_',37);
INSERT INTO "sentence_pattern" VALUES(50,'今天_option_',38);
INSERT INTO "sentence_pattern" VALUES(51,'今天到_option_',39);
INSERT INTO "sentence_pattern" VALUES(52,'今天去買_option_',37);
INSERT INTO "sentence_pattern" VALUES(53,'今天_option_的時候',52);
INSERT INTO "sentence_pattern" VALUES(54,'我和_option_',53);
INSERT INTO "sentence_pattern" VALUES(55,'因為_option_',50);
INSERT INTO "sentence_pattern" VALUES(56,'所以到_option_',51);
INSERT INTO "sentence_pattern" VALUES(57,'買_option_',49);
INSERT INTO "sentence_pattern" VALUES(58,'到_option_',51);
INSERT INTO "sentence_pattern" VALUES(59,'去買_option_',49);
INSERT INTO "sentence_pattern" VALUES(60,'今天_option_',50);
INSERT INTO "sentence_pattern" VALUES(61,'今天到_option_',51);
INSERT INTO "sentence_pattern" VALUES(62,'今天去買_option_',49);
INSERT INTO "sentence_pattern" VALUES(63,'今天_option_的時候',57);
INSERT INTO "sentence_pattern" VALUES(64,'我和_option_',58);
INSERT INTO "sentence_pattern" VALUES(65,'因為_option_',55);
INSERT INTO "sentence_pattern" VALUES(66,'所以到_option_',56);
INSERT INTO "sentence_pattern" VALUES(67,'買_option_',54);
INSERT INTO "sentence_pattern" VALUES(68,'到_option_',56);
INSERT INTO "sentence_pattern" VALUES(69,'去買_option_',54);
INSERT INTO "sentence_pattern" VALUES(70,'今天_option_',55);
INSERT INTO "sentence_pattern" VALUES(71,'今天到_option_',56);
INSERT INTO "sentence_pattern" VALUES(72,'今天去買_option_',54);
INSERT INTO "sentence_pattern" VALUES(73,'今天_option_的時候',62);
INSERT INTO "sentence_pattern" VALUES(74,'我和_option_',63);
INSERT INTO "sentence_pattern" VALUES(75,'因為_option_',60);
INSERT INTO "sentence_pattern" VALUES(76,'所以到_option_',61);
INSERT INTO "sentence_pattern" VALUES(77,'買_option_',59);
INSERT INTO "sentence_pattern" VALUES(78,'到_option_',61);
INSERT INTO "sentence_pattern" VALUES(79,'去買_option_',59);
INSERT INTO "sentence_pattern" VALUES(80,'今天_option_',60);
INSERT INTO "sentence_pattern" VALUES(81,'今天到_option_',61);
INSERT INTO "sentence_pattern" VALUES(82,'今天去買_option_',59);
DELETE FROM "sqlite_sequence";
INSERT INTO "sqlite_sequence" VALUES('question',25);
INSERT INTO "sqlite_sequence" VALUES('questionclass',66);
INSERT INTO "sqlite_sequence" VALUES('questioncontent',107);
INSERT INTO "sqlite_sequence" VALUES('option',179);
INSERT INTO "sqlite_sequence" VALUES('how_describe',28);
INSERT INTO "sqlite_sequence" VALUES('sentence_pattern',82);
COMMIT;